{
    "target_eff_poses": [
        [
            [
                -0.36626726388931274,
                -0.28553539514541626,
                0.6631211638450623
            ],
            [
                0.06334424763917923,
                0.004871584940701723,
                0.9042524099349976,
                0.4222456216812134
            ]
        ]
    ],
    "start_goal_config": [
        null
    ],
    "start_config": [
        [
            -3.1801465898662755,
            -2.7209706970095886,
            2.160986511618974,
            -0.856456922814556,
            -1.9402417387295596,
            1.0564554599007385e-05
        ]
    ],
    "goal_config": [
        [
            -2.6227662317253015,
            -2.931383730605337,
            1.0811602321739349,
            -1.4184986376528468,
            -2.08417512920438,
            3.575807379670978e-05
        ]
    ],
    "base_poses": [
        [
            [
                -0.7465945897911841,
                -0.09381298569998253,
                0.0
            ],
            [
                0.0,
                0.0,
                -0.42556759626980795,
                0.9049266384658691
            ]
        ]
    ],
    "difficulty": 0.0,
    "dynamic_speed": null,
    "ur5_count": 1,
    "id": "000058",
    "task_path": "/home/huy/programming/projects/workspace-sharing-multiarm/src/data/8f14d7-hard-vlo-tasks/000058.json"
}