{
    "target_eff_poses": [
        [
            [
                0.29834461212158203,
                0.307059109210968,
                0.5764028429985046
            ],
            [
                0.10719218850135803,
                0.5270820260047913,
                -0.47342491149902344,
                0.697540819644928
            ]
        ],
        [
            [
                0.19551141560077667,
                -0.8770555257797241,
                0.6838818788528442
            ],
            [
                -0.17165468633174896,
                0.1624324768781662,
                0.6997019648551941,
                0.6742162704467773
            ]
        ],
        [
            [
                -0.6026515960693359,
                -0.015121200121939182,
                0.6607604026794434
            ],
            [
                -0.41183289885520935,
                0.07470637559890747,
                0.5880371332168579,
                0.6921162605285645
            ]
        ],
        [
            [
                -0.41383472084999084,
                0.8344588279724121,
                0.48149704933166504
            ],
            [
                -0.34483468532562256,
                0.4570630192756653,
                0.25720757246017456,
                0.7784771919250488
            ]
        ]
    ],
    "start_goal_config": [
        null,
        null,
        null,
        null
    ],
    "start_config": [
        [
            -2.631090747485584,
            -2.2006356091067047,
            1.7261782320431363,
            -1.3348473061696313,
            -1.440724821891025,
            -4.27110349490252e-09
        ],
        [
            -3.8058986677713005,
            -2.344922941898012,
            1.560332523016185,
            -1.3765473399488417,
            -2.1259961490341137,
            2.594706079762429e-05
        ],
        [
            -2.95111592193118,
            -2.815043722716269,
            1.6377715618981952,
            -1.187837894508342,
            -1.9558100455475604,
            5.563834042353642e-06
        ],
        [
            -5.186634678315061,
            -1.4565656332034982,
            1.1956443484679273,
            -1.654950567603701,
            -2.6102200297748066,
            6.092464628825758e-05
        ]
    ],
    "goal_config": [
        [
            -4.397397410617033,
            -1.6550989975311898,
            1.310103384597511,
            -1.6607630633814559,
            -1.9664683693942318,
            3.2534118314080684e-05
        ],
        [
            -2.9721369814156793,
            -2.6708172789110436,
            1.3744079924565202,
            -1.3680175900836107,
            -1.5798470724563765,
            5.45909986445367e-07
        ],
        [
            -3.633518661741906,
            -2.4299175817330187,
            1.5229327912415693,
            -1.370880042549144,
            -2.257892425841579,
            3.4922685859883985e-05
        ],
        [
            -4.358659764867646,
            -1.3655091405161788,
            1.2139020899917352,
            -1.7707429986723577,
            -1.8980454602249308,
            2.294200592653377e-05
        ]
    ],
    "base_poses": [
        [
            [
                -0.07219625421131237,
                0.6017390176693003,
                0.0
            ],
            [
                0.0,
                0.0,
                0.9737901033051798,
                -0.2274485319910578
            ]
        ],
        [
            [
                0.29813230416795444,
                -0.758654786481529,
                0.0
            ],
            [
                0.0,
                0.0,
                -0.7493322013144234,
                0.6621942706436537
            ]
        ],
        [
            [
                -0.550949749960571,
                -0.05114407130839549,
                0.0
            ],
            [
                0.0,
                0.0,
                -0.27347563519621726,
                0.9618789305073823
            ]
        ],
        [
            [
                -0.7030635751835622,
                0.2980989717002429,
                0.0
            ],
            [
                0.0,
                0.0,
                -0.4613569027945231,
                0.887214634822851
            ]
        ]
    ],
    "difficulty": 0.8290228533809837,
    "dynamic_speed": null,
    "ur5_count": 4,
    "id": "000085",
    "task_path": "/home/hqh2101/workspace-sharing-multiarm/src/data/8f14d7-hard-vlo-tasks/000085.json"
}