{
    "target_eff_poses": [
        [
            [
                -0.7761960029602051,
                1.1660975217819214,
                0.6524794101715088
            ],
            [
                -0.30886706709861755,
                0.29365554451942444,
                0.6658357977867126,
                0.6123971939086914
            ]
        ],
        [
            [
                0.012829537503421307,
                0.11591023206710815,
                0.6347662806510925
            ],
            [
                0.0006468992796726525,
                0.028854338452219963,
                0.6043272614479065,
                0.7962132692337036
            ]
        ]
    ],
    "start_goal_config": [
        null,
        null
    ],
    "start_config": [
        [
            -5.045348717123671,
            -1.8333941522920496,
            1.9508837878922982,
            -1.3290857788459163,
            -2.492912557012665,
            2.977942989494809e-05
        ],
        [
            -3.9795936314696263,
            -1.2874134104906874,
            1.9000163134948669,
            -1.511953332332666,
            -1.8136801347911933,
            1.8369809287200862e-05
        ]
    ],
    "goal_config": [
        [
            -3.1956604522610084,
            -1.5673207345922158,
            1.0954946587164414,
            -1.7892259807092146,
            -1.5542586060180923,
            3.938400798101242e-06
        ],
        [
            -3.3192192967666276,
            -2.9742742880221527,
            1.227730337284227,
            -1.3372922773622862,
            -0.8986203768051549,
            -3.9089224473696275e-05
        ]
    ],
    "base_poses": [
        [
            [
                -0.6312138216729783,
                0.6680728056385952,
                0.0
            ],
            [
                0.0,
                0.0,
                -0.663023216342335,
                0.7485988342170092
            ]
        ],
        [
            [
                0.432646207573512,
                0.18499841501470426,
                0.0
            ],
            [
                0.0,
                0.0,
                0.9202951174904186,
                -0.391224867209763
            ]
        ]
    ],
    "difficulty": 0.13430451127819548,
    "dynamic_speed": null
}