{
    "target_eff_poses": [
        [
            [
                -0.5159473419189453,
                -0.7971660494804382,
                0.396919846534729
            ],
            [
                -0.676667332649231,
                -0.0017088885651901364,
                0.735317587852478,
                0.037768762558698654
            ]
        ]
    ],
    "start_goal_config": [
        null
    ],
    "start_config": [
        [
            -4.155262251897034,
            -1.9132612115230556,
            2.1757020528720945,
            -1.2093607217745397,
            -2.017052979679907,
            2.170075455700118e-05
        ]
    ],
    "goal_config": [
        [
            -3.3942374916568845,
            -1.4790950774705989,
            1.4639925893268895,
            -1.6400290400580353,
            -1.6246414422644397,
            8.166166420642579e-06
        ]
    ],
    "base_poses": [
        [
            [
                0.024768207607581028,
                -0.7212907348268539,
                0.0
            ],
            [
                -0.0,
                -0.0,
                0.10175341200184544,
                0.9948096517153333
            ]
        ]
    ],
    "difficulty": 0.0,
    "dynamic_speed": null
}