{
    "target_eff_poses": [
        [
            [
                0.8341697454452515,
                -0.24820660054683685,
                0.16448281705379486
            ],
            [
                0.7192660570144653,
                -0.5965911149978638,
                -0.005102972034364939,
                -0.3559626340866089
            ]
        ],
        [
            [
                -0.9540376663208008,
                -0.7058714628219604,
                0.6026216745376587
            ],
            [
                -0.3800862431526184,
                -0.32377541065216064,
                0.8567341566085815,
                -0.12926872074604034
            ]
        ],
        [
            [
                -0.14360302686691284,
                -0.20871135592460632,
                0.32320865988731384
            ],
            [
                -0.11299911141395569,
                0.8036791086196899,
                -0.09199235588312149,
                0.5769475102424622
            ]
        ]
    ],
    "start_goal_config": [
        null,
        null,
        null
    ],
    "start_config": [
        [
            -3.215075393866128,
            -1.490584710839267,
            1.8738654818394116,
            -1.4614768922664019,
            -1.607426717735896,
            9.515112114076618e-06
        ],
        [
            -3.614765455331675,
            -2.5846670726283922,
            1.8447748630438903,
            -1.1663436851817763,
            -2.1789828516255674,
            3.379004617553212e-17
        ],
        [
            -2.73944377222065,
            -1.4480163139877915,
            1.6820106264182644,
            -1.5540472443395539,
            -1.4614811182103211,
            2.7623063154532337e-06
        ]
    ],
    "goal_config": [
        [
            -4.930471604810772,
            -1.591585878294187,
            2.195527076593874,
            -1.3318880734861107,
            -2.434801182230681,
            2.496131000850381e-05
        ],
        [
            -4.742493184096615,
            -1.5248796067299955,
            1.168089841620713,
            -1.7392130075279908,
            -2.1266224439279133,
            3.3668683265296396e-05
        ],
        [
            -3.4721856630870978,
            -2.308875262078551,
            2.1358245375718314,
            -1.074824633551472,
            -1.8685986088195339,
            6.918506820114711e-12
        ]
    ],
    "base_poses": [
        [
            [
                0.6452267993169813,
                -0.4991815437210372,
                0.0
            ],
            [
                0.0,
                0.0,
                -0.22797617265622447,
                0.9736667113037291
            ]
        ],
        [
            [
                -0.640723095321474,
                -0.2835124746945168,
                0.0
            ],
            [
                0.0,
                0.0,
                0.9418612146748001,
                0.33600216114083276
            ]
        ],
        [
            [
                -0.29562808976465205,
                -0.27692682307998007,
                0.0
            ],
            [
                0.0,
                0.0,
                0.9878439205906547,
                -0.1554489901931956
            ]
        ]
    ],
    "difficulty": 0.8704034609235399,
    "dynamic_speed": null
}