{
    "target_eff_poses": [
        [
            [
                -0.3054954409599304,
                0.5680453777313232,
                0.5030460953712463
            ],
            [
                -0.5312883853912354,
                -0.25145578384399414,
                0.8033406138420105,
                0.09563732147216797
            ]
        ],
        [
            [
                0.46413129568099976,
                0.19023606181144714,
                0.25250211358070374
            ],
            [
                0.607099175453186,
                -0.5799605250358582,
                -0.39320671558380127,
                -0.37478649616241455
            ]
        ],
        [
            [
                -0.1798023134469986,
                -0.5633935928344727,
                0.39054539799690247
            ],
            [
                0.7432358264923096,
                -0.06628596037626266,
                -0.6430365443229675,
                -0.17236754298210144
            ]
        ]
    ],
    "start_goal_config": [
        null,
        null,
        null
    ],
    "start_config": [
        [
            -3.100201003393986,
            -2.226685242107372,
            1.0886248401125642,
            -1.6377555066307758,
            -1.621529117000718,
            4.414328549522691e-06
        ],
        [
            -5.168730925814936,
            -1.0948104681302737,
            1.186504031216189,
            -1.7702986033651391,
            -2.4156631635852475,
            -4.717452373785578e-05
        ],
        [
            -2.2196036196634665,
            -1.5028019523774918,
            1.2158184496632252,
            -1.7411921260603127,
            -1.261083053748062,
            -1.483248084214102e-05
        ]
    ],
    "goal_config": [
        [
            -3.612551320239827,
            -2.5638738344515133,
            1.8485602212627987,
            -1.1696193424863799,
            -2.131348806611648,
            1.8406151276302872e-05
        ],
        [
            -3.0329834144374077,
            -1.626303939543083,
            1.8936727217024336,
            -1.4158775890245936,
            -1.5696716906816666,
            5.870778062715203e-06
        ],
        [
            -3.4611227358966508,
            -2.047236064477314,
            1.8892813343768715,
            -1.2990037032841162,
            -1.7437392830873897,
            2.3251652537574808e-05
        ]
    ],
    "base_poses": [
        [
            [
                -0.25743481153217407,
                0.626389694172679,
                0.0
            ],
            [
                -0.0,
                -0.0,
                0.38690182926807054,
                0.9221209110030099
            ]
        ],
        [
            [
                0.591466896561984,
                -0.19201020486379095,
                0.0
            ],
            [
                0.0,
                0.0,
                -0.7286031782100891,
                0.6849360617620867
            ]
        ],
        [
            [
                0.10540203615417343,
                -0.5753595856710654,
                0.0
            ],
            [
                0.0,
                0.0,
                -0.015645890917555992,
                0.9998775955572742
            ]
        ]
    ],
    "difficulty": 0.5472585347503056,
    "dynamic_speed": null
}