{
    "target_eff_poses": [
        [
            [
                0.2455647885799408,
                0.07072018086910248,
                0.5348548293113708
            ],
            [
                -0.10897788405418396,
                0.7183378338813782,
                -0.6514237523078918,
                0.21854454278945923
            ]
        ]
    ],
    "start_goal_config": [
        null
    ],
    "start_config": [
        [
            -3.0329463589378354,
            -2.403539567017517,
            1.856988481949755,
            -1.2067450982121457,
            -1.6608351370048506,
            6.007280670651232e-06
        ]
    ],
    "goal_config": [
        [
            -5.069587936360579,
            -1.8480861800706123,
            1.6827388828375751,
            -1.3497151046589775,
            -2.968465291878165,
            -6.771761509687478e-05
        ]
    ],
    "base_poses": [
        [
            [
                0.09624663301379344,
                0.4030163087615286,
                0.0
            ],
            [
                0.0,
                0.0,
                0.9148266291185868,
                -0.40384680097225434
            ]
        ]
    ],
    "difficulty": 0.0,
    "dynamic_speed": null,
    "ur5_count": 1,
    "id": "000093",
    "task_path": "/home/hqh2101/workspace-sharing-multiarm/src/data/8f14d7-hard-vlo-tasks/000093.json"
}