{
    "target_eff_poses": [
        [
            [
                -1.0815694332122803,
                -0.3839816153049469,
                0.17368589341640472
            ],
            [
                0.8251985311508179,
                0.4264755845069885,
                -0.18209274113178253,
                -0.322503000497818
            ]
        ]
    ],
    "start_goal_config": [
        null
    ],
    "start_config": [
        [
            -4.3093749328763105,
            -1.8207098788919758,
            1.2859761958812554,
            -1.6341646021913219,
            -1.9875074295773987,
            3.553390971825891e-05
        ]
    ],
    "goal_config": [
        [
            -5.448734406838326,
            -1.1543793616743399,
            1.7877700098317661,
            -1.3922348149198245,
            -3.104603028870633,
            -5.350539856172153e-05
        ]
    ],
    "base_poses": [
        [
            [
                -0.63306892679126,
                -0.7025061667922465,
                0.0
            ],
            [
                -0.0,
                -0.0,
                0.7602361812748769,
                0.649646787632012
            ]
        ]
    ],
    "difficulty": 0.0,
    "dynamic_speed": null
}