{
    "target_eff_poses": [
        [
            [
                0.032714053988456726,
                0.08150261640548706,
                0.3771727979183197
            ],
            [
                0.566379725933075,
                0.4842563569545746,
                -0.5549868941307068,
                0.36972877383232117
            ]
        ],
        [
            [
                0.7978762984275818,
                -0.48844045400619507,
                0.31680041551589966
            ],
            [
                0.5861462354660034,
                0.5690449476242065,
                -0.25621625781059265,
                0.5166950821876526
            ]
        ],
        [
            [
                -0.3479011654853821,
                -0.6133256554603577,
                0.717607855796814
            ],
            [
                -0.13970856368541718,
                0.3385198414325714,
                -0.5245037078857422,
                0.7686232328414917
            ]
        ]
    ],
    "start_goal_config": [
        null,
        null,
        null
    ],
    "start_config": [
        [
            -2.7888398185475953,
            -2.9637254255768744,
            0.9821931451742671,
            -1.4547852743513658,
            -1.8543662428658012,
            -1.8825869984074713e-05
        ],
        [
            -3.0391499849166297,
            -2.2149375638137245,
            1.8608572591372434,
            -1.262953320712291,
            -1.6295419098921815,
            8.524033080527245e-06
        ],
        [
            -3.1959873046343397,
            -2.5628268211466922,
            1.456523681071125,
            -1.3645768613830171,
            -2.2457694688017473,
            2.654185885990069e-05
        ]
    ],
    "goal_config": [
        [
            -3.4571292722647993,
            -1.7936562213367304,
            1.7623729252454097,
            -1.428703166270046,
            -1.6905111975069111,
            1.4761539452574489e-05
        ],
        [
            -2.0930462965500847,
            -1.9782282312669943,
            2.0174751053454534,
            -1.2686879954585013,
            -1.2309427458985063,
            -1.445169156001018e-05
        ],
        [
            -3.5934899856330853,
            -2.4129490297973706,
            1.4373544360096915,
            -1.4160925464415268,
            -2.561036559677087,
            3.1822054784042985e-05
        ]
    ],
    "base_poses": [
        [
            [
                0.04550948406123734,
                0.47063801278736483,
                0.0
            ],
            [
                -0.0,
                -0.0,
                0.7210446841386566,
                0.6928885649766382
            ]
        ],
        [
            [
                0.5697244032268765,
                -0.2762635701771894,
                0.0
            ],
            [
                -0.0,
                -0.0,
                0.40432844050127814,
                0.9146138596160701
            ]
        ],
        [
            [
                -0.3671042594211608,
                -0.6097446407728646,
                0.0
            ],
            [
                0.0,
                0.0,
                0.9925354881677748,
                -0.12195615903904576
            ]
        ]
    ],
    "difficulty": 0.2428930049528462
}