{
    "target_eff_poses": [
        [
            [
                -0.3082287907600403,
                0.053299929946660995,
                0.4509730935096741
            ],
            [
                0.1538676619529724,
                0.6413646936416626,
                -0.3653206527233124,
                0.6568994522094727
            ]
        ]
    ],
    "start_goal_config": [
        null
    ],
    "start_config": [
        [
            -2.2558368430480984,
            -3.1049557025795624,
            2.3189861200364223,
            -0.309290579808459,
            -0.6609560271350624,
            1.8353167866046403e-05
        ]
    ],
    "goal_config": [
        [
            -4.0808020620780185,
            -1.6475190209246846,
            1.5199048026238415,
            -1.5734955635347596,
            -1.842878987900675,
            2.272137930121875e-05
        ]
    ],
    "base_poses": [
        [
            [
                -0.7020692007712376,
                0.31429209349198617,
                0.0
            ],
            [
                0.0,
                0.0,
                0.9951901828629419,
                -0.09796172687955332
            ]
        ]
    ],
    "difficulty": 0.0,
    "dynamic_speed": null
}