{
    "target_eff_poses": [
        [
            [
                -0.8014199137687683,
                -0.8758677244186401,
                0.0980737954378128
            ],
            [
                0.848617434501648,
                0.34301745891571045,
                -0.3961314558982849,
                0.0725761204957962
            ]
        ],
        [
            [
                0.42515113949775696,
                0.10149306803941727,
                0.8149272799491882
            ],
            [
                0.06387388706207275,
                0.1593092530965805,
                -0.7603945732116699,
                0.6263712048530579
            ]
        ],
        [
            [
                -0.022736378014087677,
                -0.37103062868118286,
                0.28389039635658264
            ],
            [
                0.6437984704971313,
                -0.5464361906051636,
                -0.2810535430908203,
                -0.4560042917728424
            ]
        ],
        [
            [
                0.5178834199905396,
                0.13424092531204224,
                0.46374571323394775
            ],
            [
                -0.43613800406455994,
                -0.5156348347663879,
                0.6423868536949158,
                -0.36227551102638245
            ]
        ]
    ],
    "start_goal_config": [
        null,
        null,
        null,
        null
    ],
    "start_config": [
        [
            -2.214152972411981,
            -1.5405639634812713,
            1.238182796959945,
            -1.7224079583156588,
            -1.2594321985593193,
            -1.5198768756803322e-05
        ],
        [
            -3.1029413618867725,
            -2.5076763108594258,
            1.320492960928261,
            -1.4458365311654182,
            -2.2326219670621925,
            -6.327438803045162e-06
        ],
        [
            -2.333291271850264,
            -1.4107724517556146,
            1.8855283653806783,
            -1.4876381149857354,
            -1.3381233805505772,
            5.063974885752672e-07
        ],
        [
            -3.6767328936343535,
            -1.9608093110826466,
            1.4731072747852034,
            -1.5180241881123506,
            -1.7731826005132616,
            2.441156029417354e-05
        ]
    ],
    "goal_config": [
        [
            -3.824577663057605,
            -1.2876147302764747,
            1.9503266487036024,
            -1.4916910095103526,
            -1.7737057066022748,
            1.8391247050056587e-05
        ],
        [
            -3.2094206948519424,
            -2.3273007537524966,
            1.1230703569815774,
            -1.592387072702934,
            -2.071182945959776,
            -1.5774909232381848e-05
        ],
        [
            -3.1269286307039934,
            -2.5955406425235403,
            2.2680170820165766,
            -0.8030520096696325,
            -1.885464528778255,
            3.746604117974619e-06
        ],
        [
            -3.896893898268432,
            -2.1644590411877616,
            1.812000364378157,
            -1.3062544460199241,
            -1.9260350209979962,
            1.3262265015872231e-05
        ]
    ],
    "base_poses": [
        [
            [
                -0.4982018206791013,
                -0.5852571932156437,
                0.0
            ],
            [
                -0.0,
                -0.0,
                0.5844239855132484,
                0.81144846118334
            ]
        ],
        [
            [
                0.3841342659645117,
                0.07610166980127053,
                0.0
            ],
            [
                -0.0,
                -0.0,
                0.8266673657119953,
                0.5626909155715865
            ]
        ],
        [
            [
                0.039182491794567786,
                -0.42210503277392813,
                0.0
            ],
            [
                0.0,
                0.0,
                -0.7633246481314692,
                0.6460150784269426
            ]
        ],
        [
            [
                0.49920338323703506,
                0.3774311159896724,
                0.0
            ],
            [
                0.0,
                0.0,
                0.8766081650231828,
                0.48120486802887635
            ]
        ]
    ],
    "difficulty": 0.6281294524730308
}