{
    "target_eff_poses": [
        [
            [
                0.6479703187942505,
                -0.35687512159347534,
                0.7617859840393066
            ],
            [
                -0.01918107084929943,
                0.23353084921836853,
                -0.4660061299800873,
                0.8531903028488159
            ]
        ],
        [
            [
                -0.722251832485199,
                -0.5406200289726257,
                0.5159863829612732
            ],
            [
                -0.36152324080467224,
                0.4363105297088623,
                0.41092824935913086,
                0.7141933441162109
            ]
        ],
        [
            [
                -0.09187163412570953,
                0.7551382780075073,
                0.4939250946044922
            ],
            [
                -0.07383272796869278,
                0.6202014684677124,
                -0.014615051448345184,
                0.7808234095573425
            ]
        ],
        [
            [
                0.1604785919189453,
                0.2607376277446747,
                0.5823433995246887
            ],
            [
                0.022253913804888725,
                0.5375575423240662,
                -0.06461393088102341,
                0.8404532670974731
            ]
        ]
    ],
    "start_goal_config": [
        null,
        null,
        null,
        null
    ],
    "start_config": [
        [
            -3.6236374529365194,
            -2.1984772213895933,
            1.9443081872275598,
            -1.2273208512506093,
            -1.846339470202313,
            1.6548471461473853e-05
        ],
        [
            -1.5811760117508227,
            -1.6155652072487692,
            1.456084405874016,
            -1.590885065890142,
            -0.9196820738569702,
            -2.3735648098289674e-05
        ],
        [
            -3.022635268631582,
            -1.5878313922751013,
            2.337325862584243,
            -1.2470661975114508,
            -1.608467515840399,
            9.767073308052911e-06
        ],
        [
            -2.8133312880259123,
            -2.9282389258758754,
            1.9620699542220348,
            -0.9203506706353816,
            -1.6438331823488885,
            1.050356021055267e-06
        ]
    ],
    "goal_config": [
        [
            -3.176761641085656,
            -2.4343039338072674,
            1.2608104147376702,
            -1.495045330087143,
            -2.152722606521469,
            3.721209002600091e-05
        ],
        [
            -3.1336842415714643,
            -2.501125130354856,
            1.7811637720468598,
            -1.2168147429046952,
            -1.740620331085966,
            1.5968200683239764e-05
        ],
        [
            -3.6007665351553393,
            -1.7364116889560557,
            1.5038382607805447,
            -1.5598266721228238,
            -1.7080037799458312,
            1.4713291000270472e-05
        ],
        [
            -3.2362946928951586,
            -1.8161729205260355,
            1.3990859258158155,
            -1.5883360386655128,
            -1.6061555959996665,
            1.009808626718881e-05
        ]
    ],
    "base_poses": [
        [
            [
                0.6614423813800703,
                -0.4041045049636404,
                0.0
            ],
            [
                0.0,
                0.0,
                0.9817457478231282,
                0.19019801952493315
            ]
        ],
        [
            [
                -0.6714209449597031,
                -0.653869235148895,
                0.0
            ],
            [
                0.0,
                0.0,
                -0.8235935068842251,
                0.5671805139619519
            ]
        ],
        [
            [
                -0.5128831295274203,
                0.6211605428840443,
                0.0
            ],
            [
                0.0,
                0.0,
                0.961198718271562,
                -0.2758568904216574
            ]
        ],
        [
            [
                -0.24501929356316887,
                0.2035601417707671,
                0.0
            ],
            [
                0.0,
                0.0,
                0.9999316120876905,
                0.011694919739460017
            ]
        ]
    ],
    "difficulty": 0.870215367252892,
    "dynamic_speed": null,
    "ur5_count": 4,
    "id": "000101",
    "task_path": "/home/hqh2101/workspace-sharing-multiarm/src/data/8f14d7-hard-vlo-tasks/000101.json"
}