{
    "target_eff_poses": [
        [
            [
                -0.7211578488349915,
                0.5890211462974548,
                0.48215946555137634
            ],
            [
                -0.5358768701553345,
                0.393902450799942,
                0.11494487524032593,
                0.7378783822059631
            ]
        ],
        [
            [
                1.0272144079208374,
                0.5185848474502563,
                0.2619125545024872
            ],
            [
                -0.22057822346687317,
                0.857690691947937,
                -0.3096648156642914,
                0.346149742603302
            ]
        ],
        [
            [
                -0.39724934101104736,
                -0.1504615843296051,
                0.2816406488418579
            ],
            [
                0.6901234984397888,
                0.5161119699478149,
                -0.5042752027511597,
                0.05535834655165672
            ]
        ],
        [
            [
                -0.3865277171134949,
                0.6041089296340942,
                0.6663812398910522
            ],
            [
                0.10899260640144348,
                0.38231199979782104,
                -0.4350525140762329,
                0.807890772819519
            ]
        ]
    ],
    "start_goal_config": [
        null,
        null,
        null,
        null
    ],
    "start_config": [
        [
            -2.217885967666529,
            -1.5702490730929939,
            1.8796834740539201,
            -1.445778305341875,
            -1.3034793459537428,
            -1.3058584746573835e-05
        ],
        [
            -3.530301410180207,
            -1.545788982744132,
            1.3127714254878151,
            -1.6921567023103112,
            -1.6587909112808419,
            1.1276891534539682e-05
        ],
        [
            -3.8353974959833743,
            -2.4616019955885413,
            2.0988891859110677,
            -1.0579337630170367,
            -2.1179823162748512,
            1.4484417596050257e-05
        ],
        [
            -3.19924281456538,
            -3.195133875092376,
            1.3421872105065216,
            -1.1638347196795302,
            -1.0105955070251542,
            -3.0465844974367125e-05
        ]
    ],
    "goal_config": [
        [
            -4.223042320131369,
            -2.380597257164193,
            1.902213069125467,
            -1.2080039875846296,
            -2.3531875094840564,
            2.6538216501953723e-05
        ],
        [
            -5.098928001366063,
            -1.7167979291110191,
            2.0667267220505283,
            -1.3159283000049151,
            -2.5523303256935037,
            2.713917701965351e-05
        ],
        [
            -3.8756320175770598,
            -2.319612806300759,
            2.2557947885695038,
            -1.0002825097521304,
            -2.103575646076471,
            1.4690396655850221e-05
        ],
        [
            -3.2629273936238636,
            -2.372876801145221,
            1.462979232567604,
            -1.4140109560675573,
            -1.7870661874526312,
            1.792830776913195e-05
        ]
    ],
    "base_poses": [
        [
            [
                -0.7725456898321005,
                0.45219660657376415,
                0.0
            ],
            [
                0.0,
                0.0,
                -0.46561734053519155,
                0.8849861536730026
            ]
        ],
        [
            [
                0.7217963287729905,
                0.6756350938731701,
                0.0
            ],
            [
                0.0,
                0.0,
                -0.7387203610526611,
                0.6740120385914675
            ]
        ],
        [
            [
                -0.3313071032882764,
                -0.02983484371486589,
                0.0
            ],
            [
                -0.0,
                -0.0,
                0.6763236903512871,
                0.7366045518930876
            ]
        ],
        [
            [
                -0.5085361061431468,
                0.6094483940502575,
                0.0
            ],
            [
                0.0,
                0.0,
                0.9475969940870254,
                0.3194682093686853
            ]
        ]
    ],
    "difficulty": 0.5243232240993283
}