{
    "target_eff_poses": [
        [
            [
                -0.10941942781209946,
                -0.47528979182243347,
                0.3192487061023712
            ],
            [
                -0.4076932370662689,
                0.7074427008628845,
                0.18361811339855194,
                0.5473531484603882
            ]
        ],
        [
            [
                -0.7899631857872009,
                -0.11831046640872955,
                0.6660212278366089
            ],
            [
                -0.09262987226247787,
                0.3461657166481018,
                -0.19156207144260406,
                0.9137247800827026
            ]
        ],
        [
            [
                -0.1289016604423523,
                0.4118247926235199,
                0.5652297139167786
            ],
            [
                -0.38695815205574036,
                0.2721231281757355,
                0.43310144543647766,
                0.7672258615493774
            ]
        ]
    ],
    "start_goal_config": [
        null,
        null,
        null
    ],
    "start_config": [
        [
            -3.2990634886768166,
            -2.6321669085636072,
            1.7480925687609963,
            -1.195853224871585,
            -2.0098338175770487,
            1.9819486236401753e-05
        ],
        [
            -2.8670513389449774,
            -3.0238569988638835,
            1.7929764400047115,
            -1.0014654286799622,
            -1.7858405559330117,
            1.6038438884769555e-05
        ],
        [
            -3.2611686227939796,
            -1.2740104518298199,
            1.950228819032063,
            -1.4927086025732086,
            -1.612789591991958,
            7.066134200794691e-06
        ]
    ],
    "goal_config": [
        [
            -3.340257695232619,
            -2.186930048709268,
            2.0977497142532515,
            -1.1417286384969034,
            -1.769928238995026,
            1.2102531608914023e-05
        ],
        [
            -3.2434299944870983,
            -2.528994299934893,
            1.4814168008344994,
            -1.3610093125872766,
            -2.038949979891846,
            3.5368531075949816e-05
        ],
        [
            -3.2574750501641168,
            -2.6364807104452366,
            1.6998576736933886,
            -1.2194306054724435,
            -2.0148044825603297,
            2.8200803095446408e-05
        ]
    ],
    "base_poses": [
        [
            [
                -0.17405015265607504,
                -0.6742563420800771,
                0.0
            ],
            [
                0.0,
                0.0,
                0.8665367849415029,
                -0.49911321395375186
            ]
        ],
        [
            [
                -0.7850251024660543,
                -0.16860424466679347,
                0.0
            ],
            [
                0.0,
                0.0,
                0.9969326020470598,
                -0.07826485147036767
            ]
        ],
        [
            [
                -0.07627391629436475,
                0.4023446012288232,
                0.0
            ],
            [
                0.0,
                0.0,
                -0.7010967177483354,
                0.7130661907302231
            ]
        ]
    ],
    "difficulty": 0.5155985716970495,
    "dynamic_speed": null,
    "ur5_count": 3,
    "id": "000190",
    "task_path": "/home/hqh2101/workspace-sharing-multiarm/src/data/8f14d7-hard-vlo-tasks/000190.json"
}