{
    "target_eff_poses": [
        [
            [
                0.8459724187850952,
                -0.3359716832637787,
                0.36540451645851135
            ],
            [
                0.22950305044651031,
                0.5865508317947388,
                -0.23845988512039185,
                0.7392045259475708
            ]
        ]
    ],
    "start_goal_config": [
        null
    ],
    "start_config": [
        [
            -4.762574901444518,
            -0.9190592456274309,
            1.322909829422928,
            -1.818328661677298,
            -2.064036495924396,
            3.251967356023227e-05
        ]
    ],
    "goal_config": [
        [
            -3.077670379497989,
            -1.197075728305141,
            1.227701532013889,
            -1.8094917780547621,
            -1.509884051445886,
            -7.228650033880201e-07
        ]
    ],
    "base_poses": [
        [
            [
                0.25565613536380827,
                -0.004855320089303339,
                0.0
            ],
            [
                0.0,
                0.0,
                0.9307022987281733,
                0.36577757058367294
            ]
        ]
    ],
    "difficulty": 0.0
}