{
    "target_eff_poses": [
        [
            [
                -0.34513720870018005,
                0.020771535113453865,
                0.2835727632045746
            ],
            [
                0.8344714641571045,
                -0.19474714994430542,
                -0.2349792867898941,
                -0.45881980657577515
            ]
        ]
    ],
    "start_goal_config": [
        null
    ],
    "start_config": [
        [
            -2.709178442958349,
            -2.375829959149337,
            1.2890871787263092,
            -1.4947350240777062,
            -0.995131373373921,
            -3.1557605269319965e-05
        ]
    ],
    "goal_config": [
        [
            -5.051213585435107,
            -1.69355871702195,
            1.974686341516712,
            -1.3642715430533572,
            -2.4389997284472655,
            2.207489766890492e-05
        ]
    ],
    "base_poses": [
        [
            [
                -0.2463139036776053,
                -0.33495488685013836,
                0.0
            ],
            [
                -0.0,
                -0.0,
                0.28733065064764607,
                0.957831455527746
            ]
        ]
    ],
    "difficulty": 0.0
}