{
    "target_eff_poses": [
        [
            [
                -0.7001347541809082,
                -0.8587256669998169,
                0.16401611268520355
            ],
            [
                0.8445267677307129,
                0.3774974048137665,
                -0.3604246973991394,
                0.11985135078430176
            ]
        ],
        [
            [
                -0.1093997210264206,
                -0.7731373310089111,
                0.1618787795305252
            ],
            [
                0.4677862823009491,
                0.8363022208213806,
                -0.22031381726264954,
                -0.1823088377714157
            ]
        ],
        [
            [
                -0.22464531660079956,
                0.7727404236793518,
                0.3305727541446686
            ],
            [
                -0.304598867893219,
                0.6523640751838684,
                0.4644731879234314,
                0.5156601667404175
            ]
        ]
    ],
    "start_goal_config": [
        null,
        null,
        null
    ],
    "start_config": [
        [
            -4.7312230303993585,
            -1.158596837771292,
            1.1908331783307406,
            -1.8146205957637394,
            -2.0454541358339795,
            3.473572043104292e-05
        ],
        [
            -2.8216298672737095,
            -2.581760160215881,
            1.244060578304698,
            -1.4616805554594607,
            -2.2272562064259147,
            3.6624515142837106e-05
        ],
        [
            -4.1165737760286625,
            -2.2811120179185984,
            1.5941229839075972,
            -1.3775120963707168,
            -2.2658142149062876,
            3.106732750580193e-05
        ]
    ],
    "goal_config": [
        [
            -3.258191038346617,
            -1.66210923516559,
            2.1681431072984934,
            -1.2852541765650063,
            -1.670103271766775,
            1.8031314361608973e-05
        ],
        [
            -5.491656311665045,
            -1.1824648688505097,
            1.8878725089184147,
            -1.2854679509267837,
            -3.32287124812265,
            -3.9565796202291914e-05
        ],
        [
            -2.4858194148737303,
            -2.933998045389497,
            2.13341674409196,
            -0.7334864155615923,
            -1.2744069932508935,
            -5.418482725448602e-06
        ]
    ],
    "base_poses": [
        [
            [
                -0.5595092804586633,
                -0.5994404828099364,
                0.0
            ],
            [
                -0.0,
                -0.0,
                0.4159615329297453,
                0.9093822095921694
            ]
        ],
        [
            [
                0.3925558027190903,
                -0.598792584715501,
                0.0
            ],
            [
                0.0,
                0.0,
                0.977822255736391,
                0.20943647291385503
            ]
        ],
        [
            [
                -0.06861046876518562,
                0.7639046280299528,
                0.0
            ],
            [
                0.0,
                0.0,
                0.9671220366825242,
                -0.254312732994332
            ]
        ]
    ],
    "difficulty": 0.2775322110410985,
    "dynamic_speed": null,
    "ur5_count": 3,
    "id": "000279",
    "task_path": "/home/huy/programming/projects/workspace-sharing-multiarm/src/data/8f14d7-hard-vlo-tasks/000279.json"
}