{
    "target_eff_poses": [
        [
            [
                -0.3809879422187805,
                -0.5939666032791138,
                0.3542838990688324
            ],
            [
                0.5879136323928833,
                0.4687877297401428,
                -0.50616055727005,
                0.42237091064453125
            ]
        ],
        [
            [
                -1.0982651710510254,
                1.0699747800827026,
                0.49303537607192993
            ],
            [
                -0.44448065757751465,
                0.4006832540035248,
                0.7058789134025574,
                0.3789786398410797
            ]
        ]
    ],
    "start_goal_config": [
        null,
        null
    ],
    "start_config": [
        [
            -4.741752465743618,
            -0.8290341284620292,
            1.1377463324297095,
            -1.9097853619609142,
            -2.032175891522477,
            3.321992714800348e-05
        ],
        [
            -3.2941567209606966,
            -3.1458051727755807,
            1.1504648264442328,
            -1.282293366850772,
            -0.848353325877931,
            2.097144388479392e-05
        ]
    ],
    "goal_config": [
        [
            -2.697360635437518,
            -2.550613789538574,
            2.1036049445392093,
            -0.9926014114901396,
            -1.5485322512607818,
            -4.4849381541892205e-06
        ],
        [
            -2.3741208842030046,
            -1.5437677279038347,
            1.3559789226120729,
            -1.6707378074689356,
            -1.329892277735746,
            -9.197327176716899e-06
        ]
    ],
    "base_poses": [
        [
            [
                -0.47515413617015984,
                -0.49541449483746974,
                0.0
            ],
            [
                -0.0,
                -0.0,
                0.4458758075201122,
                0.8950948353489075
            ]
        ],
        [
            [
                -0.7895867003490562,
                0.6246242378747646,
                0.0
            ],
            [
                0.0,
                0.0,
                -0.8397989725150926,
                0.5428974910262477
            ]
        ]
    ],
    "difficulty": 0.07734581721962142
}