{
    "target_eff_poses": [
        [
            [
                -0.3486859202384949,
                0.2542003393173218,
                0.842373788356781
            ],
            [
                -0.14017309248447418,
                0.030793556943535805,
                0.8658658266067505,
                0.4792490601539612
            ]
        ]
    ],
    "start_goal_config": [
        null
    ],
    "start_config": [
        [
            -3.8871031491567036,
            -2.5268729699854666,
            1.8613332284227853,
            -1.1834345003537043,
            -2.3676829511542334,
            2.1453465230576356e-05
        ]
    ],
    "goal_config": [
        [
            -3.2201006657740714,
            -2.243074762133569,
            1.0448781256935429,
            -1.6553628287192852,
            -1.8601367263389228,
            2.1327807702203387e-05
        ]
    ],
    "base_poses": [
        [
            [
                -0.2827131188303206,
                0.29212944523441076,
                0.0
            ],
            [
                0.0,
                0.0,
                -0.3160791344333859,
                0.9487328289754927
            ]
        ]
    ],
    "difficulty": 0.0
}