{
    "target_eff_poses": [
        [
            [
                -0.7289853692054749,
                0.4361964166164398,
                0.5515166521072388
            ],
            [
                -0.44643864035606384,
                0.15927153825759888,
                0.4840616285800934,
                0.7355334758758545
            ]
        ]
    ],
    "start_goal_config": [
        null
    ],
    "start_config": [
        [
            -4.083878044734758,
            -1.9716941512749464,
            1.526409953952213,
            -1.49003212567319,
            -1.9252159359595813,
            3.0477653713072385e-05
        ]
    ],
    "goal_config": [
        [
            -3.251619049662776,
            -2.729846119954807,
            1.7450988996549839,
            -1.1691767277098855,
            -2.216865916199613,
            2.4846593814756433e-05
        ]
    ],
    "base_poses": [
        [
            [
                -0.7076073826429395,
                0.4788543240276615,
                0.0
            ],
            [
                0.0,
                0.0,
                -0.5734312266520171,
                0.8192537020364101
            ]
        ]
    ],
    "difficulty": 0.0,
    "dynamic_speed": null,
    "ur5_count": 1,
    "id": "000296",
    "task_path": "/home/hqh2101/workspace-sharing-multiarm/src/data/8f14d7-hard-vlo-tasks/000296.json"
}