{
    "target_eff_poses": [
        [
            [
                -0.4584503769874573,
                -0.34237754344940186,
                0.177700474858284
            ],
            [
                0.9229667782783508,
                -0.17167432606220245,
                -0.3129313290119171,
                -0.1439938247203827
            ]
        ],
        [
            [
                0.1704465001821518,
                0.4956856667995453,
                0.4118037223815918
            ],
            [
                -0.03345927223563194,
                0.707361102104187,
                0.40834537148475647,
                0.5759989619255066
            ]
        ],
        [
            [
                -1.3409286737442017,
                0.5511272549629211,
                0.2582012116909027
            ],
            [
                0.6411979794502258,
                -0.16975156962871552,
                -0.6312345266342163,
                -0.4019857347011566
            ]
        ]
    ],
    "start_goal_config": [
        null,
        null,
        null
    ],
    "start_config": [
        [
            -1.6828864690056973,
            -0.936237317897263,
            1.3815896197476734,
            -1.7973069670846042,
            -1.0303986474531397,
            -2.7874412869640912e-05
        ],
        [
            -1.1698018566098352,
            -0.9070392260761145,
            1.3436317251430456,
            -1.757576097892508,
            -0.5672160932451188,
            4.0579511837947425e-05
        ],
        [
            -4.805802339956887,
            -1.9061030583420875,
            1.813042914371329,
            -1.3761433328058297,
            -2.2745571513167335,
            2.218980690233454e-05
        ]
    ],
    "goal_config": [
        [
            -3.473434338170968,
            -1.8944146042392334,
            2.31649168836743,
            -1.1254231790226248,
            -1.8181370209349872,
            1.476980025699979e-05
        ],
        [
            -1.6519532213052803,
            -1.6063050605599551,
            1.5867232253492107,
            -1.5482412266069092,
            -1.001366114929643,
            -2.5644176794636165e-05
        ],
        [
            -4.395712698673176,
            -0.979733792765498,
            1.1649778276754559,
            -1.8764222102259234,
            -1.8790522676194565,
            2.227851495206852e-05
        ]
    ],
    "base_poses": [
        [
            [
                -0.260485327194243,
                -0.38758092149493123,
                0.0
            ],
            [
                0.0,
                0.0,
                -0.14117478884040935,
                0.9899846862431084
            ]
        ],
        [
            [
                -0.09036992697409918,
                0.06402615912974186,
                0.0
            ],
            [
                0.0,
                0.0,
                0.915981576057686,
                0.40122032890031567
            ]
        ],
        [
            [
                -0.7939695052711602,
                0.06086089965870767,
                0.0
            ],
            [
                -0.0,
                -0.0,
                0.2125071097493979,
                0.9771595203987716
            ]
        ]
    ],
    "difficulty": 0.6961668545659526
}