{
    "target_eff_poses": [
        [
            [
                0.5803346037864685,
                0.46397125720977783,
                0.3905717134475708
            ],
            [
                0.23782092332839966,
                0.6301611661911011,
                -0.2986217737197876,
                0.6761384010314941
            ]
        ],
        [
            [
                0.006437746342271566,
                0.26970818638801575,
                0.36538371443748474
            ],
            [
                -0.4833620488643646,
                -0.5067439079284668,
                0.6319468021392822,
                -0.33198633790016174
            ]
        ],
        [
            [
                -0.5664018392562866,
                -1.011212706565857,
                0.20567074418067932
            ],
            [
                0.7864144444465637,
                0.39984622597694397,
                -0.46070048213005066,
                0.09711036831140518
            ]
        ]
    ],
    "start_goal_config": [
        null,
        null,
        null
    ],
    "start_config": [
        [
            -1.7639388478903877,
            -1.961346245702558,
            1.4579822845978776,
            -1.4942995869459907,
            -0.6818017837189225,
            -2.761177650585723e-05
        ],
        [
            -4.996945600944365,
            -1.9359490003911823,
            2.1022499345750796,
            -1.2383384749702635,
            -2.5755374421380015,
            2.5389417147390642e-05
        ],
        [
            -1.5659730537314547,
            -2.1213533229607626,
            2.0567658533411293,
            -1.1955836006152134,
            -0.4347951697046426,
            -2.217472327868268e-05
        ]
    ],
    "goal_config": [
        [
            -3.4157149730772316,
            -1.437926053611534,
            1.4363158885148082,
            -1.6619937828347766,
            -1.625821825146672,
            8.851956420040553e-06
        ],
        [
            -3.072363822950812,
            -2.8016307311025637,
            2.091045827315445,
            -0.879356056066031,
            -1.896092875375474,
            9.132057453095565e-12
        ],
        [
            -3.9182408597832707,
            -1.6104717421179104,
            2.0061109527354506,
            -1.3760796039796785,
            -1.8334090316432086,
            2.9093937703125743e-05
        ]
    ],
    "base_poses": [
        [
            [
                0.11313894920456868,
                0.7801415960441103,
                0.0
            ],
            [
                0.0,
                0.0,
                0.9685857242765704,
                0.24867990414915225
            ]
        ],
        [
            [
                -0.060316560065497016,
                0.2821427036109394,
                0.0
            ],
            [
                -0.0,
                -0.0,
                0.5742981958145074,
                0.8186461887068196
            ]
        ],
        [
            [
                -0.33816273612522707,
                -0.7305121148509164,
                0.0
            ],
            [
                -0.0,
                -0.0,
                0.6649327334420182,
                0.7469032467443999
            ]
        ]
    ],
    "difficulty": 0.7399605003291639,
    "dynamic_speed": null
}