{
    "target_eff_poses": [
        [
            [
                -0.10565105825662613,
                -0.24614068865776062,
                0.6114747524261475
            ],
            [
                -0.15830159187316895,
                0.36254918575286865,
                -0.20611830055713654,
                0.8949938416481018
            ]
        ],
        [
            [
                -0.42603757977485657,
                1.2806248664855957,
                0.3146545886993408
            ],
            [
                -0.21141217648983002,
                0.7087511420249939,
                0.389761745929718,
                0.5486917495727539
            ]
        ],
        [
            [
                0.5045421719551086,
                0.7606762051582336,
                0.2779027819633484
            ],
            [
                -0.3075956404209137,
                0.7968884110450745,
                0.07909194380044937,
                0.513904869556427
            ]
        ],
        [
            [
                0.2646251320838928,
                0.11407812684774399,
                0.20846810936927795
            ],
            [
                0.4447857439517975,
                0.8041060566902161,
                -0.18372146785259247,
                0.3490351140499115
            ]
        ]
    ],
    "start_goal_config": [
        null,
        null,
        null,
        null
    ],
    "start_config": [
        [
            -3.2303565501357268,
            -2.340082832086134,
            1.9958681184732512,
            -1.149421671300246,
            -1.7504541509221214,
            1.6715989561780247e-05
        ],
        [
            -3.070524354121428,
            -1.5663233632688802,
            1.2510896438696448,
            -1.7159873002297674,
            -1.529324282821753,
            3.1363186893056297e-06
        ],
        [
            -4.121110171753326,
            -2.216322206215449,
            1.6625411561315893,
            -1.3638565213650002,
            -2.0931993585701187,
            2.0301297541049546e-05
        ],
        [
            -1.6818777929704858,
            -1.8835613148203993,
            1.8952175310839754,
            -1.3540822244661654,
            -0.9469796440684388,
            -1.4799487399003227e-05
        ]
    ],
    "goal_config": [
        [
            -3.1583504161272966,
            -2.6827032651917873,
            1.6082474139433889,
            -1.25368884445161,
            -2.208834590374683,
            -4.743268012647561e-07
        ],
        [
            -2.0945471635521087,
            -1.3819553244677014,
            1.5368441696129944,
            -1.63149198759728,
            -1.2430474663850613,
            -1.9612835985596962e-05
        ],
        [
            -3.0325887676757945,
            -2.4970405785672414,
            2.266421916641039,
            -0.8629791278314184,
            -1.786466524119333,
            1.2029925055465187e-17
        ],
        [
            -2.7418494803501425,
            -2.0482240067953534,
            2.3027153289085485,
            -1.065397483453704,
            -1.5500631631680228,
            3.493100521520151e-08
        ]
    ],
    "base_poses": [
        [
            [
                -0.047005863246211255,
                -0.2674178060796776,
                0.0
            ],
            [
                0.0,
                0.0,
                0.9948994635737464,
                -0.10087148943418917
            ]
        ],
        [
            [
                -0.6456919852366586,
                0.7542776107919693,
                0.0
            ],
            [
                0.0,
                0.0,
                0.9975670105114496,
                0.06971412725731625
            ]
        ],
        [
            [
                0.48615435546124264,
                0.656346155458108,
                0.0
            ],
            [
                0.0,
                0.0,
                0.9788489824061193,
                -0.20458413829645933
            ]
        ],
        [
            [
                0.08143951562973462,
                0.18928587881250292,
                0.0
            ],
            [
                -0.0,
                -0.0,
                0.7682085614077299,
                0.6401996611838109
            ]
        ]
    ],
    "difficulty": 0.5094646855281905
}