{
    "target_eff_poses": [
        [
            [
                0.05357362702488899,
                -0.5966541171073914,
                0.5744665265083313
            ],
            [
                0.13965971767902374,
                0.4495558738708496,
                -0.5330528616905212,
                0.703028678894043
            ]
        ]
    ],
    "start_goal_config": [
        null
    ],
    "start_config": [
        [
            -2.8631441942043896,
            -2.7519519482653925,
            1.079462149118127,
            -1.4900832650754057,
            -1.7440786713261707,
            1.005550023601199e-05
        ]
    ],
    "goal_config": [
        [
            -3.2345025974031705,
            -2.58805071017201,
            1.6737589015255439,
            -1.2470106581372609,
            -1.9183457567294229,
            2.449848014816874e-05
        ]
    ],
    "base_poses": [
        [
            [
                -0.013475191948593368,
                -0.6144231448751931,
                0.0
            ],
            [
                0.0,
                0.0,
                0.9095868746972313,
                0.41551379926366244
            ]
        ]
    ],
    "difficulty": 0.0,
    "dynamic_speed": null
}