{
    "target_eff_poses": [
        [
            [
                0.3106783926486969,
                -0.14589743316173553,
                0.20936577022075653
            ],
            [
                0.7071763873100281,
                -0.5223163962364197,
                -0.3898676037788391,
                -0.2740262746810913
            ]
        ],
        [
            [
                0.05030754581093788,
                0.43033304810523987,
                0.381471186876297
            ],
            [
                -0.6728020310401917,
                0.19204556941986084,
                0.7085365653038025,
                0.09182532131671906
            ]
        ],
        [
            [
                -0.647418200969696,
                -0.07023849338293076,
                0.4897787868976593
            ],
            [
                -0.5463967323303223,
                0.2095307856798172,
                0.7920913696289062,
                0.17360517382621765
            ]
        ],
        [
            [
                -1.0448278188705444,
                -0.7267079949378967,
                0.253162145614624
            ],
            [
                -0.6626883149147034,
                -0.20479635894298553,
                0.7143986821174622,
                0.09239708632230759
            ]
        ]
    ],
    "start_goal_config": [
        null,
        null,
        null,
        null
    ],
    "start_config": [
        [
            -3.9865979158995364,
            -1.7774501432895058,
            1.7273581556802153,
            -1.450036821625375,
            -1.8416916503742629,
            -4.0956432703006534e-08
        ],
        [
            -5.045128323400643,
            -1.4001669539506918,
            1.2154192581972156,
            -1.7133301264274756,
            -2.3393955582714434,
            3.0110163370146012e-05
        ],
        [
            -5.07041266696386,
            -1.74228339918483,
            1.3541858058052085,
            -1.5209911850083542,
            -2.8432401997543875,
            8.990789087839797e-05
        ],
        [
            -2.169768112902986,
            -1.7863463766365193,
            1.1889244688626355,
            -1.6863657373150738,
            -1.1782780214681925,
            -8.493557512291187e-07
        ]
    ],
    "goal_config": [
        [
            -2.9231029942762565,
            -1.6297856229866217,
            2.0043048882730083,
            -1.367939954912549,
            -1.5472805509436072,
            6.934283685045906e-06
        ],
        [
            -2.625365510136569,
            -1.5110050850180143,
            1.52471966962499,
            -1.6054224124517675,
            -1.4216294390056015,
            -4.204454180699196e-06
        ],
        [
            -2.6850559724917216,
            -1.4780977417686092,
            1.299701319909626,
            -1.7129554389867465,
            -1.4203750128220458,
            -2.784920153885763e-06
        ],
        [
            -4.653571752995745,
            -1.0262408814456354,
            1.244491647980057,
            -1.8268487386138936,
            -1.9991472299531634,
            2.8024446852334724e-05
        ]
    ],
    "base_poses": [
        [
            [
                0.5273643934331269,
                -0.44085853065117586,
                0.0
            ],
            [
                0.0,
                0.0,
                -0.6695821818506787,
                0.7427379765085966
            ]
        ],
        [
            [
                0.5740327250738613,
                0.34450739577056755,
                0.0
            ],
            [
                0.0,
                0.0,
                -0.44536277303104566,
                0.8953502110337035
            ]
        ],
        [
            [
                -0.1124926861289961,
                -0.26821833528387895,
                0.0
            ],
            [
                0.0,
                0.0,
                -0.4962218149342037,
                0.86819577883298
            ]
        ],
        [
            [
                -0.36231410810794196,
                -0.5527849181246742,
                0.0
            ],
            [
                -0.0,
                -0.0,
                0.7456805572237257,
                0.6663036144120141
            ]
        ]
    ],
    "difficulty": 0.9138238887322621,
    "dynamic_speed": null,
    "ur5_count": 4,
    "id": "000340",
    "task_path": "/home/hqh2101/workspace-sharing-multiarm/src/data/8f14d7-hard-vlo-tasks/000340.json"
}