{
    "target_eff_poses": [
        [
            [
                0.3767832815647125,
                -0.20739197731018066,
                0.3257928192615509
            ],
            [
                0.7304599285125732,
                -0.21873009204864502,
                -0.49837568402290344,
                -0.4125616252422333
            ]
        ],
        [
            [
                -0.8287514448165894,
                -0.1732262223958969,
                0.5209111571311951
            ],
            [
                -0.3850855231285095,
                0.3467644453048706,
                0.3664170503616333,
                0.7727885246276855
            ]
        ]
    ],
    "start_goal_config": [
        null,
        null
    ],
    "start_config": [
        [
            -4.598710910117895,
            -1.8600998828129884,
            2.0061627715052026,
            -1.3121275331226583,
            -2.1483540221732755,
            2.5251378769411234e-05
        ],
        [
            -5.175169491451438,
            -1.510638061608469,
            1.9776132812394474,
            -1.4014711482388533,
            -2.56506684225584,
            2.8896400810917082e-05
        ]
    ],
    "goal_config": [
        [
            -4.459782000760587,
            -1.5190292208565415,
            1.657830707238276,
            -1.5460253358948501,
            -1.9713178188859268,
            3.5734944302512324e-05
        ],
        [
            -3.21355079863542,
            -2.6834404915239576,
            1.787274434656609,
            -1.1559170243494497,
            -1.9657633874292608,
            1.8382016253730493e-05
        ]
    ],
    "base_poses": [
        [
            [
                0.6942551075832142,
                -0.5778448545627634,
                0.0
            ],
            [
                -0.0,
                -0.0,
                0.1671155466706332,
                0.9859373175110958
            ]
        ],
        [
            [
                -0.7730347362171202,
                -0.1932913241250548,
                0.0
            ],
            [
                0.0,
                0.0,
                -0.7799429515984846,
                0.6258506149648204
            ]
        ]
    ],
    "difficulty": 0.017197631801522412,
    "dynamic_speed": null
}