{
    "target_eff_poses": [
        [
            [
                -0.381320059299469,
                0.29781922698020935,
                0.12686914205551147
            ],
            [
                0.9503515362739563,
                -0.2518822252750397,
                0.0381193533539772,
                -0.17870166897773743
            ]
        ],
        [
            [
                0.05707830935716629,
                -0.2998013496398926,
                0.20053862035274506
            ],
            [
                0.6900497674942017,
                -0.01898394152522087,
                -0.6561987400054932,
                -0.3047526180744171
            ]
        ],
        [
            [
                0.20384149253368378,
                0.30880919098854065,
                0.616595983505249
            ],
            [
                0.11354462057352066,
                -0.005392082501202822,
                0.43193715810775757,
                0.8947116136550903
            ]
        ],
        [
            [
                -0.5563498735427856,
                -0.5931732654571533,
                0.4937078058719635
            ],
            [
                -0.40193068981170654,
                0.2617223560810089,
                0.8623868823051453,
                0.16199415922164917
            ]
        ]
    ],
    "start_goal_config": [
        null,
        null,
        null,
        null
    ],
    "start_config": [
        [
            -4.018445539258096,
            -2.0382836545390197,
            1.1351928170827568,
            -1.655511088713452,
            -2.096429605169287,
            3.671515423732835e-05
        ],
        [
            -4.811784522144098,
            -0.7812757761991143,
            1.0961789467492828,
            -1.9322291294385627,
            -2.069369473640337,
            3.1538285466232604e-05
        ],
        [
            -1.9294570020577426,
            -0.932003075193447,
            1.3254470342845504,
            -1.8217847785428904,
            -1.1503413853441289,
            -2.44711849836229e-05
        ],
        [
            -2.7867240324519797,
            -2.342337882454066,
            2.110982446954908,
            -1.0742760355008798,
            -1.5805372591803515,
            1.136525514793714e-06
        ]
    ],
    "goal_config": [
        [
            -4.7578254407501115,
            -1.7498842293213712,
            2.5814928147426706,
            -1.1991245743020589,
            -3.0926723329064276,
            -7.150561370967917e-06
        ],
        [
            -4.632190743296062,
            -0.8939532874828623,
            1.1653099114751049,
            -1.8891003340766916,
            -1.9780751764323856,
            2.6841999095263965e-05
        ],
        [
            -2.3831125752039926,
            -3.0005814595460003,
            1.0311683855814398,
            -1.4000812570693466,
            -2.6445194487773946,
            -7.183953913986344e-05
        ],
        [
            -2.7323418324469455,
            -2.8820044805696456,
            1.8044130360642618,
            -1.0635227123420639,
            -1.1792731234564122,
            -1.9200377735018627e-05
        ]
    ],
    "base_poses": [
        [
            [
                -0.4977379305117271,
                0.11396975808944787,
                0.0
            ],
            [
                0.0,
                0.0,
                -0.21032346160390025,
                0.9776318537665151
            ]
        ],
        [
            [
                0.7489176332314023,
                -0.5801068722573286,
                0.0
            ],
            [
                -0.0,
                -0.0,
                0.49181093254069097,
                0.8707020194265406
            ]
        ],
        [
            [
                -0.010038209983405766,
                0.7981626183692254,
                0.0
            ],
            [
                0.0,
                0.0,
                -0.821140560697285,
                0.5707260109524958
            ]
        ],
        [
            [
                -0.5048372852949541,
                -0.422787453836617,
                0.0
            ],
            [
                0.0,
                0.0,
                -0.5530928697002906,
                0.8331196057509974
            ]
        ]
    ],
    "difficulty": 0.8006766281364533,
    "dynamic_speed": null,
    "ur5_count": 4,
    "id": "000381",
    "task_path": "/home/huy/programming/projects/workspace-sharing-multiarm/src/data/8f14d7-hard-vlo-tasks/000381.json"
}