{
    "target_eff_poses": [
        [
            [
                0.29499760270118713,
                -0.7027198076248169,
                0.5287705063819885
            ],
            [
                0.015435443259775639,
                0.01146114431321621,
                0.7182554006576538,
                0.695513904094696
            ]
        ]
    ],
    "start_goal_config": [
        null
    ],
    "start_config": [
        [
            -1.9743789123573594,
            -1.92138443773116,
            1.7758768142275998,
            -1.39198916111276,
            -1.1616828372273453,
            -1.4450372968113881e-05
        ]
    ],
    "goal_config": [
        [
            -2.3615093966215657,
            -3.1937743633267406,
            1.2578262840432741,
            -1.2441298547046804,
            -2.9789428570176884,
            -3.248728617445256e-05
        ]
    ],
    "base_poses": [
        [
            [
                -0.2499376651450559,
                -0.6505080555836242,
                0.0
            ],
            [
                0.0,
                0.0,
                -0.4397157307656145,
                0.8981370029774197
            ]
        ]
    ],
    "difficulty": 0.0,
    "dynamic_speed": null
}