{
    "target_eff_poses": [
        [
            [
                0.4215584099292755,
                0.2630771994590759,
                0.49192604422569275
            ],
            [
                -0.6427018642425537,
                0.070966936647892,
                0.7483754754066467,
                -0.1477571427822113
            ]
        ],
        [
            [
                0.6844317317008972,
                0.21732306480407715,
                0.6292487382888794
            ],
            [
                -0.5442406535148621,
                0.17318013310432434,
                0.13837920129299164,
                0.8091118931770325
            ]
        ]
    ],
    "start_goal_config": [
        null,
        null
    ],
    "start_config": [
        [
            -3.0417251506867666,
            -1.446230649180238,
            1.2590457555682586,
            -1.7397137831508533,
            -1.5153403650284933,
            1.235408976464489e-06
        ],
        [
            -2.03584580019632,
            -1.5783349091079129,
            1.7176715604078228,
            -1.5088948065485268,
            -1.2271546442024575,
            -1.4876192863257951e-05
        ]
    ],
    "goal_config": [
        [
            -2.2494536152798523,
            -2.0950163173905407,
            1.7255072403151928,
            -1.3658246427225342,
            -1.2658920236179796,
            -1.2487954862799668e-07
        ],
        [
            -4.665942664855005,
            -2.071119915580863,
            1.5645977937681768,
            -1.4192810354594512,
            -2.6641365026688155,
            2.9489850812235682e-05
        ]
    ],
    "base_poses": [
        [
            [
                0.6747525308729716,
                0.4333520110258029,
                0.0
            ],
            [
                0.0,
                0.0,
                -0.39272391979784677,
                0.9196564156349992
            ]
        ],
        [
            [
                0.6438123515020815,
                -0.028051754401707596,
                0.0
            ],
            [
                0.0,
                0.0,
                -0.09242724132842688,
                0.9957194409372635
            ]
        ]
    ],
    "difficulty": 0.6079187435342801,
    "dynamic_speed": null
}