{
    "target_eff_poses": [
        [
            [
                0.22513826191425323,
                0.39996081590652466,
                0.4223053455352783
            ],
            [
                -0.4511765241622925,
                -0.5620085000991821,
                0.608211874961853,
                -0.33266258239746094
            ]
        ],
        [
            [
                0.6544088125228882,
                0.23921367526054382,
                0.49459418654441833
            ],
            [
                -0.3250322937965393,
                0.5031683444976807,
                0.3896567225456238,
                0.6995307207107544
            ]
        ],
        [
            [
                -0.345506876707077,
                -0.38198521733283997,
                0.7047213315963745
            ],
            [
                -0.17051191627979279,
                0.3580132722854614,
                0.4416346848011017,
                0.8048049211502075
            ]
        ]
    ],
    "start_goal_config": [
        null,
        null,
        null
    ],
    "start_config": [
        [
            -4.5374589940207795,
            -1.6705681827159948,
            1.8033864877974222,
            -1.447693029853396,
            -2.0383858554464687,
            2.819580747483789e-05
        ],
        [
            -2.635914072382388,
            -3.1967664884899776,
            1.9846766635131872,
            -0.6944485119469898,
            -1.049822215647036,
            -1.2360388508163229e-05
        ],
        [
            -3.0271657441833275,
            -3.1311762704981034,
            1.0116636495934497,
            -1.3523582221657764,
            -1.44100164336949,
            8.347664063925258e-06
        ]
    ],
    "goal_config": [
        [
            -4.184539758477704,
            -1.9776657173963446,
            1.8073762143858818,
            -1.3616594174452918,
            -1.9646500791856896,
            2.3179463164612193e-05
        ],
        [
            -3.427071617592535,
            -1.5764551163555571,
            1.375846588201355,
            -1.6564300281033335,
            -1.6361160554722805,
            1.0179711341184136e-05
        ],
        [
            -2.94533562349423,
            -2.0332375091955344,
            1.292124074969865,
            -1.5849780275153833,
            -1.5134032517385807,
            1.7810249207097793e-06
        ]
    ],
    "base_poses": [
        [
            [
                0.2207482611646332,
                0.7138790290433557,
                0.0
            ],
            [
                0.0,
                0.0,
                0.9387247249074173,
                0.34466779781043305
            ]
        ],
        [
            [
                0.5039730693582607,
                -0.2577728161549325,
                0.0
            ],
            [
                0.0,
                0.0,
                -0.7752886443367967,
                0.6316070914440496
            ]
        ],
        [
            [
                -0.40153020610624535,
                -0.6591828164672235,
                0.0
            ],
            [
                0.0,
                0.0,
                0.9304869861315198,
                -0.36632494951870387
            ]
        ]
    ],
    "difficulty": 0.4280071475594846,
    "dynamic_speed": null
}