{
    "target_eff_poses": [
        [
            [
                -0.22578604519367218,
                0.4673668444156647,
                0.7831597924232483
            ],
            [
                -0.2097630798816681,
                0.21925893425941467,
                0.34561848640441895,
                0.887959897518158
            ]
        ]
    ],
    "start_goal_config": [
        null
    ],
    "start_config": [
        [
            -3.103869286685649,
            -2.0998928895956537,
            1.1731110899442017,
            -1.626832651619134,
            -1.582834662258931,
            4.826907374193845e-06
        ]
    ],
    "goal_config": [
        [
            -4.01050745507122,
            -1.9373137013416346,
            1.107217669673074,
            -1.6948837143361368,
            -1.9629222067953187,
            3.3468485666526925e-05
        ]
    ],
    "base_poses": [
        [
            [
                -0.28392523219351384,
                0.20194225063681048,
                0.0
            ],
            [
                0.0,
                0.0,
                -0.5388620208122713,
                0.8423940423139965
            ]
        ]
    ],
    "difficulty": 0.0
}