{
    "target_eff_poses": [
        [
            [
                -0.013185255229473114,
                0.13021057844161987,
                0.5647335052490234
            ],
            [
                0.2882954478263855,
                0.3991491198539734,
                -0.5419484972953796,
                0.6810709238052368
            ]
        ],
        [
            [
                0.40202271938323975,
                -0.476450651884079,
                0.3413418233394623
            ],
            [
                0.5677081346511841,
                0.5350280404090881,
                -0.2899816036224365,
                0.5544034838676453
            ]
        ],
        [
            [
                -0.23980867862701416,
                -0.7327417731285095,
                0.17771688103675842
            ],
            [
                0.7017184495925903,
                0.3143320679664612,
                -0.6003793478012085,
                -0.21984371542930603
            ]
        ]
    ],
    "start_goal_config": [
        null,
        null,
        null
    ],
    "start_config": [
        [
            -4.548041897289769,
            -1.85805098533354,
            1.3554397970037362,
            -1.5880086670632818,
            -2.127519949810535,
            5.9199605965046275e-05
        ],
        [
            -2.926995007380133,
            -2.8067957306091715,
            1.6040073934324073,
            -1.205242739193004,
            -1.666491241658735,
            5.294064854972015e-18
        ],
        [
            -3.0817032490634633,
            -2.5222792471849744,
            1.5798531340197828,
            -1.3130108039887474,
            -1.7222248840137875,
            -1.7484985175950891e-09
        ]
    ],
    "goal_config": [
        [
            -2.957026193742574,
            -2.534720248490195,
            1.6806431640310389,
            -1.2578800373418275,
            -1.6174086464443926,
            7.084849079017681e-07
        ],
        [
            -2.0661821857780254,
            -1.7635839257311499,
            1.826010946506978,
            -1.4143793151477533,
            -1.2376935941500797,
            -1.6126272117479494e-05
        ],
        [
            -5.103369799602785,
            -0.9482055012864086,
            1.3347128418272305,
            -1.7738303910567568,
            -2.3429484469768442,
            2.6821196424784644e-05
        ]
    ],
    "base_poses": [
        [
            [
                -0.12772024357234035,
                0.1568868857637422,
                0.0
            ],
            [
                -0.0,
                -0.0,
                0.737720625108061,
                0.6751061244650146
            ]
        ],
        [
            [
                0.1543953116437231,
                -0.15568576244877597,
                0.0
            ],
            [
                -0.0,
                -0.0,
                0.37519931800705114,
                0.926944157847194
            ]
        ],
        [
            [
                0.4444267536705102,
                -0.6661644773324007,
                0.0
            ],
            [
                -0.0,
                -0.0,
                0.849989324940666,
                0.5267999121933403
            ]
        ]
    ],
    "difficulty": 0.9242765877489666,
    "dynamic_speed": null
}