{
    "target_eff_poses": [
        [
            [
                0.6371169686317444,
                0.9502534866333008,
                0.48975059390068054
            ],
            [
                0.35596707463264465,
                0.5710986256599426,
                0.2953992187976837,
                0.6781394481658936
            ]
        ],
        [
            [
                0.05085718259215355,
                -0.700734555721283,
                0.38188475370407104
            ],
            [
                -0.260872483253479,
                0.6136259436607361,
                -0.07206378877162933,
                0.7417652010917664
            ]
        ]
    ],
    "start_goal_config": [
        null,
        null
    ],
    "start_config": [
        [
            -2.359738521258921,
            -2.6859218686581046,
            1.901876374564161,
            -1.1027958925878583,
            -0.7797905996044685,
            -1.7988453924722586e-05
        ],
        [
            -1.59149126449885,
            -1.8152056505330565,
            2.21934760437933,
            -1.2556737055109406,
            -0.7278266640542805,
            -1.6560546606449716e-05
        ]
    ],
    "goal_config": [
        [
            -1.9924675060549901,
            -2.416877130080276,
            1.9306861460441795,
            -1.178992044271986,
            -0.6026009032717127,
            -2.5149220890557045e-05
        ],
        [
            -3.1982662533247628,
            -2.871394536236569,
            2.068214532125907,
            -0.8786585647646533,
            -2.069627809353364,
            6.688648790869839e-06
        ]
    ],
    "base_poses": [
        [
            [
                0.47714842798803025,
                0.755273889202323,
                0.0
            ],
            [
                -0.0,
                -0.0,
                0.7973830640188451,
                0.6034734867547357
            ]
        ],
        [
            [
                0.09403251405241309,
                -0.7363676023635275,
                0.0
            ],
            [
                0.0,
                0.0,
                0.98368084578389,
                -0.17992218773094898
            ]
        ]
    ],
    "difficulty": 0.006513331976389172
}