{
    "target_eff_poses": [
        [
            [
                -0.5309059619903564,
                -0.04090992361307144,
                0.15306192636489868
            ],
            [
                -0.49319079518318176,
                0.7925052642822266,
                0.3133021891117096,
                0.17475701868534088
            ]
        ]
    ],
    "start_goal_config": [
        null
    ],
    "start_config": [
        [
            -2.926409344078585,
            -2.9352199479766172,
            0.9745536145145368,
            -1.4742005707406125,
            -1.6493120788976356,
            -4.517131495144106e-06
        ]
    ],
    "goal_config": [
        [
            -1.9213059774767776,
            -1.6554651976913617,
            2.2298096732259087,
            -1.308186145746758,
            -1.0654833528980399,
            -1.0018572797960642e-05
        ]
    ],
    "base_poses": [
        [
            [
                -0.34599808126116705,
                -0.30465482179511394,
                0.0
            ],
            [
                0.0,
                0.0,
                0.9802290854957999,
                -0.1978659646024748
            ]
        ]
    ],
    "difficulty": 0.0
}