{
    "target_eff_poses": [
        [
            [
                0.2961372137069702,
                0.21573898196220398,
                0.18737275898456573
            ],
            [
                -0.23682238161563873,
                0.8528218865394592,
                0.07002736628055573,
                0.46011534333229065
            ]
        ],
        [
            [
                -0.5744619369506836,
                0.28060734272003174,
                0.5185308456420898
            ],
            [
                -0.01788945682346821,
                0.05683831870555878,
                0.06841512769460678,
                0.9958758354187012
            ]
        ]
    ],
    "start_goal_config": [
        null,
        null
    ],
    "start_config": [
        [
            -2.788196464881521,
            -3.145277619296796,
            1.4055778696224277,
            -1.155514813599259,
            -1.8560780189937032,
            1.9116092544380238e-05
        ],
        [
            -2.9438738525462163,
            -2.0982911320532405,
            1.3663000759928452,
            -1.5330396347337518,
            -1.5238380320914968,
            2.0461142478051263e-06
        ]
    ],
    "goal_config": [
        [
            -3.4683463291665952,
            -1.5368100518580086,
            1.9753604659801098,
            -1.4067541165060877,
            -1.690626544952037,
            2.1771227681622634e-06
        ],
        [
            -2.819926864991315,
            -3.1999648344052574,
            1.3334465974855378,
            -1.1558340196260226,
            -1.8070160478971322,
            -1.4534627337789946e-05
        ]
    ],
    "base_poses": [
        [
            [
                -0.007096871908866098,
                -0.022978014198187124,
                0.0
            ],
            [
                0.0,
                0.0,
                0.9307527621120342,
                -0.36564914306041946
            ]
        ],
        [
            [
                -0.17159572418656044,
                0.3538897242685941,
                0.0
            ],
            [
                0.0,
                0.0,
                0.9996654623845196,
                -0.025864325151540916
            ]
        ]
    ],
    "difficulty": 0.6501457725947521,
    "dynamic_speed": null,
    "ur5_count": 2,
    "id": "000554",
    "task_path": "/home/hqh2101/workspace-sharing-multiarm/src/data/8f14d7-hard-vlo-tasks/000554.json"
}