{
    "target_eff_poses": [
        [
            [
                -0.42291393876075745,
                -0.8518444299697876,
                0.4488815665245056
            ],
            [
                -0.2491748332977295,
                0.16772843897342682,
                0.7177613377571106,
                0.6281702518463135
            ]
        ],
        [
            [
                -1.1411093473434448,
                -0.31187689304351807,
                0.4888441562652588
            ],
            [
                -0.490146279335022,
                -0.18455761671066284,
                0.7712196707725525,
                -0.3618224561214447
            ]
        ],
        [
            [
                0.2985418736934662,
                -0.07202471792697906,
                0.5829033255577087
            ],
            [
                -0.42174139618873596,
                -0.3087427616119385,
                0.6935378313064575,
                -0.4957997500896454
            ]
        ]
    ],
    "start_goal_config": [
        null,
        null,
        null
    ],
    "start_config": [
        [
            -2.696301885769529,
            -2.346689007088487,
            2.256246932949264,
            -0.9569802928520383,
            -1.5624926082079644,
            -3.640093789040677e-07
        ],
        [
            -3.1730636772324377,
            -3.039389617098046,
            2.006592150235948,
            -0.8776408241508518,
            -2.391698075125307,
            1.4096839905329623e-05
        ],
        [
            -2.8651872731405232,
            -2.3391322061509574,
            1.7206219398700093,
            -1.2970985811817477,
            -1.5475471428568033,
            2.4902024493970066e-07
        ]
    ],
    "goal_config": [
        [
            -2.8486702064454104,
            -3.226881513783061,
            1.6556010971176707,
            -0.9601528188500354,
            -1.69727304945879,
            8.940914557611038e-06
        ],
        [
            -3.0367616399173105,
            -1.256121359111051,
            1.080653785415047,
            -1.8636502859567456,
            -1.492242719867139,
            -1.4835753694977055e-06
        ],
        [
            -3.2167061352958712,
            -1.6801640862305738,
            1.3037243250812602,
            -1.6651830632027045,
            -1.5820787865437664,
            7.4118576306060165e-06
        ]
    ],
    "base_poses": [
        [
            [
                -0.40091280045800987,
                -0.5731567792778233,
                0.0
            ],
            [
                0.0,
                0.0,
                -0.7188547134621757,
                0.6951603418875485
            ]
        ],
        [
            [
                -0.7657175153843842,
                0.2447960192393941,
                0.0
            ],
            [
                -0.0,
                -0.0,
                0.3400561799020387,
                0.9404051225458272
            ]
        ],
        [
            [
                0.3407232128084883,
                0.4002004987111234,
                0.0
            ],
            [
                -0.0,
                -0.0,
                0.6161508236247073,
                0.7876281880091613
            ]
        ]
    ],
    "difficulty": 0.39189316279507197,
    "dynamic_speed": null,
    "ur5_count": 3,
    "id": "000549",
    "task_path": "/home/hqh2101/workspace-sharing-multiarm/src/data/8f14d7-hard-vlo-tasks/000549.json"
}