{
    "target_eff_poses": [
        [
            [
                -0.6686383485794067,
                -0.2324928492307663,
                0.23400655388832092
            ],
            [
                0.6324222683906555,
                -0.6245709657669067,
                -0.36055636405944824,
                0.2827581763267517
            ]
        ],
        [
            [
                -0.255763977766037,
                0.1856117695569992,
                0.1060342863202095
            ],
            [
                0.8527443408966064,
                -0.2080945521593094,
                -0.46511611342430115,
                -0.11485099047422409
            ]
        ]
    ],
    "start_goal_config": [
        null,
        null
    ],
    "start_config": [
        [
            -3.1310427776279703,
            -0.9084081203097198,
            1.1802036777706004,
            -1.892523433851255,
            -1.50706181079842,
            -1.6633420192366314e-06
        ],
        [
            -2.8063466953662215,
            -3.148974910990202,
            1.4561227987321816,
            -1.127564853618423,
            -1.8244296681785193,
            1.505921584072478e-05
        ]
    ],
    "goal_config": [
        [
            -0.9941158091507948,
            -1.2185321061061218,
            1.711926512327923,
            -1.4453106543844074,
            -0.12659811070328783,
            -3.62528805927624e-05
        ],
        [
            -3.188822866128857,
            -1.1865986939308506,
            1.7716113094474781,
            -1.5842397093175211,
            -1.5735319373917616,
            4.071826852207319e-08
        ]
    ],
    "base_poses": [
        [
            [
                -0.0854919391997635,
                -0.05965686419419569,
                0.0
            ],
            [
                0.0,
                0.0,
                0.9047501028465367,
                -0.42594277948943016
            ]
        ],
        [
            [
                0.23387837105799103,
                0.052549987902812845,
                0.0
            ],
            [
                0.0,
                0.0,
                -0.21540248075901755,
                0.9765253561904376
            ]
        ]
    ],
    "difficulty": 0.7106178877080787,
    "dynamic_speed": null
}