{
    "target_eff_poses": [
        [
            [
                0.27467063069343567,
                -0.07397327572107315,
                0.4422801733016968
            ],
            [
                0.2847078740596771,
                0.6255007982254028,
                -0.3711280822753906,
                0.6244630217552185
            ]
        ],
        [
            [
                -0.31323227286338806,
                0.8566935658454895,
                0.38675224781036377
            ],
            [
                -0.28164011240005493,
                0.6475728154182434,
                0.08435743302106857,
                0.7030022144317627
            ]
        ]
    ],
    "start_goal_config": [
        null,
        null
    ],
    "start_config": [
        [
            -4.424050357615243,
            -2.2080478128440495,
            2.2660767969415727,
            -1.0681132238383673,
            -2.352081843956355,
            1.3020911037990923e-05
        ],
        [
            -1.8172842990736218,
            -2.1236846196109247,
            1.6863087393773908,
            -1.3610387542857059,
            -0.672887751180035,
            -2.127708174237318e-05
        ]
    ],
    "goal_config": [
        [
            -3.4124866642324143,
            -1.8597073978535075,
            1.6815250909226531,
            -1.448019903472203,
            -1.6798833384027125,
            1.3582724958946735e-05
        ],
        [
            -4.170928645230545,
            -1.5494328155552481,
            1.557130902399135,
            -1.5811412390321244,
            -1.861611502225942,
            2.9113193983597347e-05
        ]
    ],
    "base_poses": [
        [
            [
                -0.012583380934783839,
                0.17283810889358853,
                0.0
            ],
            [
                0.0,
                0.0,
                0.940657912386547,
                0.33935629044498844
            ]
        ],
        [
            [
                -0.7052016734694263,
                0.5439056359748637,
                0.0
            ],
            [
                0.0,
                0.0,
                -0.7112550729079028,
                0.7029340091806441
            ]
        ]
    ],
    "difficulty": 0.3605755666321828,
    "dynamic_speed": null,
    "ur5_count": 2,
    "id": "000504",
    "task_path": "/home/huy/programming/projects/workspace-sharing-multiarm/src/data/8f14d7-hard-vlo-tasks/000504.json"
}