{
    "target_eff_poses": [
        [
            [
                -0.38224124908447266,
                -0.5667616128921509,
                0.6139130592346191
            ],
            [
                0.2253895252943039,
                0.37140315771102905,
                -0.7454317212104797,
                0.5055601000785828
            ]
        ],
        [
            [
                -0.23908336460590363,
                1.2024779319763184,
                0.5617842078208923
            ],
            [
                -0.34768858551979065,
                0.4375792443752289,
                0.5610702633857727,
                0.6106039881706238
            ]
        ],
        [
            [
                0.11786078661680222,
                -0.4373997151851654,
                0.10742487013339996
            ],
            [
                0.7663264274597168,
                0.557181179523468,
                -0.29922249913215637,
                0.11295575648546219
            ]
        ]
    ],
    "start_goal_config": [
        null,
        null,
        null
    ],
    "start_config": [
        [
            -2.016807897914579,
            -2.080227793651386,
            1.527359009112081,
            -1.4546729464250014,
            -0.9931190839860871,
            -2.0066300536886505e-05
        ],
        [
            -1.7520951077733142,
            -1.7024791355346152,
            1.4542529661527226,
            -1.5785710232983494,
            -1.0262875554736346,
            -2.1000889584483475e-05
        ],
        [
            -2.956525881158971,
            -2.515417531687868,
            1.024366457029478,
            -1.593677524593156,
            -1.6720732503129292,
            6.436880211975896e-06
        ]
    ],
    "goal_config": [
        [
            -3.3240764059531784,
            -2.5373807146570626,
            1.5968488058229484,
            -1.3022102575185484,
            -2.000209543230976,
            2.445718620917941e-05
        ],
        [
            -2.880854581894594,
            -1.7951475468939952,
            1.4221327731345743,
            -1.5824731074056035,
            -1.4990734238893446,
            2.824024449600299e-06
        ],
        [
            -3.84376660934456,
            -1.4726516834517536,
            2.1750748430583484,
            -1.3535237832900475,
            -1.8384858919279394,
            1.820786369556643e-05
        ]
    ],
    "base_poses": [
        [
            [
                -0.43866575784460554,
                -0.540502906667804,
                0.0
            ],
            [
                -0.0,
                -0.0,
                0.7845105104693523,
                0.6201155206597526
            ]
        ],
        [
            [
                -0.1854027275525194,
                0.7818866457233946,
                0.0
            ],
            [
                0.0,
                0.0,
                -0.8381478764529199,
                0.5454430650374622
            ]
        ],
        [
            [
                0.21933963298262005,
                -0.14670502765168947,
                0.0
            ],
            [
                -0.0,
                -0.0,
                0.7485787212949212,
                0.663045924521417
            ]
        ]
    ],
    "difficulty": 0.5365371955233706,
    "dynamic_speed": null,
    "ur5_count": 3,
    "id": "000616",
    "task_path": "/home/hqh2101/workspace-sharing-multiarm/src/data/8f14d7-hard-vlo-tasks/000616.json"
}