{
    "target_eff_poses": [
        [
            [
                -0.17329314351081848,
                -0.3760223686695099,
                0.4569844901561737
            ],
            [
                -0.45447009801864624,
                -0.4728486239910126,
                0.707253634929657,
                -0.26393842697143555
            ]
        ]
    ],
    "start_goal_config": [
        null
    ],
    "start_config": [
        [
            -3.1611598543703527,
            -2.2783825292960174,
            1.1275131921549548,
            -1.6045652900644274,
            -1.737868504909314,
            1.2431772379344761e-05
        ]
    ],
    "goal_config": [
        [
            -4.550423038646662,
            -1.6035992837735251,
            1.4864463639900862,
            -1.5938296253462765,
            -2.0188341233455294,
            3.243090374617778e-05
        ]
    ],
    "base_poses": [
        [
            [
                -0.028897557953268427,
                0.09073369392203345,
                0.0
            ],
            [
                0.0,
                0.0,
                0.9596141879692572,
                0.28131940965404983
            ]
        ]
    ],
    "difficulty": 0.0
}