{
    "target_eff_poses": [
        [
            [
                -0.4622383713722229,
                0.18531790375709534,
                0.30524662137031555
            ],
            [
                -0.05296248942613602,
                0.8321887850761414,
                -0.1634039431810379,
                0.5272154211997986
            ]
        ],
        [
            [
                -0.6494094729423523,
                -0.11508208513259888,
                0.18079523742198944
            ],
            [
                0.9368720054626465,
                0.046738069504499435,
                -0.2814943790435791,
                -0.20210719108581543
            ]
        ],
        [
            [
                0.6714349985122681,
                0.23292823135852814,
                0.5228621363639832
            ],
            [
                0.2565738260746002,
                0.0797877311706543,
                0.9516216516494751,
                -0.1490640640258789
            ]
        ],
        [
            [
                0.576713502407074,
                1.0221937894821167,
                0.6118179559707642
            ],
            [
                -0.2831241190433502,
                0.4271971583366394,
                0.6104257702827454,
                0.603923499584198
            ]
        ]
    ],
    "start_goal_config": [
        null,
        null,
        null,
        null
    ],
    "start_config": [
        [
            -1.6437980517060415,
            -1.8809212380433578,
            1.4797574098044801,
            -1.5008828732203279,
            -0.697209612427011,
            -2.633850835142784e-05
        ],
        [
            -1.9329125625714634,
            -1.3999850090695094,
            1.2481410582833976,
            -1.7448700511747885,
            -1.154406873959057,
            -2.1253850323631773e-05
        ],
        [
            -5.051347278230998,
            -1.2187723605505392,
            1.629954922153624,
            -1.616137762402679,
            -2.3179259217818062,
            3.1670901278550306e-05
        ],
        [
            -3.0101215451309535,
            -2.396463917162649,
            1.5295504421711048,
            -1.3744521780734025,
            -1.60862864629918,
            1.6748631353360783e-07
        ]
    ],
    "goal_config": [
        [
            -3.7157875676651217,
            -2.2163865256582196,
            2.1515279200330903,
            -1.104555119648174,
            -1.9348958677422268,
            1.492385228204704e-05
        ],
        [
            -4.4672539462530025,
            -1.8391145735784564,
            2.316222775324811,
            -1.1848485346560607,
            -2.243321180049863,
            1.3588898042311753e-05
        ],
        [
            -2.8857994713355395,
            -3.160395528019937,
            0.8666679179172971,
            -1.3919403544145494,
            -1.7169248247827078,
            -8.777297702595535e-06
        ],
        [
            -2.5355173139659066,
            -2.052635197924068,
            1.4782038770148598,
            -1.4909727405321729,
            -1.3653283284712825,
            -1.8799289533672685e-07
        ]
    ],
    "base_poses": [
        [
            [
                -0.6474758244446992,
                0.16539241127926196,
                0.0
            ],
            [
                0.0,
                0.0,
                0.9858191615100805,
                -0.16781114623159518
            ]
        ],
        [
            [
                -0.4492297898748321,
                -0.21067666042493394,
                0.0
            ],
            [
                -0.0,
                -0.0,
                0.36758993781103955,
                0.92998797713738
            ]
        ],
        [
            [
                0.07219258679322349,
                0.03888447439397358,
                0.0
            ],
            [
                -0.0,
                -0.0,
                0.10037904298379141,
                0.994949268922621
            ]
        ],
        [
            [
                0.6563952912718547,
                0.7250928170727582,
                0.0
            ],
            [
                0.0,
                0.0,
                0.9268055557211571,
                -0.3755415581322489
            ]
        ]
    ],
    "difficulty": 0.7978963185574756,
    "dynamic_speed": null,
    "ur5_count": 4,
    "id": "000691",
    "task_path": "/home/huy/programming/projects/workspace-sharing-multiarm/src/data/8f14d7-hard-vlo-tasks/000691.json"
}