{
    "target_eff_poses": [
        [
            [
                0.09957420080900192,
                -1.1864451169967651,
                0.24034549295902252
            ],
            [
                -0.3564560115337372,
                -0.6338008046150208,
                0.6508667469024658,
                -0.21819308400154114
            ]
        ],
        [
            [
                0.0380115732550621,
                0.41816288232803345,
                0.7387793064117432
            ],
            [
                -0.27024737000465393,
                0.30437007546424866,
                -0.12895192205905914,
                0.904265820980072
            ]
        ]
    ],
    "start_goal_config": [
        null,
        null
    ],
    "start_config": [
        [
            -2.4246739886901465,
            -2.3530088758409593,
            1.4453059354814075,
            -1.4219915735335518,
            -0.7534595593932107,
            -2.7027453842081663e-05
        ],
        [
            -3.022507759112874,
            -2.7206667392663038,
            1.7780022411675727,
            -1.1438071313708902,
            -1.7828796671760057,
            1.2633427686413199e-05
        ]
    ],
    "goal_config": [
        [
            -5.078393891069867,
            -1.002803955127512,
            1.2747397650730143,
            -1.7851494084534172,
            -2.305809214004214,
            3.2439514447016256e-05
        ],
        [
            -4.665714274311894,
            -1.9164555969852353,
            1.2288138994774938,
            -1.6155773612295992,
            -2.4385062289300454,
            -4.060789284933889e-05
        ]
    ],
    "base_poses": [
        [
            [
                0.2085310126697668,
                -0.49927859983355205,
                0.0
            ],
            [
                0.0,
                0.0,
                0.9960789880281765,
                -0.08846835371342564
            ]
        ],
        [
            [
                -0.19476443403859567,
                0.25222194008672316,
                0.0
            ],
            [
                0.0,
                0.0,
                -0.4938703649678471,
                0.8695355441881174
            ]
        ]
    ],
    "difficulty": 0.17789537960512924
}