{
    "target_eff_poses": [
        [
            [
                0.30610132217407227,
                0.2143452912569046,
                0.5227595567703247
            ],
            [
                -0.16060146689414978,
                0.5877755284309387,
                0.18732787668704987,
                0.7704773545265198
            ]
        ],
        [
            [
                0.24143673479557037,
                -0.23260954022407532,
                0.4228098392486572
            ],
            [
                0.713068962097168,
                -0.22284770011901855,
                -0.5744614005088806,
                0.3344632685184479
            ]
        ]
    ],
    "start_goal_config": [
        null,
        null
    ],
    "start_config": [
        [
            -2.444727656432974,
            -2.2511152689402905,
            2.3024198513356247,
            -0.9737992610602494,
            -1.4081904577102122,
            -4.366161186109967e-06
        ],
        [
            -2.3706933066344824,
            -2.776388823841242,
            2.1902205248503765,
            -0.7981019692635356,
            -1.225529974752918,
            -7.824209106154626e-06
        ]
    ],
    "goal_config": [
        [
            -3.0897082444591843,
            -2.026287063676596,
            1.6252303996264559,
            -1.4301260144062022,
            -1.599017788328808,
            1.382049266459396e-06
        ],
        [
            -1.5041749635676587,
            -1.8338209013473152,
            1.7792424445053598,
            -1.3996795510727802,
            -0.740652184482327,
            -2.37431070641639e-05
        ]
    ],
    "base_poses": [
        [
            [
                0.09544107871246477,
                -0.022715920644146292,
                0.0
            ],
            [
                0.0,
                0.0,
                0.9744193633779199,
                -0.22473741182582224
            ]
        ],
        [
            [
                0.5516425745850249,
                0.048533387302089226,
                0.0
            ],
            [
                0.0,
                0.0,
                -0.6492105125980888,
                0.760608776134043
            ]
        ]
    ],
    "difficulty": 0.6075425561929841,
    "dynamic_speed": null,
    "ur5_count": 2,
    "id": "000629",
    "task_path": "/home/hqh2101/workspace-sharing-multiarm/src/data/8f14d7-hard-vlo-tasks/000629.json"
}