{
    "target_eff_poses": [
        [
            [
                0.4108063578605652,
                -0.5664552450180054,
                0.7032544612884521
            ],
            [
                -0.0026680983137339354,
                0.17116938531398773,
                0.7865516543388367,
                0.5933213829994202
            ]
        ]
    ],
    "start_goal_config": [
        null
    ],
    "start_config": [
        [
            -3.567447404769519,
            -2.6485530222154225,
            1.794985734496976,
            -1.1792333037632832,
            -2.4287662814518494,
            2.387427109156287e-05
        ]
    ],
    "goal_config": [
        [
            -3.1162425301181518,
            -2.745044663095424,
            1.3251194509930413,
            -1.3775661246471806,
            -0.6617991455714635,
            -3.255516616311075e-05
        ]
    ],
    "base_poses": [
        [
            [
                0.7150173162885738,
                -0.5088493938215268,
                0.0
            ],
            [
                0.0,
                0.0,
                0.8972245136817305,
                -0.44157465059555
            ]
        ]
    ],
    "difficulty": 0.0
}