{
    "target_eff_poses": [
        [
            [
                -0.037874627858400345,
                0.24664035439491272,
                0.30039334297180176
            ],
            [
                -0.7102255821228027,
                0.23430423438549042,
                0.41717472672462463,
                0.5163781642913818
            ]
        ],
        [
            [
                -0.6324886083602905,
                0.005322615150362253,
                0.4199056029319763
            ],
            [
                -0.48450031876564026,
                -0.3540516495704651,
                0.7903769016265869,
                -0.12333399802446365
            ]
        ]
    ],
    "start_goal_config": [
        null,
        null
    ],
    "start_config": [
        [
            -4.68125090619522,
            -2.0770553635796305,
            1.6154407357044622,
            -1.4104432947145278,
            -2.4386603945615812,
            3.5712797336218785e-05
        ],
        [
            -4.920842945379129,
            -1.7307823635893798,
            2.118880609583738,
            -1.308441281295697,
            -2.3883210657796288,
            2.720353100990658e-05
        ]
    ],
    "goal_config": [
        [
            -4.849298669294122,
            -1.3003235878789792,
            1.5020534201833957,
            -1.6536031844490544,
            -2.1434021522529183,
            9.166331654344263e-06
        ],
        [
            -4.72468031692039,
            -1.2135415011537043,
            1.1701500201304162,
            -1.8109894995900213,
            -2.0470792663956705,
            3.154953664816973e-05
        ]
    ],
    "base_poses": [
        [
            [
                0.20274184443341214,
                -0.281271527772641,
                0.0
            ],
            [
                -0.0,
                -0.0,
                0.24633315971388392,
                0.9691852116212742
            ]
        ],
        [
            [
                -0.1984684256423851,
                0.509881149797345,
                0.0
            ],
            [
                0.0,
                0.0,
                0.9263077374229313,
                0.3767678006284635
            ]
        ]
    ],
    "difficulty": 0.2927356451461329,
    "dynamic_speed": null
}