{
    "target_eff_poses": [
        [
            [
                -0.5228668451309204,
                0.26890328526496887,
                0.4716285467147827
            ],
            [
                -0.05735091120004654,
                0.5596503019332886,
                -0.20842383801937103,
                0.8000386953353882
            ]
        ],
        [
            [
                -0.24874146282672882,
                -0.35518157482147217,
                0.3311442732810974
            ],
            [
                -0.6850098967552185,
                0.09872818738222122,
                0.7099607586860657,
                -0.13026845455169678
            ]
        ],
        [
            [
                0.7721460461616516,
                0.12407910823822021,
                0.39224177598953247
            ],
            [
                -0.04453007131814957,
                0.7486857175827026,
                0.33798038959503174,
                0.5685561895370483
            ]
        ],
        [
            [
                -0.2567806839942932,
                0.6715471148490906,
                0.605826735496521
            ],
            [
                0.006995039060711861,
                0.5049850940704346,
                0.1785980612039566,
                0.8444192409515381
            ]
        ]
    ],
    "start_goal_config": [
        null,
        null,
        null,
        null
    ],
    "start_config": [
        [
            -2.748641081709165,
            -3.2143118121688494,
            1.4061960659446484,
            -1.1131742928949855,
            -1.9348571585820116,
            -2.4624622439230983e-06
        ],
        [
            -3.556196435192918,
            -1.7822530720321494,
            1.5784369671950091,
            -1.5147338711183203,
            -1.7046898048422252,
            2.6686553251225596e-05
        ],
        [
            -4.793442645434528,
            -1.8113731534361575,
            1.7801980354060534,
            -1.4158071978391684,
            -2.2175082984891197,
            -3.54482233339042e-07
        ],
        [
            -4.535565370801819,
            -1.2716248367700165,
            1.663912129630677,
            -1.6080616176748652,
            -1.9865279589706124,
            2.7628632102309043e-05
        ]
    ],
    "goal_config": [
        [
            -3.1389434742712536,
            -2.755085368126197,
            1.8810300493673984,
            -1.0725296134136972,
            -1.9277669261906474,
            -4.5985113754547605e-06
        ],
        [
            -2.133392010248983,
            -1.26416039968489,
            1.3767394411445995,
            -1.7254086826773616,
            -1.2461868816619501,
            -1.9533084780525676e-05
        ],
        [
            -2.015595943761254,
            -2.220369958936515,
            1.9860885862126705,
            -1.2111606305467968,
            -1.0938726044993672,
            -9.748442648079911e-10
        ],
        [
            -2.562747742911554,
            -2.2317350280473747,
            1.5559939944040284,
            -1.4070052876799353,
            -1.3485052487609455,
            -1.4587342199685529e-05
        ]
    ],
    "base_poses": [
        [
            [
                -0.5234841527225775,
                0.204524609192418,
                0.0
            ],
            [
                0.0,
                0.0,
                0.9969834034122627,
                0.07761503282548733
            ]
        ],
        [
            [
                0.36283534590121436,
                -0.18101852695399478,
                0.0
            ],
            [
                0.0,
                0.0,
                -0.46616041351435145,
                0.8847002141246089
            ]
        ],
        [
            [
                0.6980682599702037,
                -0.13010019422922858,
                0.0
            ],
            [
                0.0,
                0.0,
                0.9650587535015827,
                0.26203359000321214
            ]
        ],
        [
            [
                -0.41634848306304556,
                0.49964230365456475,
                0.0
            ],
            [
                0.0,
                0.0,
                0.9815978465535921,
                0.19095985871735127
            ]
        ]
    ],
    "difficulty": 0.8657459601653513,
    "dynamic_speed": null,
    "ur5_count": 4,
    "id": "000605",
    "task_path": "/home/hqh2101/workspace-sharing-multiarm/src/data/8f14d7-hard-vlo-tasks/000605.json"
}