{
    "target_eff_poses": [
        [
            [
                -0.8020625114440918,
                0.8658297657966614,
                0.15088126063346863
            ],
            [
                0.7456251382827759,
                -0.332254558801651,
                -0.4596118927001953,
                -0.3498670756816864
            ]
        ],
        [
            [
                0.6735708713531494,
                -0.19650697708129883,
                0.2868642508983612
            ],
            [
                0.7654223442077637,
                -0.030941573902964592,
                -0.595897376537323,
                -0.2409929782152176
            ]
        ],
        [
            [
                0.009742229245603085,
                -0.126773402094841,
                0.13149267435073853
            ],
            [
                -0.11639777570962906,
                0.4761545658111572,
                0.512400209903717,
                0.7051059603691101
            ]
        ]
    ],
    "start_goal_config": [
        null,
        null,
        null
    ],
    "start_config": [
        [
            -4.0168030668247665,
            -2.103330758022865,
            1.1527617036276825,
            -1.623378088054182,
            -2.406844673611027,
            -3.6071852815458945e-05
        ],
        [
            -1.8048040426349827,
            -1.5963408069505933,
            1.2828308837464315,
            -1.6788655445661795,
            -1.059315777766646,
            -2.366466064664244e-05
        ],
        [
            -2.371854781280805,
            -2.0172916277535693,
            2.034369628720444,
            -1.2411840018452536,
            -1.3730530420649096,
            -7.211240423728396e-06
        ]
    ],
    "goal_config": [
        [
            -4.073143713441617,
            -1.1219136893156947,
            1.5711868899897528,
            -1.6808987004429161,
            -1.8022415797121547,
            1.95709755306983e-05
        ],
        [
            -2.7787445897364083,
            -3.1388157711287965,
            2.122455196375419,
            -0.37989212476879763,
            -1.9147046087366184,
            3.5614989701902923e-06
        ],
        [
            -2.5542953359466614,
            -1.7959735329304194,
            2.7536042142492265,
            -3.046896959189047,
            -1.2170631053373935,
            0.04519213131050259
        ]
    ],
    "base_poses": [
        [
            [
                -0.4515553817702719,
                0.39089257143923706,
                0.0
            ],
            [
                0.0,
                0.0,
                -0.06907866390399009,
                0.9976112159520057
            ]
        ],
        [
            [
                0.5669691816121292,
                -0.07661131385202169,
                0.0
            ],
            [
                0.0,
                0.0,
                -0.38368091747259603,
                0.9234657295034759
            ]
        ],
        [
            [
                -0.0349315447304841,
                -0.4410019069639713,
                0.0
            ],
            [
                0.0,
                0.0,
                0.9868511827567953,
                -0.1616315040192171
            ]
        ]
    ],
    "difficulty": 0.5687012132041757,
    "dynamic_speed": null
}