{
    "target_eff_poses": [
        [
            [
                0.9325765371322632,
                -0.7307695746421814,
                0.3051473796367645
            ],
            [
                -0.09897985309362411,
                0.7316246032714844,
                -0.23525233566761017,
                0.6321272253990173
            ]
        ],
        [
            [
                1.2277436256408691,
                -0.2650383412837982,
                0.49594277143478394
            ],
            [
                0.33626243472099304,
                0.428842157125473,
                -0.2144097536802292,
                0.8105865120887756
            ]
        ],
        [
            [
                -0.49709105491638184,
                0.1833699643611908,
                0.48205533623695374
            ],
            [
                -0.5718750953674316,
                -0.18796272575855255,
                0.7980403900146484,
                0.027575556188821793
            ]
        ]
    ],
    "start_goal_config": [
        null,
        null,
        null
    ],
    "start_config": [
        [
            -3.024262770772733,
            -2.919163594079499,
            1.828337752553966,
            -1.0435290421903771,
            -2.1249019498720587,
            1.4165903808974125e-05
        ],
        [
            -5.063200447193205,
            -1.5220764292895819,
            1.2139489888715362,
            -1.6770619209228168,
            -2.427915473129552,
            -4.801874651885927e-05
        ],
        [
            -2.8014810670186607,
            -2.7282714000409927,
            2.2346536995573882,
            -0.7312276997369827,
            -1.7133390263638737,
            3.6439018522373457e-06
        ]
    ],
    "goal_config": [
        [
            -4.714238916468877,
            -1.3045200094624818,
            1.4873323077772522,
            -1.6633249120544378,
            -2.0615430375626254,
            3.62835301906739e-05
        ],
        [
            -1.9705525942717552,
            -1.3060052786150285,
            1.133604398632854,
            -1.8165078746476724,
            -1.1643976317195435,
            -1.9115893518687515e-05
        ],
        [
            -3.3608584985247445,
            -2.5627474702809345,
            1.8662058693566468,
            -1.1531052056527165,
            -1.9228964528794832,
            1.8871765550382082e-05
        ]
    ],
    "base_poses": [
        [
            [
                0.35480979193447215,
                -0.6495775363250993,
                0.0
            ],
            [
                0.0,
                0.0,
                -0.7804346987902367,
                0.6252372996904396
            ]
        ],
        [
            [
                0.7182110791290466,
                0.14286684103481373,
                0.0
            ],
            [
                -0.0,
                -0.0,
                0.49989853592022426,
                0.8660839761736827
            ]
        ],
        [
            [
                -0.4481284133525435,
                0.26459221668831967,
                0.0
            ],
            [
                -0.0,
                -0.0,
                0.24851737876866778,
                0.9686274373823769
            ]
        ]
    ],
    "difficulty": 0.38305276027461677,
    "dynamic_speed": null,
    "ur5_count": 3,
    "id": "000642",
    "task_path": "/home/hqh2101/workspace-sharing-multiarm/src/data/8f14d7-hard-vlo-tasks/000642.json"
}