{
    "target_eff_poses": [
        [
            [
                -0.3503924608230591,
                -0.4245409667491913,
                0.8282762169837952
            ],
            [
                -0.030335644260048866,
                0.15141762793064117,
                -0.19712886214256287,
                0.9681387543678284
            ]
        ]
    ],
    "start_goal_config": [
        null
    ],
    "start_config": [
        [
            -3.2448017567584193,
            -2.181291355570718,
            1.0946145301047283,
            -1.6460308380014714,
            -1.729585482990852,
            1.2168356568768265e-05
        ]
    ],
    "goal_config": [
        [
            -3.2069279287514987,
            -2.294331788534194,
            1.0841783604950146,
            -1.6213342545686156,
            -1.9694660806061806,
            2.5672839931455728e-05
        ]
    ],
    "base_poses": [
        [
            [
                -0.3505953902532388,
                -0.4832255430731328,
                0.0
            ],
            [
                0.0,
                0.0,
                0.999515374366975,
                -0.031129028318367082
            ]
        ]
    ],
    "difficulty": 0.0,
    "dynamic_speed": null
}