{
    "target_eff_poses": [
        [
            [
                0.41034743189811707,
                -0.25651076436042786,
                0.6840145587921143
            ],
            [
                -0.34062984585762024,
                -0.010723148472607136,
                0.9196356534957886,
                -0.1952604055404663
            ]
        ],
        [
            [
                -0.5426491498947144,
                -0.13278043270111084,
                0.19631095230579376
            ],
            [
                0.8076162338256836,
                -0.4466012120246887,
                -0.3322303593158722,
                -0.19474688172340393
            ]
        ],
        [
            [
                0.43442657589912415,
                -0.40099701285362244,
                0.47590160369873047
            ],
            [
                -0.1465151458978653,
                0.6063467264175415,
                0.47712892293930054,
                0.6190516948699951
            ]
        ],
        [
            [
                -0.1622876524925232,
                -0.270832896232605,
                0.6844780445098877
            ],
            [
                -0.4574258029460907,
                0.029459387063980103,
                0.5973751544952393,
                0.6580552458763123
            ]
        ]
    ],
    "start_goal_config": [
        null,
        null,
        null,
        null
    ],
    "start_config": [
        [
            -3.319927007705555,
            -2.472216711102041,
            1.8822555292446737,
            -1.1724558613101896,
            -1.8329835130173076,
            2.4541311442430247e-05
        ],
        [
            -2.289915622575909,
            -2.4515895925781033,
            1.7916311382455647,
            -1.2323989913887308,
            -1.0324466848988836,
            1.1334709468578751e-05
        ],
        [
            -5.102579011124203,
            -1.421729232192016,
            1.3303117427508362,
            -1.6545563773024312,
            -2.3989156489475207,
            2.95838154395043e-05
        ],
        [
            -3.6048312607568227,
            -1.323553857054208,
            1.928396720921835,
            -1.4874550332675907,
            -1.708585436675932,
            9.93790821238685e-06
        ]
    ],
    "goal_config": [
        [
            -2.851641484719182,
            -2.4663886949731686,
            1.425101973827223,
            -1.4047735708041817,
            -1.3930501117105425,
            4.2220015717255787e-07
        ],
        [
            -2.8943492503052717,
            -1.9329169523379335,
            2.274334937381671,
            -1.132054139961025,
            -1.595858725977675,
            -5.318180445195263e-14
        ],
        [
            -2.352911928528734,
            -2.5095997280535842,
            1.8816160958458434,
            -1.166425598071436,
            -1.1512434572013184,
            4.739186448540975e-09
        ],
        [
            -4.85447473495865,
            -1.7290132326760672,
            1.2033230849551648,
            -1.6635995438209192,
            -2.3401582899772975,
            -3.72970028771413e-05
        ]
    ],
    "base_poses": [
        [
            [
                0.40338657990937765,
                -0.12216180980418245,
                0.0
            ],
            [
                0.0,
                0.0,
                -0.02462945523552595,
                0.9996966489564728
            ]
        ],
        [
            [
                -0.35212476203031945,
                -0.24638242282385225,
                0.0
            ],
            [
                0.0,
                0.0,
                -0.5982267931403273,
                0.801326839665963
            ]
        ],
        [
            [
                0.5024323840185083,
                -0.5751390603075672,
                0.0
            ],
            [
                0.0,
                0.0,
                0.9986207585912262,
                -0.05250314762644111
            ]
        ],
        [
            [
                0.10384028095347819,
                -0.5748218232380893,
                0.0
            ],
            [
                -0.0,
                -0.0,
                0.39624238829910163,
                0.9181459414031213
            ]
        ]
    ],
    "difficulty": 0.9134479842120101
}