{
    "target_eff_poses": [
        [
            [
                -0.4238918423652649,
                -0.5441606044769287,
                0.5238420367240906
            ],
            [
                -0.19268979132175446,
                0.4826028048992157,
                -0.05733861029148102,
                0.8524537682533264
            ]
        ],
        [
            [
                0.060844507068395615,
                -0.4451654851436615,
                0.19609400629997253
            ],
            [
                0.02137109264731407,
                0.9349595904350281,
                -0.07646796107292175,
                0.34575507044792175
            ]
        ],
        [
            [
                0.46261516213417053,
                -0.44814977049827576,
                0.2891484200954437
            ],
            [
                0.8713845610618591,
                0.1316748410463333,
                -0.1772371530532837,
                0.43810686469078064
            ]
        ],
        [
            [
                -0.024230604991316795,
                0.3480333089828491,
                0.7539590001106262
            ],
            [
                -0.19863061606884003,
                -0.10364892333745956,
                0.9682434797286987,
                -0.11093799024820328
            ]
        ]
    ],
    "start_goal_config": [
        null,
        null,
        null,
        null
    ],
    "start_config": [
        [
            -2.177575885079838,
            -1.3477644502138253,
            1.1135987781128347,
            -1.821010949720445,
            -1.2411325712119416,
            -1.5410845590509078e-05
        ],
        [
            -3.0276433536098164,
            -2.2163374709333175,
            1.9255546312902552,
            -1.228766291547964,
            -1.6338325405651914,
            6.906934061880179e-10
        ],
        [
            -3.144051875700978,
            -3.038427872992546,
            2.0838517781109394,
            -0.7631084353976031,
            -2.227177717208383,
            9.935977171891589e-13
        ],
        [
            -2.107905033890552,
            -1.1708752482477212,
            1.5409768442222822,
            -1.682799056701433,
            -1.2389955974993676,
            -1.9723804145157667e-06
        ]
    ],
    "goal_config": [
        [
            -3.2666953075887544,
            -2.67624242663787,
            1.787363636330009,
            -1.1598216726564492,
            -2.0178491293020553,
            2.7085854353384624e-05
        ],
        [
            -3.181088301097033,
            -2.083952676337545,
            2.3627245651771136,
            -1.0026963904266568,
            -1.765601127872462,
            1.038015790420087e-17
        ],
        [
            -1.6460676754850883,
            -2.225675532134433,
            2.3011223753327346,
            -1.0599503683521236,
            -0.534389673231671,
            3.1056694856725424e-05
        ],
        [
            -3.08799650866451,
            -2.4631535994553695,
            1.2608031207118482,
            -1.4873013195903093,
            -1.9377129419495516,
            2.4707008306861864e-05
        ]
    ],
    "base_poses": [
        [
            [
                -0.41272005664429623,
                -0.5961971943277045,
                0.0
            ],
            [
                0.0,
                0.0,
                0.9761318527400564,
                -0.21717874220619482
            ]
        ],
        [
            [
                -0.09085380168096524,
                -0.49443429466502115,
                0.0
            ],
            [
                0.0,
                0.0,
                0.9949532841475158,
                0.10033923641364073
            ]
        ],
        [
            [
                0.2881682662435032,
                -0.22708853773376114,
                0.0
            ],
            [
                0.0,
                0.0,
                -0.07949565291915751,
                0.996835212643974
            ]
        ],
        [
            [
                -0.09166270199334858,
                0.37787638081793196,
                0.0
            ],
            [
                -0.0,
                -0.0,
                0.2674464652250429,
                0.9635727207837662
            ]
        ]
    ],
    "difficulty": 0.9610646101758675,
    "dynamic_speed": null
}