{
    "target_eff_poses": [
        [
            [
                -0.6006149649620056,
                -0.21076391637325287,
                0.12610465288162231
            ],
            [
                0.7409273982048035,
                -0.6123034358024597,
                -0.14916136860847473,
                -0.2320818454027176
            ]
        ],
        [
            [
                -0.1223657876253128,
                0.4080467224121094,
                0.4791829288005829
            ],
            [
                -0.2413109540939331,
                0.09911686927080154,
                0.5733488202095032,
                0.7766698002815247
            ]
        ],
        [
            [
                0.3534218966960907,
                0.580610454082489,
                0.39756929874420166
            ],
            [
                -0.4315018951892853,
                0.4769270718097687,
                0.44512292742729187,
                0.6230668425559998
            ]
        ]
    ],
    "start_goal_config": [
        null,
        null,
        null
    ],
    "start_config": [
        [
            -3.3218698342413657,
            -1.9101684125784264,
            1.7249868001971291,
            -1.4146482246820193,
            -1.6635705565868926,
            1.3783838656286703e-05
        ],
        [
            -3.502589921619398,
            -2.0812236911617785,
            2.1481354365861356,
            -1.1509350945988477,
            -1.8129938441898195,
            1.3843551667270418e-05
        ],
        [
            -5.265591268955219,
            -1.5651301077436632,
            1.4046022121587243,
            -1.5012104892179148,
            -2.8603634276842116,
            -0.0001028104649851731
        ]
    ],
    "goal_config": [
        [
            -3.729344301263377,
            -1.6727047958258352,
            2.3308671224306488,
            -1.2171730365971258,
            -1.8797061985088679,
            1.3128498424856867e-05
        ],
        [
            -2.682540662943065,
            -3.2072640334853553,
            1.612258420873513,
            -1.0187211056084973,
            -2.1159736804559044,
            2.0884893328113375e-05
        ],
        [
            -2.857918139420586,
            -2.812324761477098,
            2.0106489645571055,
            -0.9426830573383796,
            -1.6859031511381617,
            2.8195590463214303e-06
        ]
    ],
    "base_poses": [
        [
            [
                -0.5567645706114226,
                -0.4298278276130125,
                0.0
            ],
            [
                0.0,
                0.0,
                -0.5237188832377228,
                0.8518911499365588
            ]
        ],
        [
            [
                -0.15254307317296278,
                0.699357000775608,
                0.0
            ],
            [
                0.0,
                0.0,
                -0.7782131939098361,
                0.6280001790004935
            ]
        ],
        [
            [
                0.44842174655159184,
                0.5740159718264559,
                0.0
            ],
            [
                0.0,
                0.0,
                -0.8597345054888766,
                0.5107412065535702
            ]
        ]
    ],
    "difficulty": 0.5709583372519514,
    "dynamic_speed": null
}