{
    "target_eff_poses": [
        [
            [
                0.47555777430534363,
                -0.7257359027862549,
                0.1899166852235794
            ],
            [
                0.7740290760993958,
                0.3570935130119324,
                -0.4905063807964325,
                0.18101616203784943
            ]
        ],
        [
            [
                -0.1875220239162445,
                0.16873513162136078,
                0.4892997145652771
            ],
            [
                0.17041251063346863,
                0.6013778448104858,
                -0.13113757967948914,
                0.7694849967956543
            ]
        ],
        [
            [
                -0.5222190022468567,
                0.5861108899116516,
                0.8011685013771057
            ],
            [
                0.017892377451062202,
                0.18370765447616577,
                -0.23044633865356445,
                0.9554191827774048
            ]
        ],
        [
            [
                -0.24960345029830933,
                -0.46291232109069824,
                0.32124972343444824
            ],
            [
                0.7105813026428223,
                0.06246595084667206,
                -0.5311494469642639,
                0.45722246170043945
            ]
        ]
    ],
    "start_goal_config": [
        null,
        null,
        null,
        null
    ],
    "start_config": [
        [
            -3.214125916654402,
            -1.3430831036895121,
            1.3142400186272312,
            -1.7383160758074505,
            -1.5591140308746099,
            3.5203966835324497e-06
        ],
        [
            -3.6077847660732134,
            -1.7805655057835563,
            1.8128926746156282,
            -1.4098969461303785,
            -1.7357986275838844,
            -5.330617303394379e-06
        ],
        [
            -3.2200099706939924,
            -2.573621505523261,
            1.4626092601626992,
            -1.3632234700330532,
            -2.5301181729942455,
            2.9243340741018806e-05
        ],
        [
            -3.616830311574422,
            -2.072684551911543,
            1.7296475310291042,
            -1.3694014011828328,
            -1.786753657367817,
            1.6439993586751587e-05
        ]
    ],
    "goal_config": [
        [
            -3.4205537042155063,
            -1.3887138029967874,
            1.8055069457185746,
            -1.5171532884494776,
            -1.6495041130566073,
            9.908056474262867e-06
        ],
        [
            -2.673282528875392,
            -2.340307804404895,
            1.8043195489360109,
            -1.2551963551572256,
            -1.4634660449978667,
            -5.986964950010093e-18
        ],
        [
            -3.0975870228775286,
            -2.3367979594869657,
            1.1463171196056392,
            -1.5798301369155505,
            -1.7103732965968257,
            -4.720805444737788e-06
        ],
        [
            -1.531820854616568,
            -1.2349008847833651,
            1.3934505309231526,
            -1.7116869499131848,
            -0.9477386498757954,
            -3.053580858498948e-06
        ]
    ],
    "base_poses": [
        [
            [
                0.7316037394028883,
                -0.32952630414956785,
                0.0
            ],
            [
                -0.0,
                -0.0,
                0.5075828326174178,
                0.8616029642660699
            ]
        ],
        [
            [
                -0.38685701535621075,
                0.12743061175809167,
                0.0
            ],
            [
                0.0,
                0.0,
                0.8975474820803259,
                0.4409178125357005
            ]
        ],
        [
            [
                -0.557039277573439,
                0.5018018096247965,
                0.0
            ],
            [
                0.0,
                0.0,
                0.9822126444393741,
                0.18777199232955868
            ]
        ],
        [
            [
                0.05067465592073839,
                0.1104056023615213,
                0.0
            ],
            [
                0.0,
                0.0,
                -0.3946395117142685,
                0.9188360331386246
            ]
        ]
    ],
    "difficulty": 0.8838170376631915,
    "dynamic_speed": null
}