{
    "target_eff_poses": [
        [
            [
                0.6315300464630127,
                0.10163386911153793,
                0.37774357199668884
            ],
            [
                -0.3271484076976776,
                0.66407310962677,
                0.17057210206985474,
                0.6502968072891235
            ]
        ],
        [
            [
                -1.0841032266616821,
                -0.060303498059511185,
                0.30473968386650085
            ],
            [
                -0.6094468235969543,
                -0.2792380154132843,
                0.7182143330574036,
                -0.18646422028541565
            ]
        ],
        [
            [
                0.15683980286121368,
                -0.07655887305736542,
                0.8070093393325806
            ],
            [
                -0.03793440759181976,
                0.17617417871952057,
                -0.13371877372264862,
                0.9744962453842163
            ]
        ],
        [
            [
                -0.2763127386569977,
                -0.2742346227169037,
                0.7435676455497742
            ],
            [
                0.11049866676330566,
                0.24029704928398132,
                -0.7173476815223694,
                0.6445616483688354
            ]
        ]
    ],
    "start_goal_config": [
        null,
        null,
        null,
        null
    ],
    "start_config": [
        [
            -2.917674969899719,
            -2.8020328253431974,
            1.6397606907484938,
            -1.187824854540574,
            -1.617164127894461,
            -1.8877550174874834e-09
        ],
        [
            -5.253112659303056,
            -1.4199556486776126,
            1.4198134491000551,
            -1.5745154860314008,
            -2.6297980998425685,
            3.255032241732455e-05
        ],
        [
            -3.200291309672525,
            -2.6882391402220334,
            1.9990476683135945,
            -1.0189248044944994,
            -1.9011889478295114,
            -4.4558787176934174e-10
        ],
        [
            -4.8046985235584145,
            -1.8200147338536095,
            1.1674791215058686,
            -1.6539021280482176,
            -2.476329793564356,
            -1.1699202867772864e-05
        ]
    ],
    "goal_config": [
        [
            -3.18264344990097,
            -2.441737982601498,
            2.047355070050232,
            -1.080226687169631,
            -1.7720177232268097,
            1.9119907403121355e-10
        ],
        [
            -3.954418204239593,
            -1.1338781030908698,
            1.2661442032016763,
            -1.8044339992509746,
            -1.7464215927311333,
            1.3129701527432634e-05
        ],
        [
            -3.182623111603514,
            -2.331221567928487,
            1.137201716601285,
            -1.5851617812640373,
            -1.9192926988572847,
            1.8180127024665487e-05
        ],
        [
            -3.2119983992503203,
            -2.422681680816971,
            1.2972343482937083,
            -1.4807996976011966,
            -1.9785958307538634,
            1.070885207874255e-05
        ]
    ],
    "base_poses": [
        [
            [
                0.5960807779235704,
                -0.03917081654992971,
                0.0
            ],
            [
                0.0,
                0.0,
                0.9295314272936793,
                -0.36874289914976704
            ]
        ],
        [
            [
                -0.6147920880504721,
                0.43355551616518984,
                0.0
            ],
            [
                -0.0,
                -0.0,
                0.6803536314550145,
                0.7328839854751735
            ]
        ],
        [
            [
                0.16253831800422103,
                -0.14106955484654693,
                0.0
            ],
            [
                0.0,
                0.0,
                0.9982953055502962,
                -0.05836508302264948
            ]
        ],
        [
            [
                -0.331338821119377,
                -0.2912381428282965,
                0.0
            ],
            [
                -0.0,
                -0.0,
                0.8255120363408458,
                0.5643845124171905
            ]
        ]
    ],
    "difficulty": 0.956550362080316,
    "dynamic_speed": null
}