{
    "target_eff_poses": [
        [
            [
                0.18996739387512207,
                1.304967999458313,
                0.30271241068840027
            ],
            [
                -0.45697522163391113,
                0.4714265763759613,
                0.4017088711261749,
                0.6384046673774719
            ]
        ],
        [
            [
                -0.14345835149288177,
                -0.3201115131378174,
                0.3698202967643738
            ],
            [
                -0.4608607888221741,
                -0.5618017911911011,
                0.680081844329834,
                0.0973389744758606
            ]
        ],
        [
            [
                -0.42557454109191895,
                -0.956522524356842,
                0.21073609590530396
            ],
            [
                -0.6555958390235901,
                -0.04737779125571251,
                0.7231822609901428,
                -0.21203051507472992
            ]
        ],
        [
            [
                -0.4593065679073334,
                -0.44678348302841187,
                0.4524957537651062
            ],
            [
                0.10340733081102371,
                0.6747211217880249,
                -0.0700075700879097,
                0.7274319529533386
            ]
        ]
    ],
    "start_goal_config": [
        null,
        null,
        null,
        null
    ],
    "start_config": [
        [
            -2.2144817862477515,
            -1.8680512965547145,
            2.392163651105707,
            -1.1288422719465283,
            -1.2044886244601163,
            -5.3450341586325635e-06
        ],
        [
            -3.1707377510078127,
            -2.406865214946085,
            1.2542956797014344,
            -1.5063497237303867,
            -1.9161660347906502,
            1.4420386293275158e-05
        ],
        [
            -3.10721246359381,
            -2.8702178509349436,
            1.350608114187724,
            -1.3122009430469748,
            -1.2721918757882078,
            2.1885587008184446e-05
        ],
        [
            -2.5118792503713854,
            -2.0424545500813935,
            1.431417162599091,
            -1.515112130016044,
            -1.3438958608794396,
            -8.960750604899595e-06
        ]
    ],
    "goal_config": [
        [
            -4.079833337073952,
            -1.0870298766294055,
            1.2141984575358908,
            -1.836261374410257,
            -1.7789908929775953,
            1.8055150350040824e-05
        ],
        [
            -3.7016640113086163,
            -2.884812448120694,
            2.209211645643123,
            -0.8391384919143712,
            -2.596742707031086,
            4.1443396474492647e-10
        ],
        [
            -2.596751555184904,
            -0.865474626670956,
            1.0943643575537758,
            -1.9360034593682307,
            -1.3577380752713923,
            -1.0924683100150319e-05
        ],
        [
            -2.7911849493836316,
            -2.05166696343674,
            1.7685329370708711,
            -1.3558306941308307,
            -1.514664456066531,
            2.2738263687854313e-06
        ]
    ],
    "base_poses": [
        [
            [
                0.10444939789635654,
                0.6073194255917,
                0.0
            ],
            [
                0.0,
                0.0,
                -0.42225318640176507,
                0.9064779349623223
            ]
        ],
        [
            [
                -0.1525999947842932,
                -0.3312343296357277,
                0.0
            ],
            [
                -0.0,
                -0.0,
                0.6058597420823503,
                0.7955714756851883
            ]
        ],
        [
            [
                0.24666252491384055,
                -0.5596871094736952,
                0.0
            ],
            [
                0.0,
                0.0,
                -0.09361872922033468,
                0.9956081224754897
            ]
        ],
        [
            [
                -0.7625415652842696,
                -0.4901137099445523,
                0.0
            ],
            [
                0.0,
                0.0,
                0.955568875310692,
                0.29476791639772987
            ]
        ]
    ],
    "difficulty": 0.9576789241042039,
    "dynamic_speed": null
}