{
    "target_eff_poses": [
        [
            [
                0.33536019921302795,
                0.6511570811271667,
                0.11144215613603592
            ],
            [
                -0.03150221332907677,
                0.7524111866950989,
                0.17616863548755646,
                0.6339161396026611
            ]
        ],
        [
            [
                0.1840752363204956,
                -0.26680299639701843,
                0.6827098727226257
            ],
            [
                0.06932619959115982,
                -0.029551148414611816,
                0.9094077944755554,
                0.40902090072631836
            ]
        ]
    ],
    "start_goal_config": [
        null,
        null
    ],
    "start_config": [
        [
            -2.5784565872353915,
            -1.352144465233833,
            1.344583092228073,
            -1.721391657604234,
            -1.3888367525024266,
            -7.295403564077e-06
        ],
        [
            -3.28533535286839,
            -2.6774361933461406,
            1.809201078359912,
            -1.1476136100177023,
            -2.023655093245654,
            2.0471138071944056e-05
        ]
    ],
    "goal_config": [
        [
            -2.5087815733426932,
            -0.8577106551222454,
            1.2806756067908618,
            -1.8591209998606988,
            -1.3415769670829614,
            -1.2973052180873789e-05
        ],
        [
            -2.970983603103934,
            -2.8976728940039678,
            1.0546052749282417,
            -1.449390242868748,
            -1.5905073908494805,
            1.3992087748737655e-06
        ]
    ],
    "base_poses": [
        [
            [
                -0.2998598250252741,
                0.29988226746403246,
                0.0
            ],
            [
                0.0,
                0.0,
                0.9872340850598074,
                0.1592760537435717
            ]
        ],
        [
            [
                -0.011292853770504818,
                0.10212749657184506,
                0.0
            ],
            [
                0.0,
                0.0,
                -0.47776480947949035,
                0.8784877841057475
            ]
        ]
    ],
    "difficulty": 0.7000846421517916,
    "dynamic_speed": null
}