{
    "target_eff_poses": [
        [
            [
                -1.11362886428833,
                -0.6534820795059204,
                0.13463395833969116
            ],
            [
                0.69671231508255,
                -0.537787675857544,
                -0.46729761362075806,
                0.08372166007757187
            ]
        ],
        [
            [
                0.6800649166107178,
                0.44990307092666626,
                0.21109941601753235
            ],
            [
                0.3627604842185974,
                0.693642795085907,
                0.006136858835816383,
                0.6222755908966064
            ]
        ],
        [
            [
                -0.21360410749912262,
                0.28362441062927246,
                0.720062255859375
            ],
            [
                -0.28455638885498047,
                0.18643474578857422,
                -0.03875153511762619,
                0.9395573735237122
            ]
        ]
    ],
    "start_goal_config": [
        null,
        null,
        null
    ],
    "start_config": [
        [
            -2.8617150191878977,
            -3.013369602178622,
            1.4024819547208345,
            -1.2241809176418,
            -1.739377758442069,
            1.2473338554518518e-05
        ],
        [
            -2.6754154469831093,
            -1.4421925213981301,
            2.1957802724681703,
            -1.361566831173235,
            -1.4558934923924496,
            -1.7550207912645486e-06
        ],
        [
            -3.425830872771587,
            -2.473460571841916,
            1.514936830030659,
            -1.3615639409383415,
            -2.0889408110970153,
            2.6981485193146468e-05
        ]
    ],
    "goal_config": [
        [
            -1.378313008820288,
            -1.182932218427952,
            1.7877107015740419,
            -1.5940911752156985,
            -0.7361615331830854,
            -2.7055448878790137e-05
        ],
        [
            -1.7494349306731596,
            -1.1617367719577851,
            1.5131074700342422,
            -1.6947299835676666,
            -1.0790779847721925,
            -2.1306835779546325e-05
        ],
        [
            -3.415963712069105,
            -2.478467483680662,
            1.433723325741217,
            -1.4025774627019967,
            -2.6028288296412945,
            3.444034560166757e-05
        ]
    ],
    "base_poses": [
        [
            [
                -0.5623279827702734,
                -0.7088914165070159,
                0.0
            ],
            [
                0.0,
                0.0,
                0.9008369767390875,
                -0.43415750752414817
            ]
        ],
        [
            [
                0.06484188703559346,
                0.5725147371838455,
                0.0
            ],
            [
                -0.0,
                -0.0,
                0.5961587663835958,
                0.802866567534101
            ]
        ],
        [
            [
                -0.2003624089838264,
                0.3063088074745264,
                0.0
            ],
            [
                0.0,
                0.0,
                -0.8185099025120618,
                0.5744924190010651
            ]
        ]
    ],
    "difficulty": 0.8199003103545566,
    "dynamic_speed": null
}