{
    "target_eff_poses": [
        [
            [
                0.7658670544624329,
                0.39535173773765564,
                0.26006022095680237
            ],
            [
                0.691577136516571,
                0.49489977955818176,
                -0.19241194427013397,
                0.4896661043167114
            ]
        ]
    ],
    "start_goal_config": [
        null
    ],
    "start_config": [
        [
            -2.8090713053757597,
            -2.8712783001054847,
            1.3143796998195285,
            -1.3280329666332698,
            -1.839504999641819,
            1.987036161093763e-05
        ]
    ],
    "goal_config": [
        [
            -1.6880540509819197,
            -1.6666754528321361,
            1.9570047815854266,
            -1.398367284012171,
            -0.9955429967045458,
            -1.647074393902402e-05
        ]
    ],
    "base_poses": [
        [
            [
                0.5008000014664356,
                0.7113369212065066,
                0.0
            ],
            [
                -0.0,
                -0.0,
                0.18097660761742695,
                0.9834874007811629
            ]
        ]
    ],
    "difficulty": 0.0
}