{
    "target_eff_poses": [
        [
            [
                0.5650081634521484,
                0.3545181155204773,
                0.5144706964492798
            ],
            [
                -0.2759101986885071,
                0.5305939316749573,
                0.16490544378757477,
                0.7843148112297058
            ]
        ]
    ],
    "start_goal_config": [
        null
    ],
    "start_config": [
        [
            -3.4238010745620078,
            -2.4159910498754265,
            1.3824212245103549,
            -1.4412170387589822,
            -2.1820482620629695,
            3.7015627391945325e-05
        ]
    ],
    "goal_config": [
        [
            -4.078997915455124,
            -1.663970751481887,
            1.4187161574500031,
            -1.6142133346860263,
            -1.8430896354650386,
            2.6452020094210736e-05
        ]
    ],
    "base_poses": [
        [
            [
                0.25065112761441766,
                0.0008257001205522752,
                0.0
            ],
            [
                0.0,
                0.0,
                -0.6879800906207383,
                0.7257295604489875
            ]
        ]
    ],
    "difficulty": 0.0,
    "dynamic_speed": null
}