{
    "target_eff_poses": [
        [
            [
                -0.0635552629828453,
                -0.5295024514198303,
                0.33689430356025696
            ],
            [
                0.20818981528282166,
                0.7741714715957642,
                0.14995276927947998,
                0.5786446928977966
            ]
        ],
        [
            [
                1.1801464557647705,
                0.14005355536937714,
                0.5334286689758301
            ],
            [
                -0.09732693433761597,
                0.5334897041320801,
                -0.21582022309303284,
                0.8119962215423584
            ]
        ],
        [
            [
                0.1468588411808014,
                0.2516089379787445,
                0.608131468296051
            ],
            [
                0.30946820974349976,
                0.3898659944534302,
                -0.32013389468193054,
                0.8060696721076965
            ]
        ]
    ],
    "start_goal_config": [
        null,
        null,
        null
    ],
    "start_config": [
        [
            -4.605694604189837,
            -1.6737659148523398,
            1.9274786677049325,
            -1.3985587868658609,
            -2.0911286290446447,
            2.5235160727976716e-05
        ],
        [
            -2.9429532577583037,
            -2.5398466814585743,
            1.3262250650254481,
            -1.4321802906607306,
            -1.3210540459421816,
            -1.8922220839963632e-05
        ],
        [
            -5.2244681543492275,
            -1.1817984649839661,
            1.3588408463022228,
            -1.673652684679547,
            -2.5094673152484277,
            3.403191156953202e-05
        ]
    ],
    "goal_config": [
        [
            -2.012265036969666,
            -2.3147989275264003,
            2.1343386500104824,
            -1.100936710233618,
            -1.0545289979974937,
            -1.5155525998358923e-05
        ],
        [
            -4.592083967267237,
            -1.4284447424759381,
            1.1923290544266922,
            -1.7591289215485235,
            -2.0110437330860202,
            3.4301465535279016e-05
        ],
        [
            -2.2848197143216655,
            -1.654153676312937,
            1.247454185246549,
            -1.6928585839284358,
            -1.2779042177619797,
            -1.0301165148500522e-05
        ]
    ],
    "base_poses": [
        [
            [
                -0.22163916941379314,
                -0.7013858808604856,
                0.0
            ],
            [
                -0.0,
                -0.0,
                0.8423111719861819,
                0.5389915486788867
            ]
        ],
        [
            [
                0.6013551675227133,
                0.13212978520375973,
                0.0
            ],
            [
                0.0,
                0.0,
                -0.7740419540981747,
                0.6331343090497301
            ]
        ],
        [
            [
                -0.21426250989623064,
                0.5854133386112284,
                0.0
            ],
            [
                -0.0,
                -0.0,
                0.5793331256143325,
                0.8150908719682292
            ]
        ]
    ],
    "difficulty": 0.35813034891375906,
    "dynamic_speed": null
}