{
    "target_eff_poses": [
        [
            [
                0.4097835123538971,
                -0.2222122699022293,
                0.7674700021743774
            ],
            [
                0.018153978511691093,
                0.2230844497680664,
                -0.6662710905075073,
                0.7113273739814758
            ]
        ]
    ],
    "start_goal_config": [
        null
    ],
    "start_config": [
        [
            -4.18807173182315,
            -0.8829811778352826,
            1.0716812906963662,
            -1.9401017250296675,
            -1.7943815736536373,
            1.700752127399227e-05
        ]
    ],
    "goal_config": [
        [
            -3.141892915491736,
            -2.4441986471119135,
            1.2510918706004048,
            -1.4969942851062725,
            -2.2423594764037063,
            3.6400223736728875e-05
        ]
    ],
    "base_poses": [
        [
            [
                0.4212801688369703,
                -0.27693536886148706,
                0.0
            ],
            [
                0.0,
                0.0,
                0.9144018901865292,
                0.40480758790233007
            ]
        ]
    ],
    "difficulty": 0.0,
    "dynamic_speed": null
}