{
    "target_eff_poses": [
        [
            [
                -0.7802600264549255,
                -0.033052634447813034,
                0.33855029940605164
            ],
            [
                -0.32079872488975525,
                0.6600044369697571,
                0.2752048373222351,
                0.6210834383964539
            ]
        ],
        [
            [
                0.307658851146698,
                -0.9055691957473755,
                0.40786507725715637
            ],
            [
                -0.1089499443769455,
                0.7388519644737244,
                -0.39173704385757446,
                0.5373729467391968
            ]
        ],
        [
            [
                -0.8159424662590027,
                1.3228801488876343,
                0.20935861766338348
            ],
            [
                -0.38901910185813904,
                0.5754076838493347,
                0.6709265112876892,
                0.25966864824295044
            ]
        ],
        [
            [
                -0.19663149118423462,
                0.0719698965549469,
                0.7081815004348755
            ],
            [
                -0.13847334682941437,
                0.04886799305677414,
                -0.09092704206705093,
                0.9849717020988464
            ]
        ]
    ],
    "start_goal_config": [
        null,
        null,
        null,
        null
    ],
    "start_config": [
        [
            -3.2411419381842554,
            -1.3769985855253821,
            2.1575126372108517,
            -1.3876284337368565,
            -1.6379164132084705,
            -4.436898835488175e-10
        ],
        [
            -3.8770235629043674,
            -2.336702768522615,
            1.5718695397755418,
            -1.3734274284860175,
            -2.167638146830467,
            2.9773727297716678e-05
        ],
        [
            -4.172136267509554,
            -1.0789818861039517,
            1.3406198354717955,
            -1.7838207638922468,
            -1.8161153565387425,
            2.424187009351821e-05
        ],
        [
            -3.4030565227353002,
            -2.2946250080515243,
            1.3075366992226718,
            -1.5108140443861613,
            -1.8908381998714006,
            -8.116258945597222e-08
        ]
    ],
    "goal_config": [
        [
            -2.7191042175974953,
            -2.797945804510527,
            2.129761026426112,
            -0.8254988696139919,
            -1.6061215178745847,
            -2.422216039660977e-06
        ],
        [
            -4.987654478904226,
            -1.7289413455320968,
            1.7236358433542254,
            -1.4496680725147926,
            -2.3471131281796183,
            2.6782118392412287e-05
        ],
        [
            -1.5635541676988995,
            -0.8889578761051216,
            1.1636362752740381,
            -1.8806074706097669,
            -0.9637631971899256,
            -2.4720906487604307e-05
        ],
        [
            -2.693251824013679,
            -2.7863092886633334,
            1.3260177031809832,
            -1.386515927151729,
            -2.8944118980915507,
            3.346217381807904e-05
        ]
    ],
    "base_poses": [
        [
            [
                -0.6952805534480687,
                -0.09448012321977262,
                0.0
            ],
            [
                0.0,
                0.0,
                0.9751228163279695,
                -0.2216652725994964
            ]
        ],
        [
            [
                -0.06251211380830757,
                -0.7316109970264604,
                0.0
            ],
            [
                0.0,
                0.0,
                -0.7767645235155194,
                0.6297911360186867
            ]
        ],
        [
            [
                -0.4711934834215706,
                0.6388578967053788,
                0.0
            ],
            [
                0.0,
                0.0,
                0.994068071102588,
                -0.10875968928964488
            ]
        ],
        [
            [
                -0.08771368732284746,
                0.34907951859933206,
                0.0
            ],
            [
                0.0,
                0.0,
                0.9408776048405761,
                -0.3387467087802633
            ]
        ]
    ],
    "difficulty": 0.7482366218376751,
    "dynamic_speed": null
}