{
    "target_eff_poses": [
        [
            [
                0.0533987320959568,
                0.10110651701688766,
                0.13493070006370544
            ],
            [
                -0.023203032091259956,
                0.9090193510055542,
                -0.41610586643218994,
                0.00110921123996377
            ]
        ]
    ],
    "start_goal_config": [
        null
    ],
    "start_config": [
        [
            -2.795108943059696,
            -2.891185996217734,
            1.7238055003850326,
            -1.1100953361193981,
            -1.0083645561609045,
            -2.30725611279843e-05
        ]
    ],
    "goal_config": [
        [
            -5.467126793531746,
            -0.9104930183915808,
            1.5379219826341244,
            -1.4858308504435103,
            -3.164444809947454,
            -8.245105977739777e-05
        ]
    ],
    "base_poses": [
        [
            [
                0.05583629197947926,
                0.7532254242072134,
                0.0
            ],
            [
                0.0,
                0.0,
                0.9243518990123004,
                -0.38154104208112916
            ]
        ]
    ],
    "difficulty": 0.0,
    "dynamic_speed": null
}