{
    "target_eff_poses": [
        [
            [
                0.6868717670440674,
                -0.6096243858337402,
                0.573307454586029
            ],
            [
                -0.3503343462944031,
                -0.33079782128334045,
                0.7933995723724365,
                -0.3719621002674103
            ]
        ],
        [
            [
                0.48461607098579407,
                0.2949105203151703,
                0.6616485714912415
            ],
            [
                0.22396087646484375,
                0.3809943199157715,
                -0.5787601470947266,
                0.6853623390197754
            ]
        ]
    ],
    "start_goal_config": [
        null,
        null
    ],
    "start_config": [
        [
            -2.9037960534761114,
            -2.664181698326793,
            1.6120536193723314,
            -1.2506478504825391,
            -1.5398007318629132,
            -2.5906416925027876e-06
        ],
        [
            -4.755806876254846,
            -1.4250866286283055,
            1.297641652729985,
            -1.7075165686378628,
            -2.0983187646101222,
            3.693001914253151e-05
        ]
    ],
    "goal_config": [
        [
            -3.2530357568118005,
            -2.5540258692973223,
            1.6748608920562142,
            -1.256932743300606,
            -1.8891388884978073,
            2.285696667883397e-05
        ],
        [
            -3.731968357660239,
            -1.7267249875205046,
            1.201841726498419,
            -1.7011748914528704,
            -1.7406512620533385,
            1.506936370844819e-05
        ]
    ],
    "base_poses": [
        [
            [
                0.6387823457362882,
                -0.5449579007284788,
                0.0
            ],
            [
                -0.0,
                -0.0,
                0.6078048547227078,
                0.7940864301670871
            ]
        ],
        [
            [
                0.260877241566583,
                0.6684099442149549,
                0.0
            ],
            [
                0.0,
                0.0,
                0.9488732382563754,
                0.31565737393709
            ]
        ]
    ],
    "difficulty": 0.0901909150757077,
    "dynamic_speed": null
}