{
    "target_eff_poses": [
        [
            [
                -0.49393796920776367,
                0.558259904384613,
                0.18429593741893768
            ],
            [
                -0.28936341404914856,
                0.7101832032203674,
                0.558044970035553,
                0.3170086145401001
            ]
        ]
    ],
    "start_goal_config": [
        null
    ],
    "start_config": [
        [
            -3.3802706435174996,
            -2.6900477265422564,
            2.1177798719646432,
            -0.93069094840151,
            -2.0377110151194704,
            6.362165291114294e-06
        ]
    ],
    "goal_config": [
        [
            -1.4808946224306556,
            -1.0004379922839568,
            1.3801610284339236,
            -1.7733972111837464,
            -0.9035253484080086,
            -2.3343537876421052e-05
        ]
    ],
    "base_poses": [
        [
            [
                -0.392463485066034,
                -0.12960270217495096,
                0.0
            ],
            [
                0.0,
                0.0,
                0.9939769767244956,
                0.10958909499412658
            ]
        ]
    ],
    "difficulty": 0.0,
    "dynamic_speed": null
}