{
    "target_eff_poses": [
        [
            [
                -0.04194759950041771,
                0.8363803029060364,
                0.5095105171203613
            ],
            [
                -0.0946059599518776,
                0.510178804397583,
                -0.034634459763765335,
                0.8541473746299744
            ]
        ]
    ],
    "start_goal_config": [
        null
    ],
    "start_config": [
        [
            -2.2005167977420146,
            -2.2890783354546373,
            1.7592007526354976,
            -1.2960468365395152,
            -1.1200276383623082,
            -1.8776399549033305e-05
        ]
    ],
    "goal_config": [
        [
            -3.0447986991056517,
            -2.706434542531786,
            1.795303764965025,
            -1.1393861071536793,
            -1.794682913408928,
            1.2214812836202238e-05
        ]
    ],
    "base_poses": [
        [
            [
                -0.02801192657956586,
                0.7572711663279408,
                0.0
            ],
            [
                0.0,
                0.0,
                0.9997349698523804,
                -0.02302151285775964
            ]
        ]
    ],
    "difficulty": 0.0
}