{
    "target_eff_poses": [
        [
            [
                0.4323421120643616,
                0.35890528559684753,
                0.7064481973648071
            ],
            [
                0.0439433790743351,
                0.3165663480758667,
                -0.7060214281082153,
                0.6319718956947327
            ]
        ]
    ],
    "start_goal_config": [
        null
    ],
    "start_config": [
        [
            -1.5092830772818977,
            -1.3981776637741083,
            1.250629485211909,
            -1.7204255532700992,
            -0.8928861611913042,
            -2.6975648801939787e-05
        ]
    ],
    "goal_config": [
        [
            -3.284149457300962,
            -2.498245629043144,
            1.411916559037421,
            -1.4046263998252722,
            -2.2735786830431364,
            2.836942255241194e-05
        ]
    ],
    "base_poses": [
        [
            [
                0.42327067017429765,
                0.327377648532831,
                0.0
            ],
            [
                0.0,
                0.0,
                0.9138976751500941,
                0.405944625971638
            ]
        ]
    ],
    "difficulty": 0.0
}