{
    "target_eff_poses": [
        [
            [
                -0.7565121650695801,
                0.1781024932861328,
                0.6181130409240723
            ],
            [
                -0.5248438119888306,
                -0.05940893664956093,
                0.5205719470977783,
                0.6708311438560486
            ]
        ]
    ],
    "start_goal_config": [
        null
    ],
    "start_config": [
        [
            -2.9064262782814807,
            -2.8858651837283618,
            1.669666107200836,
            -1.145078252403243,
            -2.0316584378172444,
            2.0386171706111004e-05
        ]
    ],
    "goal_config": [
        [
            -4.029021870331125,
            -2.3910431942093044,
            1.6734722773761819,
            -1.3110514956977588,
            -2.5943719162767658,
            2.5719406159114542e-05
        ]
    ],
    "base_poses": [
        [
            [
                -0.6883827698931113,
                0.1055422135404781,
                0.0
            ],
            [
                -0.0,
                -0.0,
                0.04463638152331357,
                0.9990033000168244
            ]
        ]
    ],
    "difficulty": 0.0
}