{
    "target_eff_poses": [
        [
            [
                0.8690471649169922,
                0.5148554444313049,
                0.14554011821746826
            ],
            [
                -0.3372747302055359,
                0.8853256702423096,
                -0.16041091084480286,
                0.2769702672958374
            ]
        ],
        [
            [
                0.3258848786354065,
                -0.7698575258255005,
                0.7009854316711426
            ],
            [
                -0.15309302508831024,
                0.14985023438930511,
                0.720164954662323,
                0.6599014401435852
            ]
        ],
        [
            [
                -0.44907429814338684,
                0.4276643991470337,
                0.2590101659297943
            ],
            [
                0.7819358110427856,
                -0.13302013278007507,
                -0.5960839986801147,
                -0.12476303428411484
            ]
        ]
    ],
    "start_goal_config": [
        null,
        null,
        null
    ],
    "start_config": [
        [
            -4.621793217163508,
            -2.324393743665101,
            2.1580316475314656,
            -1.1016968166458805,
            -2.7602519834663166,
            1.9929727793349782e-05
        ],
        [
            -1.7653731606138139,
            -1.64454716566112,
            1.4635526665550886,
            -1.5904880198970706,
            -1.0567282647214984,
            -2.580369176105012e-05
        ],
        [
            -2.9572076951832313,
            -2.611961129697225,
            1.3136276724808735,
            -1.41702048149126,
            -1.7722177872604932,
            1.4497074330689785e-05
        ]
    ],
    "goal_config": [
        [
            -4.89874595414153,
            -1.5788987398972087,
            2.249150148860649,
            -1.3218394090903136,
            -2.4597228179228843,
            2.1183813675341562e-05
        ],
        [
            -2.985272669941558,
            -2.6496548896928287,
            1.3345471795096295,
            -1.394685697184111,
            -1.5378551674937562,
            -2.6681269829425814e-06
        ],
        [
            -3.2995096498492655,
            -1.4125503135875521,
            1.6700604444505316,
            -1.5671091919927236,
            -1.608617289861871,
            7.0061943668035014e-06
        ]
    ],
    "base_poses": [
        [
            [
                0.5753543999472563,
                0.554211203884545,
                0.0
            ],
            [
                0.0,
                0.0,
                -0.698066793690227,
                0.7160326469840926
            ]
        ],
        [
            [
                0.43275221366902006,
                -0.6460875487997465,
                0.0
            ],
            [
                0.0,
                0.0,
                -0.7422285436277608,
                0.6701468413894176
            ]
        ],
        [
            [
                0.058266100294097734,
                0.3400770740919159,
                0.0
            ],
            [
                0.0,
                0.0,
                -0.10824004305918992,
                0.9941247874781841
            ]
        ]
    ],
    "difficulty": 0.6265400169284303,
    "dynamic_speed": null,
    "ur5_count": 3,
    "id": "001004",
    "task_path": "/home/huy/programming/projects/workspace-sharing-multiarm/src/data/8f14d7-hard-vlo-tasks/001004.json"
}