{
    "target_eff_poses": [
        [
            [
                0.3858906030654907,
                0.2312767207622528,
                0.6170436143875122
            ],
            [
                -0.4326995015144348,
                0.0636393129825592,
                0.8331063389778137,
                0.3386074900627136
            ]
        ],
        [
            [
                -0.06715506315231323,
                -0.05423622205853462,
                0.23094214498996735
            ],
            [
                -0.3100779056549072,
                0.7201095223426819,
                0.3949523866176605,
                0.47885969281196594
            ]
        ],
        [
            [
                -0.15651217103004456,
                0.5171440243721008,
                0.3206886649131775
            ],
            [
                -0.04614502191543579,
                0.6934161186218262,
                -0.08219657093286514,
                0.7143447995185852
            ]
        ],
        [
            [
                0.6475544571876526,
                0.6392228007316589,
                0.368197500705719
            ],
            [
                -0.3977756202220917,
                0.598084568977356,
                -0.33897867798805237,
                0.6075877547264099
            ]
        ]
    ],
    "start_goal_config": [
        null,
        null,
        null,
        null
    ],
    "start_config": [
        [
            -2.542164953314064,
            -2.8274912505662453,
            1.324347361712395,
            -1.3474712716049502,
            -2.367552045832061,
            -3.84193958507888e-05
        ],
        [
            -4.976601432126174,
            -1.3206458604270488,
            1.4176902089561647,
            -1.6696268043879396,
            -2.2381319465585467,
            3.2637049102432074e-05
        ],
        [
            -3.204261806669609,
            -2.6465793106585807,
            1.6772138988111216,
            -1.2271388094283282,
            -1.9867768365036225,
            2.4526995697054285e-05
        ],
        [
            -2.951849917813406,
            -2.890162857038546,
            1.831042027822334,
            -1.044103621121916,
            -1.8437211579665564,
            5.0981388599361224e-09
        ]
    ],
    "goal_config": [
        [
            -3.2072033580909687,
            -2.485970411610632,
            1.5760218829388342,
            -1.3263284960277177,
            -1.8108292622517332,
            2.0825322363123132e-05
        ],
        [
            -2.2271223701424376,
            -1.259541188042435,
            1.5693400030315368,
            -1.6491167401887181,
            -1.2877352537800224,
            -1.3507438124237254e-05
        ],
        [
            -3.9269177684842695,
            -1.2566820689471059,
            1.3796170134272296,
            -1.727823246421029,
            -1.75180824330853,
            1.5823156088514852e-05
        ],
        [
            -3.6543782375944294,
            -2.956842351764201,
            2.2205780331601717,
            -0.8026554097300387,
            -2.6665963147221694,
            1.1124375305375606e-05
        ]
    ],
    "base_poses": [
        [
            [
                0.47409533859220887,
                0.27014820784764404,
                0.0
            ],
            [
                0.0,
                0.0,
                -0.23111032477280563,
                0.9729275501204642
            ]
        ],
        [
            [
                -0.19694971758816282,
                -0.6252472073452622,
                0.0
            ],
            [
                0.0,
                0.0,
                0.9958720393757432,
                -0.09076828294948762
            ]
        ],
        [
            [
                -0.7794758142848033,
                0.46128385982737274,
                0.0
            ],
            [
                0.0,
                0.0,
                0.9328276329687514,
                -0.3603229206835398
            ]
        ],
        [
            [
                0.6813564601144451,
                0.6483432232926285,
                0.0
            ],
            [
                0.0,
                0.0,
                0.9566856726446344,
                -0.2911228671136698
            ]
        ]
    ],
    "difficulty": 0.8192419825072886
}