{
    "target_eff_poses": [
        [
            [
                -0.39155301451683044,
                -0.5409464240074158,
                0.6663014888763428
            ],
            [
                -0.12894794344902039,
                0.17013110220432281,
                0.4147328734397888,
                0.8845475912094116
            ]
        ]
    ],
    "start_goal_config": [
        null
    ],
    "start_config": [
        [
            -4.942624518818982,
            -1.9060303381084633,
            2.261738138158277,
            -1.178498044326874,
            -2.626949481002263,
            2.031199376364562e-05
        ]
    ],
    "goal_config": [
        [
            -2.895953334434412,
            -2.7572432471768935,
            1.3817248011235126,
            -1.3358052193902015,
            -1.780960936789141,
            1.719186767782983e-05
        ]
    ],
    "base_poses": [
        [
            [
                -0.24319220760387272,
                -0.43493672589038046,
                0.0
            ],
            [
                0.0,
                0.0,
                0.9128053984051979,
                -0.40839479017530067
            ]
        ]
    ],
    "difficulty": 0.0,
    "dynamic_speed": null,
    "ur5_count": 1,
    "id": "001038",
    "task_path": "/home/hqh2101/workspace-sharing-multiarm/src/data/8f14d7-hard-vlo-tasks/001038.json"
}