{
    "target_eff_poses": [
        [
            [
                0.33648285269737244,
                -0.40507614612579346,
                0.393216997385025
            ],
            [
                -0.5719181895256042,
                0.42821288108825684,
                0.35399168729782104,
                0.6035173535346985
            ]
        ],
        [
            [
                -1.0863215923309326,
                0.026553520932793617,
                0.43180686235427856
            ],
            [
                -0.45381733775138855,
                -0.4044502079486847,
                0.7725949287414551,
                -0.18321260809898376
            ]
        ]
    ],
    "start_goal_config": [
        null,
        null
    ],
    "start_config": [
        [
            -4.358354278103376,
            -1.6542128651485213,
            1.0940985585314849,
            -1.7603254944066478,
            -1.9678854816934328,
            2.696418627945725e-05
        ],
        [
            -1.024148824925238,
            -1.425647526208001,
            1.9245919002116396,
            -1.3022328631261821,
            -0.02493898484169881,
            4.331931837731187e-05
        ]
    ],
    "goal_config": [
        [
            -3.4583687183694174,
            -2.5524983048178624,
            2.0476088785537327,
            -1.0449844931976329,
            -1.968434307515706,
            1.763027736224241e-05
        ],
        [
            -4.74304810124749,
            -1.2717801552316823,
            1.2150600845295143,
            -1.7780540679887218,
            -2.0659081759944766,
            3.4738187318374745e-05
        ]
    ],
    "base_poses": [
        [
            [
                0.3857328378987894,
                -0.49321096860458824,
                0.0
            ],
            [
                0.0,
                0.0,
                -0.6312095272307889,
                0.7756123598377503
            ]
        ],
        [
            [
                -0.7596586760105053,
                0.5766658993832772,
                0.0
            ],
            [
                0.0,
                0.0,
                0.9583402458930966,
                0.285629083080766
            ]
        ]
    ],
    "difficulty": 0.0093976130062964,
    "dynamic_speed": null
}