{
    "target_eff_poses": [
        [
            [
                -0.6774444580078125,
                0.6124714016914368,
                0.31666991114616394
            ],
            [
                -0.3831499516963959,
                0.508352518081665,
                0.6905486583709717,
                0.343389630317688
            ]
        ]
    ],
    "start_goal_config": [
        null
    ],
    "start_config": [
        [
            -3.102682432999781,
            -0.7354292398523999,
            1.0827918830091754,
            -1.970181258027869,
            -1.4862466656965152,
            -3.1693757218249965e-06
        ]
    ],
    "goal_config": [
        [
            -1.827308771521964,
            -1.0351456966802803,
            1.1417176116546284,
            -1.868056919282193,
            -1.1073283006588783,
            -2.63445832493563e-05
        ]
    ],
    "base_poses": [
        [
            [
                -0.38065454390865416,
                -0.06654394844505629,
                0.0
            ],
            [
                0.0,
                0.0,
                0.9757993991725492,
                -0.2186676303765421
            ]
        ]
    ],
    "difficulty": 0.0,
    "dynamic_speed": null,
    "ur5_count": 1,
    "id": "001163",
    "task_path": "/home/huy/programming/projects/workspace-sharing-multiarm/src/data/8f14d7-hard-vlo-tasks/001163.json"
}