{
    "target_eff_poses": [
        [
            [
                0.33785000443458557,
                -0.6482692956924438,
                0.20934677124023438
            ],
            [
                0.3500489592552185,
                0.7681831121444702,
                -0.3464839458465576,
                0.4090346395969391
            ]
        ]
    ],
    "start_goal_config": [
        null
    ],
    "start_config": [
        [
            -2.4014507341643867,
            -2.1935787281811763,
            1.9529062749356365,
            -1.2263617440637569,
            -1.368474118461788,
            -1.2979994237506701e-05
        ]
    ],
    "goal_config": [
        [
            -4.100732182627436,
            -1.419009680098698,
            1.8016165259095414,
            -1.5141250346101947,
            -1.846009303452227,
            2.466798465934981e-05
        ]
    ],
    "base_poses": [
        [
            [
                0.07469240818121148,
                -0.2630978102670962,
                0.0
            ],
            [
                0.0,
                0.0,
                0.996338547497731,
                0.08549560672988751
            ]
        ]
    ],
    "difficulty": 0.0
}