{
    "target_eff_poses": [
        [
            [
                0.09027671813964844,
                0.7057653069496155,
                0.28043344616889954
            ],
            [
                0.8486307859420776,
                0.10624703019857407,
                -0.5053866505622864,
                -0.11455044895410538
            ]
        ],
        [
            [
                -0.4968146085739136,
                -0.42264875769615173,
                0.3862253427505493
            ],
            [
                0.7245920896530151,
                0.0849962830543518,
                -0.2393631637096405,
                0.6406615376472473
            ]
        ],
        [
            [
                -0.22337467968463898,
                -0.5690761804580688,
                0.6703097820281982
            ],
            [
                0.3780770003795624,
                0.20034441351890564,
                -0.6218449473381042,
                0.6559182405471802
            ]
        ],
        [
            [
                -0.6422552466392517,
                1.1056244373321533,
                0.09051921963691711
            ],
            [
                -0.30211296677589417,
                0.896356463432312,
                0.31320688128471375,
                0.08470121026039124
            ]
        ]
    ],
    "start_goal_config": [
        null,
        null,
        null,
        null
    ],
    "start_config": [
        [
            -1.2805881192802757,
            -1.1061110323639725,
            1.502368099835602,
            -1.6839928415477434,
            -0.7032287102102734,
            -2.677543990104804e-05
        ],
        [
            -2.0288997278913095,
            -1.625284649282903,
            2.298540445601164,
            -1.2954289604061815,
            -1.103500677696679,
            -1.0021045122083036e-05
        ],
        [
            -1.8251852979475491,
            -1.6446752495576176,
            1.3879565977793231,
            -1.6236108457490401,
            -1.0811689440442793,
            -2.4190123184479175e-05
        ],
        [
            -4.315421537151202,
            -1.6129910972184152,
            1.3047735671665357,
            -1.6745242517014083,
            -1.9218122082079558,
            3.0248059055977745e-05
        ]
    ],
    "goal_config": [
        [
            -3.3302009309148155,
            -2.451570190222072,
            2.264629791668023,
            -0.9025604826508291,
            -1.9182355213833837,
            7.81075803102423e-06
        ],
        [
            -2.131846484617969,
            -2.8107822437170533,
            2.2017949518429623,
            -0.8972452704684665,
            -0.4743278879870782,
            -2.99840605857234e-06
        ],
        [
            -2.507992533253091,
            -2.223271628366188,
            1.432843500190661,
            -1.46686857651498,
            -1.2460071007368785,
            -1.8989599403315686e-05
        ],
        [
            -1.4573417812083314,
            -1.3037315150176485,
            2.133938425429918,
            -1.4910634939707579,
            -0.5892194548207037,
            -2.3957985361746232e-05
        ]
    ],
    "base_poses": [
        [
            [
                0.18119185578494934,
                0.7619974072940148,
                0.0
            ],
            [
                -0.0,
                -0.0,
                0.04512149899609553,
                0.9989815064996675
            ]
        ],
        [
            [
                -0.7126469550959394,
                -0.35894083474340094,
                0.0
            ],
            [
                -0.0,
                -0.0,
                0.1594456802717121,
                0.9872067033011329
            ]
        ],
        [
            [
                -0.3231141298382674,
                -0.36565810654165143,
                0.0
            ],
            [
                -0.0,
                -0.0,
                0.3267467049900202,
                0.945111946162022
            ]
        ],
        [
            [
                -0.40241170716144214,
                0.7416776775873177,
                0.0
            ],
            [
                0.0,
                0.0,
                0.9996554521722687,
                0.026248370278112637
            ]
        ]
    ],
    "difficulty": 0.739020031975924,
    "dynamic_speed": null
}