{
    "target_eff_poses": [
        [
            [
                0.26514720916748047,
                -0.5137775540351868,
                0.7860923409461975
            ],
            [
                -0.11829442530870438,
                0.20780551433563232,
                0.2867846190929413,
                0.9276733994483948
            ]
        ],
        [
            [
                0.03967486694455147,
                -0.36594676971435547,
                0.2831833064556122
            ],
            [
                0.5055381655693054,
                0.6957155466079712,
                -0.48034095764160156,
                0.17228950560092926
            ]
        ],
        [
            [
                -0.24437418580055237,
                -0.5744320154190063,
                0.33575132489204407
            ],
            [
                0.5193377733230591,
                0.5997710824012756,
                -0.4963317811489105,
                0.3524453639984131
            ]
        ],
        [
            [
                -0.6658297181129456,
                0.10158015787601471,
                0.4727696180343628
            ],
            [
                -0.5309277772903442,
                -0.0132456598803401,
                0.7954674959182739,
                0.29184189438819885
            ]
        ]
    ],
    "start_goal_config": [
        null,
        null,
        null,
        null
    ],
    "start_config": [
        [
            -3.538885061854997,
            -0.6635647579040436,
            1.0325754936348237,
            -2.0062142441347595,
            -1.5952864253265575,
            3.4836922784274704e-06
        ],
        [
            -2.4745567497175283,
            -3.115806396818362,
            1.2134407875720272,
            -1.2718042731034087,
            -2.4461128335640376,
            4.856091587232114e-17
        ],
        [
            -2.9667722752100856,
            -1.8952392602451689,
            1.4863499308126245,
            -1.5282574256365287,
            -1.5364769362423807,
            5.503301579972291e-09
        ],
        [
            -3.1673948395107328,
            -1.3240421177148376,
            1.9051659517887216,
            -1.4953957552295873,
            -1.5859367026356133,
            7.637465605737064e-06
        ]
    ],
    "goal_config": [
        [
            -3.249415146055598,
            -2.267771595132227,
            1.1865981106742913,
            -1.5775021830018867,
            -1.7885118574074896,
            1.828596487303846e-05
        ],
        [
            -3.813919567063979,
            -2.4382301974850935,
            2.2877707865948835,
            -0.9206191481603697,
            -2.1688190478419744,
            7.29414427643953e-11
        ],
        [
            -3.281889900847313,
            -2.3762507191991125,
            2.122047469957757,
            -1.0547366738228476,
            -1.8104712057807828,
            3.184733031162149e-10
        ],
        [
            -3.0601072749504983,
            -2.8385583560716108,
            1.8650866203017908,
            -1.0483410043886174,
            -1.9473729952673877,
            2.145561395799701e-08
        ]
    ],
    "base_poses": [
        [
            [
                0.2777317764184477,
                -0.6188602230437246,
                0.0
            ],
            [
                0.0,
                0.0,
                0.894897127088321,
                -0.44627248618872906
            ]
        ],
        [
            [
                0.03185261070531831,
                -0.26441098029227117,
                0.0
            ],
            [
                -0.0,
                -0.0,
                0.830253792053405,
                0.5573855405201514
            ]
        ],
        [
            [
                -0.30963698393013694,
                -0.435633871862194,
                0.0
            ],
            [
                -0.0,
                -0.0,
                0.7225325529136195,
                0.6913369004907285
            ]
        ],
        [
            [
                -0.6907920532091714,
                0.17480779311327965,
                0.0
            ],
            [
                0.0,
                0.0,
                -0.20267421601739702,
                0.9792462214181546
            ]
        ]
    ],
    "difficulty": 0.8921255403119714,
    "dynamic_speed": null
}