{
    "target_eff_poses": [
        [
            [
                1.2002537250518799,
                0.8672253489494324,
                0.5189909338951111
            ],
            [
                -0.25422564148902893,
                0.5393519401550293,
                -0.19220693409442902,
                0.7794390916824341
            ]
        ],
        [
            [
                -0.7927867770195007,
                -0.316074401140213,
                0.7142168283462524
            ],
            [
                -0.3754250407218933,
                -0.07444307208061218,
                0.9071868062019348,
                0.17471785843372345
            ]
        ],
        [
            [
                1.0214492082595825,
                0.21336856484413147,
                0.5525217056274414
            ],
            [
                0.13031937181949615,
                0.5730616450309753,
                0.2006489485502243,
                0.7838093638420105
            ]
        ],
        [
            [
                0.6027048826217651,
                -0.18879927694797516,
                0.7499679327011108
            ],
            [
                -0.014408265240490437,
                0.33130398392677307,
                -0.052177827805280685,
                0.9419700503349304
            ]
        ]
    ],
    "start_goal_config": [
        null,
        null,
        null,
        null
    ],
    "start_config": [
        [
            -5.299714593417214,
            -1.3589759647905593,
            1.3295665004276669,
            -1.5855066108656146,
            -2.740476724218339,
            -8.447126925105197e-05
        ],
        [
            -3.083841801653144,
            -2.3934782560539394,
            1.1754294644066818,
            -1.5495541936175306,
            -1.7882807954431519,
            1.4786745121896129e-05
        ],
        [
            -3.2008310666619297,
            -2.6683252081005397,
            1.6127842053471926,
            -1.2567493989802803,
            -2.2390156986530165,
            2.9343938041783796e-05
        ],
        [
            -3.1889985272193666,
            -3.1592575339768967,
            1.4526050763335572,
            -1.1346887518033308,
            -0.911697361822764,
            -3.4412588029855002e-06
        ]
    ],
    "goal_config": [
        [
            -4.938794490884991,
            -1.499014162823423,
            1.3061640401994754,
            -1.671043351534188,
            -2.2530454058694565,
            3.034510478495102e-05
        ],
        [
            -4.305387242284632,
            -1.6873192054161756,
            1.088219413482888,
            -1.7569729104519816,
            -1.9568352127844564,
            2.6652772254772213e-05
        ],
        [
            -2.103434927685922,
            -2.148011638672022,
            1.648354821941701,
            -1.3855174384207198,
            -1.0965744225312728,
            -1.9882888910319847e-05
        ],
        [
            -3.28588286168247,
            -2.078311030481286,
            1.221327981600158,
            -1.6085730351939505,
            -1.6696065261887327,
            9.987135222286284e-06
        ]
    ],
    "base_poses": [
        [
            [
                0.6809274163536585,
                0.7349187756119879,
                0.0
            ],
            [
                0.0,
                0.0,
                -0.5420166823206112,
                0.8403677267043027
            ]
        ],
        [
            [
                -0.3665144424408018,
                -0.25351741822937246,
                0.0
            ],
            [
                -0.0,
                -0.0,
                0.5519144647052522,
                0.8339007276943191
            ]
        ],
        [
            [
                0.7879315623253178,
                0.03848998337062304,
                0.0
            ],
            [
                0.0,
                0.0,
                0.8748908121650891,
                0.4843202110062213
            ]
        ],
        [
            [
                0.391180051165791,
                -0.28262328895575395,
                0.0
            ],
            [
                0.0,
                0.0,
                0.9978085065942556,
                -0.06616784844727339
            ]
        ]
    ],
    "difficulty": 0.8231919495908963,
    "dynamic_speed": null
}