{
    "target_eff_poses": [
        [
            [
                0.3780016303062439,
                0.7273454666137695,
                0.12564654648303986
            ],
            [
                0.9356949925422668,
                0.18938784301280975,
                -0.26589256525039673,
                -0.13382184505462646
            ]
        ],
        [
            [
                0.05638347566127777,
                -0.2617015242576599,
                0.21070316433906555
            ],
            [
                -0.6202892065048218,
                -0.3407498002052307,
                0.6280613541603088,
                -0.3235272765159607
            ]
        ]
    ],
    "start_goal_config": [
        null,
        null
    ],
    "start_config": [
        [
            -2.2000768163708817,
            -1.92271307036981,
            1.8374554804908652,
            -1.3635189272484274,
            -1.2898795549212063,
            -1.1430968727870445e-05
        ],
        [
            -4.1262326116623465,
            -1.2422141772454212,
            1.7101385558694413,
            -1.5967113048181898,
            -1.835802570479645,
            2.4564219870194602e-05
        ]
    ],
    "goal_config": [
        [
            -4.584253363765878,
            -1.5847356089839644,
            2.28407787944627,
            -1.3038342969639258,
            -2.2367641387477275,
            1.4354351129167588e-05
        ],
        [
            -3.4413710254857914,
            -0.993365703353391,
            1.2628533058903062,
            -1.8385442823564393,
            -1.5974623674651003,
            4.86284030384656e-06
        ]
    ],
    "base_poses": [
        [
            [
                0.6402138372820716,
                0.6856369876246737,
                0.0
            ],
            [
                -0.0,
                -0.0,
                0.5547426547068445,
                0.8320219871186114
            ]
        ],
        [
            [
                0.36232235258432643,
                0.38165571457059366,
                0.0
            ],
            [
                -0.0,
                -0.0,
                0.5963089124163065,
                0.8027550566473448
            ]
        ]
    ],
    "difficulty": 0.6480767422176243,
    "dynamic_speed": null,
    "ur5_count": 2,
    "id": "001162",
    "task_path": "/home/hqh2101/workspace-sharing-multiarm/src/data/8f14d7-hard-vlo-tasks/001162.json"
}