{
    "target_eff_poses": [
        [
            [
                0.625761866569519,
                -0.13384702801704407,
                0.7594103217124939
            ],
            [
                -0.17158131301403046,
                -0.18368755280971527,
                0.9198858737945557,
                -0.3010460138320923
            ]
        ],
        [
            [
                -0.3409995138645172,
                0.1930435448884964,
                0.24073630571365356
            ],
            [
                -0.1703624427318573,
                0.8144389390945435,
                0.22869600355625153,
                0.5053357481956482
            ]
        ]
    ],
    "start_goal_config": [
        null,
        null
    ],
    "start_config": [
        [
            -4.25045120283475,
            -2.1237159924441658,
            1.6687252449591141,
            -1.3856147117511597,
            -2.0769132008288453,
            2.73039923160213e-05
        ],
        [
            -3.6514887603990704,
            -2.358763633834441,
            1.805998673818287,
            -1.2517484746484644,
            -1.9328569054771023,
            2.7487992093540064e-05
        ]
    ],
    "goal_config": [
        [
            -3.259592969265206,
            -2.396570136563152,
            1.2661141752662608,
            -1.5029529451586636,
            -2.0740269647522807,
            3.097707717645655e-05
        ],
        [
            -2.3557093848632102,
            -1.5102888150251743,
            1.8187898574072778,
            -1.4844463790531954,
            -1.3520220219609225,
            -8.711133700843589e-06
        ]
    ],
    "base_poses": [
        [
            [
                0.583774241944788,
                -0.11396351111939163,
                0.0
            ],
            [
                -0.0,
                -0.0,
                0.586635214031731,
                0.8098512984850645
            ]
        ],
        [
            [
                -0.6135400501502725,
                -0.17630781134671447,
                0.0
            ],
            [
                0.0,
                0.0,
                0.9970097801452553,
                0.07727547020050901
            ]
        ]
    ],
    "difficulty": 0.11915734035549704,
    "dynamic_speed": null,
    "ur5_count": 2,
    "id": "001218",
    "task_path": "/home/hqh2101/workspace-sharing-multiarm/src/data/8f14d7-hard-vlo-tasks/001218.json"
}