{
    "target_eff_poses": [
        [
            [
                -0.21395541727542877,
                -0.40212419629096985,
                0.15673334896564484
            ],
            [
                -0.161380797624588,
                0.891843855381012,
                -0.30046793818473816,
                0.29713597893714905
            ]
        ],
        [
            [
                0.025654228404164314,
                -0.27492040395736694,
                0.6632030606269836
            ],
            [
                0.4071017801761627,
                0.18154966831207275,
                -0.4286264479160309,
                0.7858671545982361
            ]
        ]
    ],
    "start_goal_config": [
        null,
        null
    ],
    "start_config": [
        [
            -2.6148387406567473,
            -2.8376622263047007,
            1.9402637434747438,
            -0.9936243275624551,
            -1.279267042481436,
            -1.661131043747825e-05
        ],
        [
            -2.0210709903097874,
            -2.369102427736029,
            1.828193018363752,
            -1.2381175115140302,
            -0.6073827081845404,
            -2.066380256577133e-05
        ]
    ],
    "goal_config": [
        [
            -5.1729508426696515,
            -1.3065636348510996,
            1.9191399993216753,
            -1.4851271670860744,
            -2.5407727419880493,
            2.542524578195283e-05
        ],
        [
            -2.322569542617992,
            -2.300132444960207,
            1.4957289842618489,
            -1.4131608661262394,
            -0.9187988303451561,
            -1.0712284615830355e-05
        ]
    ],
    "base_poses": [
        [
            [
                -0.5892718131661907,
                -0.14106455272229168,
                0.0
            ],
            [
                0.0,
                0.0,
                -0.7585515610153268,
                0.6516130211108515
            ]
        ],
        [
            [
                -0.15167724952381811,
                -0.13369067199670037,
                0.0
            ],
            [
                -0.0,
                -0.0,
                0.3296803624399827,
                0.9440926112524352
            ]
        ]
    ],
    "difficulty": 0.6284532982522082,
    "dynamic_speed": null,
    "ur5_count": 2,
    "id": "001232",
    "task_path": "/home/hqh2101/workspace-sharing-multiarm/src/data/8f14d7-hard-vlo-tasks/001232.json"
}