{
    "target_eff_poses": [
        [
            [
                0.18819187581539154,
                -0.6530851721763611,
                0.13496337831020355
            ],
            [
                0.1293717920780182,
                0.9498211741447449,
                -0.25113052129745483,
                0.13429859280586243
            ]
        ],
        [
            [
                0.29160189628601074,
                0.5638092160224915,
                0.4618249535560608
            ],
            [
                0.573215663433075,
                -0.3560640811920166,
                -0.5439160466194153,
                -0.49879610538482666
            ]
        ]
    ],
    "start_goal_config": [
        null,
        null
    ],
    "start_config": [
        [
            -2.9193894381934107,
            -1.9270428248905365,
            1.651582464075613,
            -1.4438970782148697,
            -1.538636618399723,
            5.302093143062796e-06
        ],
        [
            -2.958942166042112,
            -2.7031800474175514,
            1.4852868321310393,
            -1.302671617025562,
            -1.7537125371838187,
            -6.294400735854604e-07
        ]
    ],
    "goal_config": [
        [
            -4.85988583011809,
            -1.5980773319560342,
            2.316325736824077,
            -1.295797081799267,
            -2.5151218021837227,
            1.9641324835760792e-05
        ],
        [
            -3.579720377277751,
            -2.001070737751234,
            1.729567315331675,
            -1.3886921340678633,
            -1.7571112418490098,
            1.6937016059412898e-05
        ]
    ],
    "base_poses": [
        [
            [
                0.09001281042427978,
                -0.39984758216443805,
                0.0
            ],
            [
                0.0,
                0.0,
                0.9685123211707952,
                -0.24896562762831023
            ]
        ],
        [
            [
                0.45605181127437544,
                0.2917757419008926,
                0.0
            ],
            [
                0.0,
                0.0,
                -0.4168022249864496,
                0.9089971976009305
            ]
        ]
    ],
    "difficulty": 0.36245650333866264,
    "dynamic_speed": null,
    "ur5_count": 2,
    "id": "001265",
    "task_path": "/home/hqh2101/workspace-sharing-multiarm/src/data/8f14d7-hard-vlo-tasks/001265.json"
}