{
    "target_eff_poses": [
        [
            [
                -0.3916018009185791,
                -0.011588740162551403,
                0.6156461834907532
            ],
            [
                -0.45424383878707886,
                -0.2169623076915741,
                0.8014082312583923,
                -0.32300880551338196
            ]
        ],
        [
            [
                -0.07904509454965591,
                0.6126046180725098,
                0.6695674657821655
            ],
            [
                -0.31689372658729553,
                0.31225764751434326,
                0.785180389881134,
                0.4307727515697479
            ]
        ]
    ],
    "start_goal_config": [
        null,
        null
    ],
    "start_config": [
        [
            -2.6477795602652803,
            -1.5054531039704853,
            1.5371078583797564,
            -1.6014292430433719,
            -1.4288150692620887,
            -3.5205825129003633e-06
        ],
        [
            -4.991853612655512,
            -1.517666249137845,
            1.8978094025705994,
            -1.4492628944278652,
            -2.323604613903311,
            2.2149188572028646e-05
        ]
    ],
    "goal_config": [
        [
            -3.191415690561681,
            -2.087832955462341,
            1.4824189520299365,
            -1.4811232835460284,
            -1.6332580921695872,
            1.3462588316705185e-06
        ],
        [
            -2.3877518051101196,
            -1.8253511157215736,
            1.255602709581135,
            -1.6497394518793487,
            -1.294549964270351,
            -9.84129051970948e-06
        ]
    ],
    "base_poses": [
        [
            [
                -0.2911852034018253,
                0.2474327856399563,
                0.0
            ],
            [
                -0.0,
                -0.0,
                0.4252852505513333,
                0.9050593658227561
            ]
        ],
        [
            [
                0.16684823017899608,
                0.29556687799086956,
                0.0
            ],
            [
                0.0,
                0.0,
                -0.8504478624304913,
                0.526059343883756
            ]
        ]
    ],
    "difficulty": 0.609047305558168,
    "dynamic_speed": null
}