{
    "target_eff_poses": [
        [
            [
                -0.31434643268585205,
                -0.58698570728302,
                0.552033543586731
            ],
            [
                -0.5401885509490967,
                -0.15454432368278503,
                0.8265736699104309,
                -0.032990407198667526
            ]
        ]
    ],
    "start_goal_config": [
        null
    ],
    "start_config": [
        [
            -2.942403735004137,
            -2.8521324818999223,
            1.012858100303049,
            -1.4889378988962874,
            -1.6319859325713761,
            3.662677718834506e-06
        ]
    ],
    "goal_config": [
        [
            -3.458803117729952,
            -2.2923136434783187,
            1.6773205501326005,
            -1.3333276011746837,
            -1.8095613763794753,
            1.6058476268652752e-05
        ]
    ],
    "base_poses": [
        [
            [
                -0.17346313221968723,
                -0.45796558435840534,
                0.0
            ],
            [
                -0.0,
                -0.0,
                0.3125573718003201,
                0.9498988837414625
            ]
        ]
    ],
    "difficulty": 0.0
}