{
    "target_eff_poses": [
        [
            [
                -0.16468411684036255,
                -0.5270618200302124,
                0.31474313139915466
            ],
            [
                0.8144115805625916,
                0.0671575516462326,
                -0.5471347570419312,
                0.18129295110702515
            ]
        ]
    ],
    "start_goal_config": [
        null
    ],
    "start_config": [
        [
            -2.1349574961921727,
            -2.0242565837059416,
            1.9211669907565498,
            -1.2977018089111692,
            -1.2472383383712335,
            -1.3307419250506433e-05
        ]
    ],
    "goal_config": [
        [
            -2.285964473187184,
            -1.990157373005578,
            2.02026879865474,
            -1.2587135658114572,
            -1.333109811304496,
            -6.4681326698789955e-06
        ]
    ],
    "base_poses": [
        [
            [
                0.025179613316607452,
                -0.29440759558257334,
                0.0
            ],
            [
                0.0,
                0.0,
                -0.22476081287164112,
                0.9744139659288957
            ]
        ]
    ],
    "difficulty": 0.0,
    "dynamic_speed": null
}