{
    "target_eff_poses": [
        [
            [
                -0.2955991327762604,
                0.412729948759079,
                0.7383694648742676
            ],
            [
                0.37935176491737366,
                -0.014182311482727528,
                -0.7604056000709534,
                0.5269486308097839
            ]
        ],
        [
            [
                0.2596868872642517,
                -0.38227060437202454,
                0.6782892346382141
            ],
            [
                -0.4277980327606201,
                0.22402748465538025,
                0.18066591024398804,
                0.8568315505981445
            ]
        ]
    ],
    "start_goal_config": [
        null,
        null
    ],
    "start_config": [
        [
            -2.676652429683862,
            -1.300685787752069,
            1.9226647228395801,
            -1.499962964340953,
            -1.44449858928592,
            -4.940601205428349e-06
        ],
        [
            -2.925993129767608,
            -2.7772324042265355,
            1.5600124469058878,
            -1.2455749585426459,
            -2.1978373074300337,
            2.6421546934818012e-05
        ]
    ],
    "goal_config": [
        [
            -2.1473655160855682,
            -2.0304042440197994,
            1.25705099999025,
            -1.5894594977693584,
            -0.9274059114928992,
            -2.5743189164274767e-05
        ],
        [
            -4.925567476510254,
            -1.759773058145478,
            1.2506376499616536,
            -1.6245465608801597,
            -2.451357303815667,
            -4.358088722048831e-05
        ]
    ],
    "base_poses": [
        [
            [
                -0.20030652975279184,
                0.6957045294661659,
                0.0
            ],
            [
                0.0,
                0.0,
                -0.21120862304996907,
                0.977441004638815
            ]
        ],
        [
            [
                0.16334202027316225,
                -0.7570671082342666,
                0.0
            ],
            [
                0.0,
                0.0,
                -0.030721585142872262,
                0.9995279807020458
            ]
        ]
    ],
    "difficulty": 0.011398330958681051
}