{
    "target_eff_poses": [
        [
            [
                0.4631986916065216,
                -0.30005818605422974,
                0.6027238368988037
            ],
            [
                -0.3373148441314697,
                0.35334527492523193,
                0.5652416944503784,
                0.6647313237190247
            ]
        ]
    ],
    "start_goal_config": [
        null
    ],
    "start_config": [
        [
            -2.785024489791831,
            -1.7243475089383777,
            1.4125941689560488,
            -1.6038852152951197,
            -1.4666316551365142,
            5.394678381240344e-07
        ]
    ],
    "goal_config": [
        [
            -3.052916124208063,
            -2.339101007025292,
            1.5830079060295092,
            -1.364753454837686,
            -1.6283067520935317,
            7.517640946470171e-06
        ]
    ],
    "base_poses": [
        [
            [
                0.5499560069705045,
                -0.44841935338376815,
                0.0
            ],
            [
                0.0,
                0.0,
                -0.7718152946629121,
                0.6358467983126139
            ]
        ]
    ],
    "difficulty": 0.0,
    "dynamic_speed": null
}