{
    "target_eff_poses": [
        [
            [
                -0.3567875623703003,
                0.5535458326339722,
                0.29054173827171326
            ],
            [
                0.7704665660858154,
                0.28664517402648926,
                -0.5613388419151306,
                0.09546970576047897
            ]
        ]
    ],
    "start_goal_config": [
        null
    ],
    "start_config": [
        [
            -1.8892284894513502,
            -1.9352140374736992,
            1.9161440863522303,
            -1.330094786531589,
            -1.1081245936519328,
            -1.2319314245162017e-05
        ]
    ],
    "goal_config": [
        [
            -2.8521700116732216,
            -2.732729496646716,
            2.240841037758869,
            -0.7196613591609439,
            -1.75850671361546,
            1.3284337579685513e-06
        ]
    ],
    "base_poses": [
        [
            [
                -0.39975610819156293,
                0.6267606116956033,
                0.0
            ],
            [
                -0.0,
                -0.0,
                0.11733696782225199,
                0.993092158856508
            ]
        ]
    ],
    "difficulty": 0.0,
    "dynamic_speed": null,
    "ur5_count": 1,
    "id": "001262",
    "task_path": "/home/huy/programming/projects/workspace-sharing-multiarm/src/data/8f14d7-hard-vlo-tasks/001262.json"
}