{
    "target_eff_poses": [
        [
            [
                0.2618590295314789,
                -0.03129444643855095,
                0.2684856653213501
            ],
            [
                0.4682723879814148,
                0.7652485370635986,
                -0.441402405500412,
                -0.01671930029988289
            ]
        ],
        [
            [
                -0.31574979424476624,
                0.03716304525732994,
                0.44653844833374023
            ],
            [
                0.39769864082336426,
                0.4718368947505951,
                -0.5942447781562805,
                0.5158283114433289
            ]
        ],
        [
            [
                0.747767984867096,
                0.6428676247596741,
                0.08974502980709076
            ],
            [
                -0.4256815016269684,
                0.8226779103279114,
                0.09740898758172989,
                0.36401617527008057
            ]
        ]
    ],
    "start_goal_config": [
        null,
        null,
        null
    ],
    "start_config": [
        [
            -4.293943898190193,
            -1.8796799148608228,
            1.1044415316660774,
            -1.7044200122648976,
            -2.0768080794039174,
            3.729634847001105e-05
        ],
        [
            -5.347217416495095,
            -1.4318507192591128,
            1.762248239538082,
            -1.4255341403806463,
            -2.800572600600012,
            2.9015987609148636e-05
        ],
        [
            -4.403640357461675,
            -1.7730307523121207,
            1.4429925108522454,
            -1.573871229473282,
            -1.995324763601926,
            -3.98131173543504e-06
        ]
    ],
    "goal_config": [
        [
            -4.325604374345393,
            -2.450651051497645,
            2.408273111243036,
            -0.8726659071724326,
            -2.6303195629915064,
            -1.8865402848996427e-05
        ],
        [
            -3.804877993339438,
            -1.4268772470078621,
            1.3274547517682644,
            -1.7121004940941125,
            -1.7263795949888963,
            1.3625255394600353e-05
        ],
        [
            -3.8403767939444315,
            -1.298830007010748,
            1.9977823828199657,
            -1.4716779300737568,
            -1.786808039259399,
            1.6729570628994033e-05
        ]
    ],
    "base_poses": [
        [
            [
                0.32110102383150063,
                0.05013012026533725,
                0.0
            ],
            [
                0.0,
                0.0,
                0.8837886715566154,
                0.467886293909314
            ]
        ],
        [
            [
                -0.4130925089925443,
                0.6096148719556818,
                0.0
            ],
            [
                0.0,
                0.0,
                0.9019715775420624,
                0.4317954067683947
            ]
        ],
        [
            [
                0.514547932781162,
                0.32037577073001366,
                0.0
            ],
            [
                0.0,
                0.0,
                -0.752539232541766,
                0.6585474193142433
            ]
        ]
    ],
    "difficulty": 0.4602754596648348
}