{
    "target_eff_poses": [
        [
            [
                -0.25616756081581116,
                0.08650361001491547,
                0.32520970702171326
            ],
            [
                0.5408341288566589,
                0.3676770031452179,
                -0.3565620183944702,
                0.6672148704528809
            ]
        ]
    ],
    "start_goal_config": [
        null
    ],
    "start_config": [
        [
            -3.4899069135757186,
            -1.0399279464560283,
            1.2403820903816205,
            -1.8380972146241763,
            -1.6110596542695015,
            5.145610856181373e-06
        ]
    ],
    "goal_config": [
        [
            -1.7776433215574372,
            -1.1005742206947673,
            1.2093645140933853,
            -1.8247052982439373,
            -1.087849364429466,
            -2.9065892312947893e-05
        ]
    ],
    "base_poses": [
        [
            [
                -0.49820150472016533,
                0.7574161568208146,
                0.0
            ],
            [
                -0.0,
                -0.0,
                0.15590827354589346,
                0.9877715374720709
            ]
        ]
    ],
    "difficulty": 0.0,
    "dynamic_speed": null
}