{
    "target_eff_poses": [
        [
            [
                0.7666634321212769,
                -0.14864513278007507,
                0.6153969764709473
            ],
            [
                -0.27596375346183777,
                0.4624101221561432,
                -0.11126913875341415,
                0.8352485299110413
            ]
        ],
        [
            [
                -1.3113691806793213,
                -0.08490879088640213,
                0.2592586576938629
            ],
            [
                0.687817394733429,
                0.30177685618400574,
                -0.6003314256668091,
                -0.2746637165546417
            ]
        ],
        [
            [
                -0.4298326373100281,
                -0.2864092290401459,
                0.4158826768398285
            ],
            [
                -0.5116872191429138,
                -0.4325191080570221,
                0.6970458030700684,
                -0.2554028034210205
            ]
        ]
    ],
    "start_goal_config": [
        null,
        null,
        null
    ],
    "start_config": [
        [
            -3.9505989216926007,
            -1.3886764834573662,
            1.1991489859570663,
            -1.7776697680846973,
            -1.760937704400892,
            1.5803290230405583e-05
        ],
        [
            -2.4068836314284496,
            -2.0089305950905585,
            2.058861116559311,
            -1.2308659249561948,
            -1.389672329244885,
            -4.896478794806822e-06
        ],
        [
            -2.353929381888424,
            -1.8530102304154887,
            1.33958956512444,
            -1.6038148829796184,
            -1.2929288873632947,
            -1.1403332425904548e-05
        ]
    ],
    "goal_config": [
        [
            -4.612063936024538,
            -1.974648971523944,
            1.474493816760506,
            -1.504108282204578,
            -2.2413059007923852,
            3.769797609497449e-05
        ],
        [
            -5.16237658850435,
            -1.082140664107284,
            1.3589692067178916,
            -1.7189241551700396,
            -2.4133393863816472,
            2.8634004461234673e-05
        ],
        [
            -4.364229003373791,
            -1.4947436719382852,
            1.4571725948838545,
            -1.6356093990990732,
            -1.9213280387081515,
            3.895198246398578e-06
        ]
    ],
    "base_poses": [
        [
            [
                0.4968112682654793,
                -0.2954152943711895,
                0.0
            ],
            [
                0.0,
                0.0,
                -0.591351362765725,
                0.8064140163434165
            ]
        ],
        [
            [
                -0.6516703703835083,
                -0.08308369733644005,
                0.0
            ],
            [
                -0.0,
                -0.0,
                0.8428644071948045,
                0.538125999264253
            ]
        ],
        [
            [
                -0.22309224727989185,
                0.20681678364448652,
                0.0
            ],
            [
                0.0,
                0.0,
                0.9077134213846126,
                0.4195906870251538
            ]
        ]
    ],
    "difficulty": 0.7313081914793568,
    "dynamic_speed": null
}