{
    "target_eff_poses": [
        [
            [
                -0.6080634593963623,
                0.1741880476474762,
                0.8151945471763611
            ],
            [
                -0.13344711065292358,
                0.13431145250797272,
                0.13213850557804108,
                0.9729808568954468
            ]
        ]
    ],
    "start_goal_config": [
        null
    ],
    "start_config": [
        [
            -3.8785283494506984,
            -2.0639152993703465,
            1.0739872093646283,
            -1.6800184536630052,
            -2.112129346237055,
            3.38867252446073e-05
        ]
    ],
    "goal_config": [
        [
            -3.312291713854721,
            -2.3046742267957288,
            1.1348553778292008,
            -1.5907833658319326,
            -2.2180502482433733,
            3.3477325548239135e-05
        ]
    ],
    "base_poses": [
        [
            [
                -0.5835948776916831,
                0.15554703876749243,
                0.0
            ],
            [
                0.0,
                0.0,
                -0.85566536863896,
                0.5175294937604548
            ]
        ]
    ],
    "difficulty": 0.0,
    "dynamic_speed": null
}