{
    "target_eff_poses": [
        [
            [
                -0.2823385000228882,
                0.39617612957954407,
                0.21900655329227448
            ],
            [
                0.8837853670120239,
                -0.09342146664857864,
                -0.45812371373176575,
                -0.017849309369921684
            ]
        ],
        [
            [
                0.08765053004026413,
                -0.21482962369918823,
                0.7028887271881104
            ],
            [
                -0.023422325029969215,
                0.31357088685035706,
                -0.5758751034736633,
                0.7546473145484924
            ]
        ]
    ],
    "start_goal_config": [
        null,
        null
    ],
    "start_config": [
        [
            -3.2604886467312153,
            -2.3347947219159226,
            1.1651425168830125,
            -1.5691324441657764,
            -2.0891238701682013,
            3.596798265075256e-05
        ],
        [
            -5.2634570929548845,
            -1.5189776908584414,
            1.9110250995905247,
            -1.393946831307839,
            -2.6805770469559493,
            2.3551701843696765e-05
        ]
    ],
    "goal_config": [
        [
            -2.7282505121422247,
            -1.7809847498892393,
            2.105949835315961,
            -1.2775128321564106,
            -1.5044210573248973,
            3.779163284596629e-06
        ],
        [
            -3.2253629421384695,
            -2.5281556213177727,
            1.419222206604948,
            -1.3928971455054793,
            -2.297217125299096,
            2.8425352280051426e-05
        ]
    ],
    "base_poses": [
        [
            [
                0.01662488779183613,
                0.47175684531479556,
                0.0
            ],
            [
                0.0,
                0.0,
                -0.275199524338276,
                0.9613871341993228
            ]
        ],
        [
            [
                0.10725712885884575,
                -0.2548117856213751,
                0.0
            ],
            [
                0.0,
                0.0,
                0.9697146432774774,
                0.24424068173266064
            ]
        ]
    ],
    "difficulty": 0.22715245267657236
}