{
    "target_eff_poses": [
        [
            [
                0.044255953282117844,
                0.5337986946105957,
                0.5993328094482422
            ],
            [
                -0.4473854601383209,
                0.11738112568855286,
                0.7566760778427124,
                0.4620707333087921
            ]
        ],
        [
            [
                -0.634387731552124,
                0.02821516804397106,
                0.7347811460494995
            ],
            [
                0.027110015973448753,
                0.2667149603366852,
                -0.40452849864959717,
                0.8743482828140259
            ]
        ],
        [
            [
                1.0363067388534546,
                0.8638026714324951,
                0.5051586627960205
            ],
            [
                -0.08531995862722397,
                0.522208571434021,
                -0.12256619334220886,
                0.8396405577659607
            ]
        ]
    ],
    "start_goal_config": [
        null,
        null,
        null
    ],
    "start_config": [
        [
            -3.0088214904178345,
            -2.814569608871359,
            2.0385371170723054,
            -0.9208123862873744,
            -1.8394947860176196,
            -1.519193364917971e-09
        ],
        [
            -4.3112040557388935,
            -1.9022456128269905,
            2.2763001887239827,
            -1.1709212289359754,
            -2.1420048139676036,
            1.4944037501962503e-05
        ],
        [
            -2.9016478247685398,
            -2.076417792343857,
            1.214664292066825,
            -1.6116445080965536,
            -1.4779599487890078,
            -1.6689943144975962e-06
        ]
    ],
    "goal_config": [
        [
            -3.2765867430183726,
            -2.4920928754030993,
            1.616948112938908,
            -1.3047523252594475,
            -1.862441513108724,
            2.034406779523259e-05
        ],
        [
            -3.1603800241849913,
            -2.443783288788039,
            1.3124294205987854,
            -1.4674109575114151,
            -1.9028740797865804,
            2.566489363317198e-05
        ],
        [
            -4.332302312688504,
            -1.303051458833942,
            1.108646089998684,
            -1.8320225705468138,
            -1.8777107116552147,
            2.4788640730041e-05
        ]
    ],
    "base_poses": [
        [
            [
                0.13881556879642876,
                0.5390260989786435,
                0.0
            ],
            [
                0.0,
                0.0,
                -0.3286701259252436,
                0.9444447830997239
            ]
        ],
        [
            [
                -0.664398604355744,
                -0.031610620873909645,
                0.0
            ],
            [
                0.0,
                0.0,
                0.9669281200067728,
                0.2550490359522422
            ]
        ],
        [
            [
                0.40076593124762505,
                0.7830954499981593,
                0.0
            ],
            [
                0.0,
                0.0,
                -0.8231451574024996,
                0.5678310046526291
            ]
        ]
    ],
    "difficulty": 0.859588074861281,
    "dynamic_speed": null
}