{
    "target_eff_poses": [
        [
            [
                -0.6422464847564697,
                1.0625243186950684,
                0.3297916352748871
            ],
            [
                0.7154363989830017,
                -0.055681630969047546,
                -0.5169503092765808,
                -0.46670401096343994
            ]
        ],
        [
            [
                -0.8695387840270996,
                -1.2321852445602417,
                0.2392568290233612
            ],
            [
                0.6792897582054138,
                0.3080381453037262,
                -0.6332393288612366,
                0.2066056877374649
            ]
        ],
        [
            [
                0.5817197561264038,
                0.2551884055137634,
                0.4965457618236542
            ],
            [
                -0.5593653321266174,
                0.2932083010673523,
                0.3107474744319916,
                0.7103347182273865
            ]
        ],
        [
            [
                -0.2602118253707886,
                0.16747461259365082,
                0.39138394594192505
            ],
            [
                -0.526849091053009,
                0.45354607701301575,
                0.2295997142791748,
                0.6811828017234802
            ]
        ]
    ],
    "start_goal_config": [
        null,
        null,
        null,
        null
    ],
    "start_config": [
        [
            -3.3610161593426593,
            -2.2908505693282977,
            1.1329928328298449,
            -1.5927801726229622,
            -2.3973740379097155,
            3.1844529026692064e-05
        ],
        [
            -3.1107948461090955,
            -1.3522926394072632,
            1.4900437724659135,
            -1.6587854452318984,
            -1.5436551808712309,
            3.096296785071714e-06
        ],
        [
            -2.9626600727461985,
            -2.801636072178306,
            1.641969455088943,
            -1.1898536640972224,
            -1.9143043874286974,
            3.0250426943857214e-05
        ],
        [
            -2.260808686527584,
            -2.0782138401267107,
            1.641069773027449,
            -1.4086166560735576,
            -1.2565931161162427,
            -1.592653170708221e-05
        ]
    ],
    "goal_config": [
        [
            -4.972754720020285,
            -1.258647834786638,
            1.4072672931685195,
            -1.6894920992851161,
            -2.22748454273116,
            3.1379641026285336e-05
        ],
        [
            -3.681088440526774,
            -1.1732042632320965,
            1.4381195771477564,
            -1.7228254742341156,
            -1.6811535675068194,
            1.0951227018005318e-05
        ],
        [
            -4.917417562434039,
            -1.5720770737259162,
            1.4118290349232354,
            -1.6142108389706389,
            -2.246411737151496,
            3.3687245009530775e-05
        ],
        [
            -3.4476786719820574,
            -2.71165943512921,
            2.0734303387144433,
            -0.9660164231879486,
            -2.1057237135949647,
            1.6827664831707095e-05
        ]
    ],
    "base_poses": [
        [
            [
                -0.20094558590253964,
                0.6403786972733039,
                0.0
            ],
            [
                -0.0,
                -0.0,
                0.4878076147343423,
                0.8729511618682866
            ]
        ],
        [
            [
                -0.4742506359796981,
                -0.7418846915158256,
                0.0
            ],
            [
                -0.0,
                -0.0,
                0.5974446692979412,
                0.8019101365661079
            ]
        ],
        [
            [
                0.5743405727670248,
                -0.2454237496845727,
                0.0
            ],
            [
                -0.0,
                -0.0,
                0.06726563734336259,
                0.9977351021352266
            ]
        ],
        [
            [
                -0.23065815708842885,
                0.1262805351594659,
                0.0
            ],
            [
                0.0,
                0.0,
                -0.7346709339334095,
                0.678423627856085
            ]
        ]
    ],
    "difficulty": 0.8955139659550456,
    "dynamic_speed": null
}