{
    "target_eff_poses": [
        [
            [
                0.0894937515258789,
                0.7253309488296509,
                0.3850390911102295
            ],
            [
                -0.4950048625469208,
                -0.47143983840942383,
                0.6413988471031189,
                -0.3483133316040039
            ]
        ]
    ],
    "start_goal_config": [
        null
    ],
    "start_config": [
        [
            -3.8520564067047736,
            -1.8601512098944937,
            1.4677566880833515,
            -1.5453490836322794,
            -1.8065815818140607,
            2.2722788683593802e-05
        ]
    ],
    "goal_config": [
        [
            -3.054318113895969,
            -2.7418133728641934,
            2.05236704518077,
            -0.9468231874013869,
            -1.8343229142538249,
            8.691672239698942e-06
        ]
    ],
    "base_poses": [
        [
            [
                0.02209737462819894,
                0.7616229671804764,
                0.0
            ],
            [
                -0.0,
                -0.0,
                0.5527192101766799,
                0.8333675507851666
            ]
        ]
    ],
    "difficulty": 0.0,
    "dynamic_speed": null
}