{
    "target_eff_poses": [
        [
            [
                -0.10180730372667313,
                0.6053987145423889,
                0.8302422165870667
            ],
            [
                0.06719470024108887,
                0.1368492692708969,
                -0.6913673877716064,
                0.7062352895736694
            ]
        ],
        [
            [
                -0.6545807719230652,
                -0.47578558325767517,
                0.26023536920547485
            ],
            [
                0.6088482141494751,
                0.6195099949836731,
                -0.45469966530799866,
                0.19687420129776
            ]
        ],
        [
            [
                -0.07490690052509308,
                -0.18860583007335663,
                0.40764039754867554
            ],
            [
                0.5534599423408508,
                0.49432283639907837,
                -0.20861148834228516,
                0.637030839920044
            ]
        ],
        [
            [
                0.6376706957817078,
                -0.1735638529062271,
                0.4007450044155121
            ],
            [
                0.6362022161483765,
                -0.15822644531726837,
                -0.6249909996986389,
                0.42378929257392883
            ]
        ]
    ],
    "start_goal_config": [
        null,
        null,
        null,
        null
    ],
    "start_config": [
        [
            -1.7661179090627463,
            -1.9057143632480091,
            1.5513845846193237,
            -1.4838841313819087,
            -0.9371672753479549,
            1.7209573911893375e-05
        ],
        [
            -5.0504518520050325,
            -1.5260798465781342,
            1.7676946176359796,
            -1.4852206147842757,
            -2.3547420701901873,
            6.413335436736372e-05
        ],
        [
            -1.6939610406833647,
            -1.8784053930181603,
            2.5273145735470295,
            -1.1418443925691344,
            -0.40163649393179296,
            -7.163889757356668e-06
        ],
        [
            -3.8251059610383216,
            -1.289464739492448,
            1.2628008440930445,
            -1.7719984995323093,
            -1.7183263830845992,
            1.3186645656640073e-05
        ]
    ],
    "goal_config": [
        [
            -3.19288588167921,
            -2.2838812894736993,
            1.0767782222028317,
            -1.6283762081439166,
            -1.8891861065635933,
            2.0614531397832915e-05
        ],
        [
            -4.051264128741093,
            -1.9216019491935339,
            2.1170425881051727,
            -1.232239697057688,
            -1.956265734343004,
            1.7836629964147963e-06
        ],
        [
            -1.8835307290503145,
            -2.0689283123771123,
            1.8982739774930903,
            -1.2986140138334086,
            -1.0454877291430695,
            -1.4361413617665912e-05
        ],
        [
            -2.357580949249798,
            -2.9130257208926804,
            2.088703342137516,
            -0.8873500746979509,
            -0.7311783416658142,
            -1.5401658623848955e-05
        ]
    ],
    "base_poses": [
        [
            [
                -0.1689372653254374,
                0.5899095955294364,
                0.0
            ],
            [
                -0.0,
                -0.0,
                0.830986639869799,
                0.5562923730898177
            ]
        ],
        [
            [
                -0.6176517443827797,
                -0.21255013371301412,
                0.0
            ],
            [
                0.0,
                0.0,
                0.8704811872457229,
                0.49220168899677363
            ]
        ],
        [
            [
                -0.3413746070040155,
                -0.01458633702169132,
                0.0
            ],
            [
                -0.0,
                -0.0,
                0.3547396560168698,
                0.9349651204451602
            ]
        ],
        [
            [
                0.5275280202482122,
                0.005348388468393694,
                0.0
            ],
            [
                0.0,
                0.0,
                -0.21428695121965816,
                0.9767707522939986
            ]
        ]
    ],
    "difficulty": 0.9750117426021606,
    "dynamic_speed": null
}