{
    "target_eff_poses": [
        [
            [
                0.1638641506433487,
                0.8088939785957336,
                0.5008574724197388
            ],
            [
                0.053095970302820206,
                0.08673238009214401,
                -0.6871373653411865,
                0.7193751931190491
            ]
        ]
    ],
    "start_goal_config": [
        null
    ],
    "start_config": [
        [
            -3.7668969176364206,
            -2.000229040739045,
            1.4842181802175731,
            -1.502848251772412,
            -1.8170437744337478,
            2.5375644170791887e-05
        ]
    ],
    "goal_config": [
        [
            -2.8296244364282908,
            -3.2231338458004113,
            1.3949740915693207,
            -1.1096886162030513,
            -1.784011357250223,
            1.3224186652286181e-05
        ]
    ],
    "base_poses": [
        [
            [
                0.18224929141399604,
                0.42080596947372007,
                0.0
            ],
            [
                -0.0,
                -0.0,
                0.6881517747813891,
                0.7255667680270536
            ]
        ]
    ],
    "difficulty": 0.0,
    "dynamic_speed": null
}