{
    "target_eff_poses": [
        [
            [
                0.330232709646225,
                0.9466525316238403,
                0.5977796316146851
            ],
            [
                -0.041801441460847855,
                0.498822420835495,
                0.3944399654865265,
                0.7706140279769897
            ]
        ],
        [
            [
                -0.15039199590682983,
                0.044185929000377655,
                0.5913093090057373
            ],
            [
                -0.23057612776756287,
                -0.10363549739122391,
                0.8776354193687439,
                -0.4072474241256714
            ]
        ],
        [
            [
                -0.5148885250091553,
                -0.3013908565044403,
                0.30551064014434814
            ],
            [
                -0.526154637336731,
                0.6422566175460815,
                0.5025880932807922,
                0.240983247756958
            ]
        ],
        [
            [
                -0.13231083750724792,
                1.2288799285888672,
                0.2938894033432007
            ],
            [
                -0.539239764213562,
                0.5923545360565186,
                0.29563024640083313,
                0.5205183029174805
            ]
        ]
    ],
    "start_goal_config": [
        null,
        null,
        null,
        null
    ],
    "start_config": [
        [
            -3.625640027128888,
            -1.6434008454373659,
            1.3591310266800665,
            -1.6479080061357707,
            -1.6980448183279997,
            1.526320333178822e-05
        ],
        [
            -3.0055903720724038,
            -2.9749741596910084,
            1.8695272971193757,
            -0.991349059868382,
            -2.1467472966263874,
            1.3701895481433037e-10
        ],
        [
            -1.134800511510391,
            -1.044079248668155,
            1.713027830492086,
            -1.5954427819706134,
            -0.36825909810229723,
            -2.342392699570882e-05
        ],
        [
            -1.8865334514335619,
            -1.937212807064193,
            1.3297787431288057,
            -1.569139329135018,
            -0.8419621872201334,
            -2.8152571110259867e-05
        ]
    ],
    "goal_config": [
        [
            -2.4450427622194577,
            -2.3641839921423524,
            1.6136531369261398,
            -1.342540399435977,
            -1.181310786586407,
            -1.2819364877710869e-05
        ],
        [
            -2.949297691230405,
            -2.914307968089576,
            1.5006267644043496,
            -1.2167751661025532,
            -1.5587480117645083,
            1.4358208926980937e-06
        ],
        [
            -2.088498007286713,
            -2.3200739310452034,
            2.192228808537122,
            -1.0545940155771567,
            -1.1334603206090625,
            -9.111501558403562e-06
        ],
        [
            -3.8811150560162133,
            -1.6071956052212677,
            1.7906490483417912,
            -1.4669834080714685,
            -1.7927632159781142,
            1.827993341585147e-05
        ]
    ],
    "base_poses": [
        [
            [
                0.3070289231879024,
                0.7455107272303405,
                0.0
            ],
            [
                0.0,
                0.0,
                0.9975553801875768,
                0.06988035102100629
            ]
        ],
        [
            [
                -0.3604606955918168,
                -0.02919873758448488,
                0.0
            ],
            [
                -0.0,
                -0.0,
                0.3262056457025552,
                0.9452988293189508
            ]
        ],
        [
            [
                -0.321568719841242,
                -0.40100197129592347,
                0.0
            ],
            [
                0.0,
                0.0,
                0.9292296140324005,
                -0.3695028070329048
            ]
        ],
        [
            [
                -0.1877544938179636,
                0.7998422585163218,
                0.0
            ],
            [
                0.0,
                0.0,
                -0.5425899189469516,
                0.839997726102363
            ]
        ]
    ],
    "difficulty": 0.8944747227964668,
    "dynamic_speed": null
}