{
    "target_eff_poses": [
        [
            [
                0.1420598179101944,
                0.3565883934497833,
                0.6718603372573853
            ],
            [
                0.056001175194978714,
                0.4279780685901642,
                0.1573600471019745,
                0.8882209658622742
            ]
        ],
        [
            [
                -0.37001699209213257,
                0.4555527865886688,
                0.13372759521007538
            ],
            [
                0.8814430832862854,
                0.3588504493236542,
                -0.3065728545188904,
                0.017249800264835358
            ]
        ],
        [
            [
                0.8033003211021423,
                0.26031753420829773,
                0.1577228307723999
            ],
            [
                0.3520699441432953,
                0.7335611581802368,
                -0.14179344475269318,
                0.5637636780738831
            ]
        ],
        [
            [
                -0.709284245967865,
                0.36530157923698425,
                0.6146012544631958
            ],
            [
                -0.12834282219409943,
                0.07129526138305664,
                0.38044172525405884,
                0.9130768179893494
            ]
        ]
    ],
    "start_goal_config": [
        null,
        null,
        null,
        null
    ],
    "start_config": [
        [
            -3.90751912075514,
            -1.0005945694224108,
            1.2526717383119772,
            -1.8399304117396549,
            -1.7254626302766185,
            1.2210519699533406e-05
        ],
        [
            -3.0732443754752534,
            -2.465937775184772,
            1.3579080839228908,
            -1.4387151722312654,
            -1.7219159018674013,
            8.381593571381883e-18
        ],
        [
            -4.620426133350548,
            -2.086100822277961,
            1.5411227800133467,
            -1.438250801985033,
            -2.4992834040598133,
            -1.9148207233399873e-06
        ],
        [
            -3.20390928925538,
            -2.617686322319221,
            2.017509692816451,
            -1.0335459394225226,
            -1.8580631685009412,
            1.0577425303035356e-05
        ]
    ],
    "goal_config": [
        [
            -2.4991099751340538,
            -2.177943746951243,
            1.4158649530072795,
            -1.4869192261030373,
            -1.2653325435547362,
            -1.1737846002579753e-05
        ],
        [
            -3.8649835632332556,
            -1.6485066033037719,
            2.276572276373626,
            -1.2522654533146655,
            -1.9012156531168702,
            4.445589550246819e-10
        ],
        [
            -2.504650968664331,
            -1.1366701211759245,
            1.5731642250240043,
            -1.6771983393908962,
            -1.3697212736751108,
            3.211735857358461e-07
        ],
        [
            -2.568085530471912,
            -2.9706650601479487,
            1.3843401023346702,
            -1.2605488966795533,
            -2.23983378892279,
            3.40507173133711e-05
        ]
    ],
    "base_poses": [
        [
            [
                -0.043812227506360046,
                0.19978052506979938,
                0.0
            ],
            [
                0.0,
                0.0,
                0.9557398033012334,
                0.2942132362517357
            ]
        ],
        [
            [
                -0.18191964969775187,
                0.6188800502796352,
                0.0
            ],
            [
                -0.0,
                -0.0,
                0.5506246910114377,
                0.8347529273075709
            ]
        ],
        [
            [
                0.2690920125209544,
                0.5289594602774634,
                0.0
            ],
            [
                -0.0,
                -0.0,
                0.7866640161531806,
                0.6173813454338805
            ]
        ],
        [
            [
                -0.6473779111648391,
                0.6600508365835267,
                0.0
            ],
            [
                0.0,
                0.0,
                0.9036617776845685,
                -0.428246881543772
            ]
        ]
    ],
    "difficulty": 0.9612527038465155,
    "dynamic_speed": null
}