{
    "target_eff_poses": [
        [
            [
                -0.21409963071346283,
                -0.2632661461830139,
                0.16758807003498077
            ],
            [
                0.6855753660202026,
                0.4485826790332794,
                -0.5728670358657837,
                -0.024154528975486755
            ]
        ],
        [
            [
                0.0448567271232605,
                -0.9934351444244385,
                0.18250131607055664
            ],
            [
                0.7773061394691467,
                0.36592230200767517,
                -0.47747689485549927,
                0.18415170907974243
            ]
        ]
    ],
    "start_goal_config": [
        null,
        null
    ],
    "start_config": [
        [
            -2.677720965798761,
            -3.029403737180766,
            1.4538766990596799,
            -1.1959829082190514,
            -2.06471949126356,
            2.755192501812369e-05
        ],
        [
            -4.063632303036117,
            -1.4647661774286684,
            2.2431900082785057,
            -1.3396615226821131,
            -1.9433628381607593,
            1.7341825218212058e-05
        ]
    ],
    "goal_config": [
        [
            -4.914996337374589,
            -1.1167823630921472,
            1.570146035905985,
            -1.6745845454061488,
            -2.1923289094920992,
            3.331097761084027e-05
        ],
        [
            -3.3892647495406356,
            -1.38796518937455,
            1.8234847345012153,
            -1.509976100955602,
            -1.6426722299610135,
            1.327947007919612e-05
        ]
    ],
    "base_poses": [
        [
            [
                0.27714688596340786,
                0.06833647174503787,
                0.0
            ],
            [
                0.0,
                0.0,
                0.9149354505466416,
                0.40360019986741075
            ]
        ],
        [
            [
                0.28661938923194885,
                -0.5959673127984946,
                0.0
            ],
            [
                -0.0,
                -0.0,
                0.5037056054132636,
                0.8638753747359961
            ]
        ]
    ],
    "difficulty": 0.44836011653040125,
    "dynamic_speed": null
}