{
    "target_eff_poses": [
        [
            [
                -0.0941888839006424,
                0.25018125772476196,
                0.6401881575584412
            ],
            [
                0.31785789132118225,
                0.33450379967689514,
                -0.5249857306480408,
                0.7151668071746826
            ]
        ],
        [
            [
                -0.5740599036216736,
                -0.006164937280118465,
                0.8186436891555786
            ],
            [
                -0.23185837268829346,
                0.0107188168913126,
                0.8260067105293274,
                0.5136532783508301
            ]
        ],
        [
            [
                -0.7161512970924377,
                0.2447357475757599,
                0.4055390954017639
            ],
            [
                -0.4597673714160919,
                0.5252280831336975,
                -0.048562705516815186,
                0.7144165635108948
            ]
        ]
    ],
    "start_goal_config": [
        null,
        null,
        null
    ],
    "start_config": [
        [
            -4.910067977927954,
            -1.8730230907293595,
            1.9105405241921942,
            -1.3433536066319274,
            -2.3557855714022784,
            -2.9074839785818534e-06
        ],
        [
            -1.376569900807526,
            -0.8408518798335742,
            1.2830269407370518,
            -1.836195429926164,
            -0.8091364883813577,
            -2.8129395352376187e-05
        ],
        [
            -2.0394180524585614,
            -1.5355673972514072,
            1.2875452446669742,
            -1.6987035927093637,
            -1.1950122432346708,
            -1.7101023338023535e-05
        ]
    ],
    "goal_config": [
        [
            -2.756650821439696,
            -2.219342127307275,
            1.4825388718086077,
            -1.445552983085581,
            -1.4441356024579548,
            -6.078406666131648e-06
        ],
        [
            -3.7332134299750943,
            -2.1219082945627297,
            1.1021794467339618,
            -1.6533615923374114,
            -2.0809891482151137,
            3.409406190851385e-05
        ],
        [
            -3.7400579649811583,
            -2.7011848987291,
            2.09169944098162,
            -0.9867999391870373,
            -2.357705340168119,
            1.717745627026508e-05
        ]
    ],
    "base_poses": [
        [
            [
                -0.250539280319234,
                0.41040280849851274,
                0.0
            ],
            [
                -0.0,
                -0.0,
                0.6301627744165993,
                0.7764630562619024
            ]
        ],
        [
            [
                -0.443710453262994,
                -0.040391369380767594,
                0.0
            ],
            [
                0.0,
                0.0,
                -0.005421466436108458,
                0.9999853037428511
            ]
        ],
        [
            [
                -0.7329445555993607,
                0.210454672367137,
                0.0
            ],
            [
                0.0,
                0.0,
                -0.8110671687339613,
                0.584953030423705
            ]
        ]
    ],
    "difficulty": 0.680914580365018
}