{
    "target_eff_poses": [
        [
            [
                -0.1778351217508316,
                0.1063707172870636,
                0.6002272963523865
            ],
            [
                -0.2445947378873825,
                0.2669481635093689,
                0.474998414516449,
                0.8020527362823486
            ]
        ],
        [
            [
                -0.7631601095199585,
                -0.474624365568161,
                0.35995322465896606
            ],
            [
                -0.5897307395935059,
                0.032194364815950394,
                0.8031003475189209,
                -0.07881014049053192
            ]
        ],
        [
            [
                0.3779950737953186,
                0.3161822259426117,
                0.7426708340644836
            ],
            [
                -0.2650415599346161,
                -0.08032786846160889,
                0.9571686387062073,
                -0.08443117141723633
            ]
        ]
    ],
    "start_goal_config": [
        null,
        null,
        null
    ],
    "start_config": [
        [
            -2.850343246506151,
            -2.787757223139949,
            1.8110113289823895,
            -1.0966404574910986,
            -1.5742799075127767,
            -2.743148930772971e-07
        ],
        [
            -3.2751660425129208,
            -2.6330984745728787,
            1.8739704236041672,
            -1.1236105878687266,
            -1.9244725989565084,
            1.3832861310109617e-05
        ],
        [
            -5.08173962901246,
            -1.9151268886858104,
            2.2016223882808594,
            -1.1769614628464111,
            -2.7867037072925096,
            2.2019277812582598e-05
        ]
    ],
    "goal_config": [
        [
            -2.967776514314333,
            -2.7347981706802447,
            1.579031835747648,
            -1.2448711947732647,
            -1.7778387813089969,
            1.2071611302514332e-09
        ],
        [
            -2.7885903541727557,
            -1.068737042378829,
            1.0888706650063884,
            -1.8980977581682021,
            -1.4184377273335433,
            -6.861190535569422e-06
        ],
        [
            -3.166845688203459,
            -2.3764331791920403,
            1.2922038108944671,
            -1.4961275708521193,
            -1.7771196445380981,
            1.8242059634412777e-05
        ]
    ],
    "base_poses": [
        [
            [
                -0.07736791331550896,
                0.15365286279374024,
                0.0
            ],
            [
                0.0,
                0.0,
                -0.8518450226943681,
                0.5237939072868559
            ]
        ],
        [
            [
                -0.04364976803704168,
                -0.3144674880506781,
                0.0
            ],
            [
                0.0,
                0.0,
                -0.154245546556497,
                0.9880325457025632
            ]
        ],
        [
            [
                0.3796598372904503,
                0.4057896730473918,
                0.0
            ],
            [
                -0.0,
                -0.0,
                0.20236505060754376,
                0.9793101583730286
            ]
        ]
    ],
    "difficulty": 0.8451989090567102
}