{
    "target_eff_poses": [
        [
            [
                -0.3836658000946045,
                0.7307326793670654,
                0.5842046737670898
            ],
            [
                -0.30936741828918457,
                0.4442220628261566,
                0.4652351438999176,
                0.7003676295280457
            ]
        ],
        [
            [
                0.33694732189178467,
                -0.5699202418327332,
                0.7868869304656982
            ],
            [
                -0.025474630296230316,
                0.07845019549131393,
                0.1139746829867363,
                0.9900537133216858
            ]
        ],
        [
            [
                -0.12551367282867432,
                -0.42809194326400757,
                0.689391553401947
            ],
            [
                -0.3890378475189209,
                0.21383321285247803,
                0.17975078523159027,
                0.8778465390205383
            ]
        ],
        [
            [
                -0.8013430833816528,
                -0.2758041024208069,
                0.1060929149389267
            ],
            [
                0.9040938019752502,
                0.3665720522403717,
                -0.20891369879245758,
                -0.06778338551521301
            ]
        ]
    ],
    "start_goal_config": [
        null,
        null,
        null,
        null
    ],
    "start_config": [
        [
            -3.4594362373656558,
            -2.0702074220848106,
            1.0893734125850751,
            -1.6756947553664137,
            -1.7832301984194554,
            1.580248283707033e-05
        ],
        [
            -3.4409524151210404,
            -1.7823957577034055,
            1.4508639798395107,
            -1.5727185436335607,
            -1.665224368424537,
            1.546314569494422e-05
        ],
        [
            -3.3041927200869843,
            -1.3021372331914691,
            1.5312747702312615,
            -1.6531092564459258,
            -1.593862800064771,
            1.4868918976734584e-06
        ],
        [
            -4.337816456215348,
            -0.9869651142885272,
            1.2634553336435426,
            -1.8349756005293718,
            -1.8648386557098051,
            2.338644780962315e-05
        ]
    ],
    "goal_config": [
        [
            -3.0881343773574796,
            -2.0489767049613823,
            1.5232382925491796,
            -1.4718092420631226,
            -1.5927795742952076,
            8.616715981097481e-06
        ],
        [
            -2.9138167621474254,
            -2.5516355733439533,
            1.1120816291349749,
            -1.5368816021991147,
            -1.7702467876156647,
            1.4415207128277685e-05
        ],
        [
            -4.147498872173279,
            -2.2277436012177967,
            1.456755829225082,
            -1.4506190621204995,
            -2.4370638520806525,
            2.957986563650424e-05
        ],
        [
            -4.383882839668487,
            -1.633611885972513,
            2.425155134991788,
            -1.2344238332401283,
            -2.2697391429942697,
            9.330469581044007e-09
        ]
    ],
    "base_poses": [
        [
            [
                -0.38899826030653895,
                0.4278534604314792,
                0.0
            ],
            [
                0.0,
                0.0,
                -0.8415723595737805,
                0.54014439143753
            ]
        ],
        [
            [
                0.5176593886507876,
                -0.5790196057786461,
                0.0
            ],
            [
                0.0,
                0.0,
                0.9949588326350842,
                -0.10028420295056638
            ]
        ],
        [
            [
                -0.15971220408316866,
                -0.5725374013982532,
                0.0
            ],
            [
                0.0,
                0.0,
                -0.4193536433377238,
                0.9078229573101669
            ]
        ],
        [
            [
                -0.6040548012772367,
                -0.23610919263845787,
                0.0
            ],
            [
                -0.0,
                -0.0,
                0.6106462322103638,
                0.7919035162741017
            ]
        ]
    ],
    "difficulty": 0.8367921870598178,
    "dynamic_speed": null,
    "ur5_count": 4,
    "id": "001488",
    "task_path": "/home/hqh2101/workspace-sharing-multiarm/src/data/8f14d7-hard-vlo-tasks/001488.json"
}