{
    "target_eff_poses": [
        [
            [
                -0.6573625802993774,
                -0.48861435055732727,
                0.6940369606018066
            ],
            [
                -0.030660642310976982,
                -0.09976894408464432,
                0.18723678588867188,
                0.9767540693283081
            ]
        ]
    ],
    "start_goal_config": [
        null
    ],
    "start_config": [
        [
            -3.980912322322838,
            -2.829408811991961,
            2.4509318970244856,
            -0.6418152638811868,
            -2.78238791887235,
            6.2865963557013675e-06
        ]
    ],
    "goal_config": [
        [
            -3.3036791023898777,
            -2.872460865340401,
            1.0078524673482496,
            -1.4861284020589771,
            -1.0831197663096976,
            3.0515136737510243e-05
        ]
    ],
    "base_poses": [
        [
            [
                -0.24778792523253534,
                -0.7044673252676749,
                0.0
            ],
            [
                0.0,
                0.0,
                0.9996462689268584,
                -0.026595808327839737
            ]
        ]
    ],
    "difficulty": 0.0,
    "dynamic_speed": null
}