{
    "target_eff_poses": [
        [
            [
                0.0549531951546669,
                0.10306091606616974,
                0.710409939289093
            ],
            [
                0.020631929859519005,
                0.2565859854221344,
                -0.39854857325553894,
                0.8802823424339294
            ]
        ],
        [
            [
                -0.9341233372688293,
                0.4943116009235382,
                0.6291002631187439
            ],
            [
                -0.48558780550956726,
                0.06024812534451485,
                0.8278576135635376,
                0.27427443861961365
            ]
        ]
    ],
    "start_goal_config": [
        null,
        null
    ],
    "start_config": [
        [
            -2.5710605852765487,
            -1.344074605082314,
            1.635921045692429,
            -1.5998933805144313,
            -1.404543397111253,
            -7.883974458242166e-06
        ],
        [
            -4.274345962431368,
            -1.820988503332146,
            1.3117242926920922,
            -1.622955952920926,
            -1.9672484355851312,
            3.0250069432606122e-05
        ]
    ],
    "goal_config": [
        [
            -3.0271352353696903,
            -2.560233180644603,
            1.3529690535527095,
            -1.4136280360755502,
            -1.9157409597527382,
            2.6162709407670846e-05
        ],
        [
            -3.5404160752296843,
            -2.0927953334770826,
            1.462990259029212,
            -1.489183207740564,
            -1.7672914974533687,
            1.9797661816466654e-05
        ]
    ],
    "base_poses": [
        [
            [
                0.07807328459700091,
                0.0157671344119521,
                0.0
            ],
            [
                0.0,
                0.0,
                0.9523664532821896,
                0.30495596184154694
            ]
        ],
        [
            [
                -0.6702731154922876,
                0.4617514801223106,
                0.0
            ],
            [
                0.0,
                0.0,
                -0.022258605525534526,
                0.9997522465491432
            ]
        ]
    ],
    "difficulty": 0.3020676691729323,
    "dynamic_speed": null
}