{
    "target_eff_poses": [
        [
            [
                -0.6392314434051514,
                -0.435919851064682,
                0.35538801550865173
            ],
            [
                -0.5078240633010864,
                0.5892737507820129,
                0.42422208189964294,
                0.4635804295539856
            ]
        ],
        [
            [
                0.07016262412071228,
                0.6807823181152344,
                0.6416013836860657
            ],
            [
                -0.2855987846851349,
                0.34384647011756897,
                0.7438892722129822,
                0.4968216121196747
            ]
        ],
        [
            [
                0.7455997467041016,
                0.7745097875595093,
                0.173505961894989
            ],
            [
                -0.2088271975517273,
                0.8373029232025146,
                0.4289434552192688,
                0.2670629918575287
            ]
        ]
    ],
    "start_goal_config": [
        null,
        null,
        null
    ],
    "start_config": [
        [
            -2.4388751358429808,
            -1.8769628353099503,
            1.8250015690976402,
            -1.3797784619674118,
            -1.3916654034967546,
            -4.279681683875328e-06
        ],
        [
            -2.976832894303303,
            -2.6823434865489504,
            2.1147389370937444,
            -0.9165340936309659,
            -1.767139238023503,
            7.70150869866008e-06
        ],
        [
            -4.060485588971281,
            -0.7482091037846014,
            1.0613577674912058,
            -1.9738218646428631,
            -1.7484989796406556,
            1.2878279725502472e-05
        ]
    ],
    "goal_config": [
        [
            -2.762114342155039,
            -2.186526461990177,
            2.0168987207340776,
            -1.1893293985233602,
            -1.540994389435649,
            1.0451429169797444e-06
        ],
        [
            -2.3232917287209087,
            -1.577637638501237,
            1.1285921936492493,
            -1.7657553671643973,
            -1.2819511903483995,
            -1.0595932072801671e-05
        ],
        [
            -1.4222149970709328,
            -1.2635901852074842,
            1.7780328981308213,
            -1.5738556273099336,
            -0.8013037804643578,
            -2.2861766344786264e-05
        ]
    ],
    "base_poses": [
        [
            [
                -0.5513780580953084,
                -0.6541987728609234,
                0.0
            ],
            [
                0.0,
                0.0,
                -0.8595257123009266,
                0.5110925061997925
            ]
        ],
        [
            [
                0.2676920592246512,
                0.19775284917019464,
                0.0
            ],
            [
                0.0,
                0.0,
                0.9096377558219996,
                -0.41540239910611526
            ]
        ],
        [
            [
                0.7797222103650236,
                0.2308492667905313,
                0.0
            ],
            [
                0.0,
                0.0,
                0.9735456597567533,
                0.22849255648442443
            ]
        ]
    ],
    "difficulty": 0.6881406940656447,
    "dynamic_speed": null
}