{
    "target_eff_poses": [
        [
            [
                0.8536142110824585,
                -0.5478730797767639,
                0.3531043827533722
            ],
            [
                0.13328514993190765,
                0.761121928691864,
                -0.3737551271915436,
                0.5130648612976074
            ]
        ],
        [
            [
                -0.14797750115394592,
                -0.6302359700202942,
                0.563624918460846
            ],
            [
                0.1791866570711136,
                0.39552992582321167,
                -0.057496070861816406,
                0.898967444896698
            ]
        ],
        [
            [
                0.5279818773269653,
                0.5058426856994629,
                0.7251428961753845
            ],
            [
                -0.32026562094688416,
                0.17435383796691895,
                0.6861258745193481,
                0.6294934749603271
            ]
        ],
        [
            [
                -0.3671426773071289,
                0.4458584487438202,
                0.6760843992233276
            ],
            [
                -0.4193120300769806,
                -0.02427661418914795,
                0.9074996709823608,
                0.005692517850548029
            ]
        ]
    ],
    "start_goal_config": [
        null,
        null,
        null,
        null
    ],
    "start_config": [
        [
            -2.730267296940226,
            -2.2623976960324996,
            2.053071720026537,
            -1.1425217447712745,
            -1.5377497459383431,
            -4.5440188371610065e-08
        ],
        [
            -3.0837564611647785,
            -2.4848613942877256,
            1.9007193011833776,
            -1.1556101483615462,
            -1.7147369348972448,
            9.757125163306809e-06
        ],
        [
            -4.206396566730543,
            -1.968998768333375,
            1.0982623239848448,
            -1.6864356522738202,
            -2.156286349868126,
            4.06377040015044e-05
        ],
        [
            -1.963285049876984,
            -1.536341326057965,
            1.3542484541387128,
            -1.6681860053161963,
            -1.1692659597360795,
            -2.1552795686399252e-05
        ]
    ],
    "goal_config": [
        [
            -4.486564357737507,
            -1.7396450491607671,
            1.796149742852383,
            -1.4319230609301694,
            -2.027022359053065,
            -1.3806693990503051e-05
        ],
        [
            -2.7543283798480376,
            -2.728675917569996,
            1.6794752488881792,
            -1.1940277898698388,
            -1.2092829139903671,
            -1.91888170057202e-05
        ],
        [
            -3.5600128201658583,
            -2.1186415186192282,
            1.2889429510814243,
            -1.5653748161634216,
            -1.8146606661817848,
            2.1435067069362492e-05
        ],
        [
            -3.4130671573661657,
            -1.6997570848119026,
            1.1555004949104937,
            -1.7304121074203729,
            -1.6349105829650479,
            1.1369635251174418e-05
        ]
    ],
    "base_poses": [
        [
            [
                0.5451300780221899,
                -0.30305042911196145,
                0.0
            ],
            [
                0.0,
                0.0,
                0.9635012934850665,
                -0.26770367470881634
            ]
        ],
        [
            [
                -0.18200351381697755,
                -0.7878677880034612,
                0.0
            ],
            [
                0.0,
                0.0,
                0.9054896927441849,
                0.4243682555682524
            ]
        ],
        [
            [
                0.6664466722862252,
                0.34151145108050396,
                0.0
            ],
            [
                0.0,
                0.0,
                -0.39973921249689265,
                0.9166289118243893
            ]
        ],
        [
            [
                0.06411249874887837,
                0.5690747756249361,
                0.0
            ],
            [
                -0.0,
                -0.0,
                0.16082274415171882,
                0.986983305311448
            ]
        ]
    ],
    "difficulty": 0.7195523370638578,
    "dynamic_speed": null
}