{
    "target_eff_poses": [
        [
            [
                0.395433634519577,
                -0.6935380101203918,
                0.585087776184082
            ],
            [
                0.11290833353996277,
                0.4988505244255066,
                0.002405397826805711,
                0.859298586845398
            ]
        ],
        [
            [
                -0.17234282195568085,
                0.9569616317749023,
                0.16760917007923126
            ],
            [
                0.5211972594261169,
                0.8075671792030334,
                0.14640074968338013,
                0.23399898409843445
            ]
        ],
        [
            [
                0.21164432168006897,
                -0.1547665148973465,
                0.12245200574398041
            ],
            [
                0.2915393114089966,
                0.8209859728813171,
                0.09399154037237167,
                0.48182204365730286
            ]
        ],
        [
            [
                0.29855167865753174,
                0.7149731516838074,
                0.43448346853256226
            ],
            [
                -0.17782150208950043,
                0.5819527506828308,
                0.08278318494558334,
                0.7892131805419922
            ]
        ]
    ],
    "start_goal_config": [
        null,
        null,
        null,
        null
    ],
    "start_config": [
        [
            -2.9080389150042882,
            -0.9036999658706282,
            1.2107155044092885,
            -1.8798459090044386,
            -1.4500668754110932,
            -3.323719081569961e-06
        ],
        [
            -3.136015776714087,
            -2.7620450393667646,
            2.146274285622406,
            -0.8460008790398595,
            -1.9328924451785352,
            -1.0268240987022144e-14
        ],
        [
            -2.1963569916288566,
            -1.531676321312773,
            1.3270080797525545,
            -1.6848518025260464,
            -1.2639556852400333,
            8.881937517432287e-06
        ],
        [
            -3.223535249617376,
            -1.5165024062012458,
            1.1386783848681694,
            -1.7799996277053804,
            -1.5614212160755607,
            4.363824616313252e-06
        ]
    ],
    "goal_config": [
        [
            -2.4612977587006526,
            -1.5994716664958164,
            1.2417144196269931,
            -1.7100467304350937,
            -1.3454070491215704,
            -7.12905127853427e-06
        ],
        [
            -1.6470712008222945,
            -1.8854909628842118,
            2.4691387393958664,
            -1.14295585625282,
            -0.43860281763143616,
            3.081481781243691e-07
        ],
        [
            -1.7133059015888426,
            -1.1831741999830299,
            1.7645721955708604,
            -1.6076385918578382,
            -1.0369352594284191,
            -2.564312890804748e-05
        ],
        [
            -3.96128982108141,
            -1.3437969934742306,
            1.2674582015110236,
            -1.7568760399247738,
            -1.762839291689637,
            1.5571492908452617e-05
        ]
    ],
    "base_poses": [
        [
            [
                -0.12154132976248222,
                -0.7196535396157299,
                0.0
            ],
            [
                0.0,
                0.0,
                0.9004275198394929,
                0.43500607066534097
            ]
        ],
        [
            [
                -0.37470692704982816,
                0.7329405304325531,
                0.0
            ],
            [
                -0.0,
                -0.0,
                0.7287559633875142,
                0.6847734996530868
            ]
        ],
        [
            [
                -0.320104785856222,
                -0.2524231526863938,
                0.0
            ],
            [
                -0.0,
                -0.0,
                0.7049542967282711,
                0.7092527331807391
            ]
        ],
        [
            [
                -0.23128237789092143,
                0.39868272535361693,
                0.0
            ],
            [
                0.0,
                0.0,
                -0.8194262919278901,
                0.5731845707076457
            ]
        ]
    ],
    "difficulty": 0.9095009867493656,
    "dynamic_speed": null,
    "ur5_count": 4,
    "id": "001535",
    "task_path": "/home/hqh2101/workspace-sharing-multiarm/src/data/8f14d7-hard-vlo-tasks/001535.json"
}