{
    "target_eff_poses": [
        [
            [
                0.12644262611865997,
                -0.04764372855424881,
                0.5442160964012146
            ],
            [
                -0.4368744194507599,
                -0.402951180934906,
                0.7431558966636658,
                -0.3073928952217102
            ]
        ],
        [
            [
                0.9378629326820374,
                0.7559694647789001,
                0.6473169326782227
            ],
            [
                -0.3433540165424347,
                0.38970839977264404,
                -0.09394930303096771,
                0.8493579626083374
            ]
        ],
        [
            [
                -0.318844199180603,
                0.5963152050971985,
                0.15469714999198914
            ],
            [
                0.8510406017303467,
                -0.34411683678627014,
                -0.3959871828556061,
                -0.022530201822519302
            ]
        ],
        [
            [
                0.40807127952575684,
                -0.7104601263999939,
                0.7552049160003662
            ],
            [
                -0.0019613131880760193,
                0.35253340005874634,
                -0.5105587244033813,
                0.7842487692832947
            ]
        ]
    ],
    "start_goal_config": [
        null,
        null,
        null,
        null
    ],
    "start_config": [
        [
            -4.70935334352489,
            -1.364940593387066,
            1.4200926067085677,
            -1.674738973635213,
            -2.0619300904932985,
            3.607034882449444e-05
        ],
        [
            -2.9771098694866867,
            -2.637446415041124,
            1.7774998197937317,
            -1.1727371512444091,
            -1.6816449147358647,
            8.82226290739791e-06
        ],
        [
            -3.777023728297747,
            -2.0995824137329553,
            1.4993413963437967,
            -1.4704783909636032,
            -1.8626438067207236,
            -2.951502957618651e-06
        ],
        [
            -5.158186929149786,
            -1.6463762477074289,
            1.365537897602951,
            -1.553583268497953,
            -2.665990488148088,
            -6.228828221297093e-05
        ]
    ],
    "goal_config": [
        [
            -4.082215764573349,
            -1.9776596275010019,
            1.5753446961109758,
            -1.4664114101452015,
            -1.923620837783625,
            1.9730434400584088e-17
        ],
        [
            -4.7960170583134705,
            -1.9110054859377565,
            1.4006480970012254,
            -1.5389264480626137,
            -2.4032265308535723,
            5.079581658107094e-05
        ],
        [
            -2.1384941510136803,
            -1.5648306599183273,
            2.1146021099029033,
            -1.365451869146216,
            -1.2433820722944757,
            -4.771038279716706e-09
        ],
        [
            -4.271018630392899,
            -1.9909128054143614,
            1.2013900619926443,
            -1.6314834110646719,
            -2.153483357489313,
            3.645995114410891e-05
        ]
    ],
    "base_poses": [
        [
            [
                0.20218739719660617,
                0.2688560649230156,
                0.0
            ],
            [
                -0.0,
                -0.0,
                0.8618601418133086,
                0.5071460302058403
            ]
        ],
        [
            [
                0.6795441790776251,
                0.5587170339528817,
                0.0
            ],
            [
                0.0,
                0.0,
                -0.42369713253308783,
                0.9058039191145283
            ]
        ],
        [
            [
                0.036370528038677796,
                0.5955511820027051,
                0.0
            ],
            [
                0.0,
                0.0,
                -0.6609555602991498,
                0.7504250444312456
            ]
        ],
        [
            [
                0.18006624922283865,
                -0.6085605257649453,
                0.0
            ],
            [
                0.0,
                0.0,
                0.9613387892840147,
                -0.2753683573287693
            ]
        ]
    ],
    "difficulty": 0.9605943759992476,
    "dynamic_speed": null,
    "ur5_count": 4,
    "id": "001571",
    "task_path": "/home/hqh2101/workspace-sharing-multiarm/src/data/8f14d7-hard-vlo-tasks/001571.json"
}