{
    "target_eff_poses": [
        [
            [
                0.029983051121234894,
                0.06249084323644638,
                0.6896365284919739
            ],
            [
                -0.29552334547042847,
                0.24531351029872894,
                0.9217493534088135,
                0.05352887138724327
            ]
        ],
        [
            [
                -0.6857272982597351,
                0.09547404944896698,
                0.21704313158988953
            ],
            [
                0.8786787986755371,
                -0.03920649737119675,
                -0.4171368181705475,
                -0.2288740575313568
            ]
        ]
    ],
    "start_goal_config": [
        null,
        null
    ],
    "start_config": [
        [
            -1.3254134466003598,
            -1.730649748455399,
            1.873749307416488,
            -1.3691011154871258,
            -0.5163506361584007,
            -2.3287542897387435e-05
        ],
        [
            -1.4914832126417255,
            -1.9547556308676284,
            2.4646994827302766,
            -1.073584052196807,
            -0.18325361112929894,
            -3.784145090806233e-06
        ]
    ],
    "goal_config": [
        [
            -2.514953810695539,
            -2.385647560950858,
            1.4470045800532887,
            -1.41452396535498,
            -0.9359571044345057,
            -2.6691601745206634e-05
        ],
        [
            -4.441073011911184,
            -1.6309112585649914,
            2.0148352024400196,
            -1.3756636420187454,
            -2.0280231501718506,
            1.908419893414843e-05
        ]
    ],
    "base_poses": [
        [
            [
                0.20344431812233976,
                0.15536288060332626,
                0.0
            ],
            [
                0.0,
                0.0,
                -0.6355737702955764,
                0.7720401430704662
            ]
        ],
        [
            [
                -0.35675948156951026,
                -0.04401072228883307,
                0.0
            ],
            [
                -0.0,
                -0.0,
                0.36770609695958306,
                0.9299420553232065
            ]
        ]
    ],
    "difficulty": 0.5012696322768739,
    "dynamic_speed": null
}