{
    "target_eff_poses": [
        [
            [
                -0.3140135407447815,
                0.4376554489135742,
                0.542488694190979
            ],
            [
                0.3423394560813904,
                0.37704887986183167,
                -0.688488781452179,
                0.5163536071777344
            ]
        ],
        [
            [
                0.3424968123435974,
                -0.5282294750213623,
                0.5473211407661438
            ],
            [
                -0.5859823822975159,
                0.08445808291435242,
                0.6967841386795044,
                0.4049486219882965
            ]
        ]
    ],
    "start_goal_config": [
        null,
        null
    ],
    "start_config": [
        [
            -4.815357695515017,
            -2.1988168264359995,
            2.147240735105988,
            -1.1305050887050345,
            -2.840189219014079,
            2.0279878366411605e-05
        ],
        [
            -3.1477197584140066,
            -2.65365422978313,
            1.6301042115136009,
            -1.248447395909927,
            -1.973033495290439,
            2.228801845448191e-05
        ]
    ],
    "goal_config": [
        [
            -3.0923967742944396,
            -2.589593329301484,
            1.7313573003087839,
            -1.2146663607160844,
            -1.7609229655908551,
            1.2289979512173234e-05
        ],
        [
            -4.0874703272764705,
            -2.045343850871054,
            1.6058976681567272,
            -1.4349651075202354,
            -1.954116921050315,
            2.875839693509835e-05
        ]
    ],
    "base_poses": [
        [
            [
                -0.39457926229745977,
                0.4843669848071259,
                0.0
            ],
            [
                -0.0,
                -0.0,
                0.6548302837417177,
                0.7557759585318532
            ]
        ],
        [
            [
                0.6052150652418673,
                -0.658989448271451,
                0.0
            ],
            [
                -0.0,
                -0.0,
                0.13771248956319312,
                0.9904722460615983
            ]
        ]
    ],
    "difficulty": 0.01730461769961441,
    "dynamic_speed": null
}