{
    "target_eff_poses": [
        [
            [
                0.5628653764724731,
                0.12189770489931107,
                0.25029054284095764
            ],
            [
                -0.06639318913221359,
                0.8756116628646851,
                -0.32434311509132385,
                0.35170698165893555
            ]
        ],
        [
            [
                0.41610434651374817,
                -0.30464470386505127,
                0.6143097281455994
            ],
            [
                -0.06470402330160141,
                0.392309308052063,
                -0.1597709059715271,
                0.9035375118255615
            ]
        ],
        [
            [
                -0.8754444122314453,
                0.3821660876274109,
                0.4294097125530243
            ],
            [
                -0.6599541306495667,
                -0.16204321384429932,
                0.7089843153953552,
                -0.18853065371513367
            ]
        ],
        [
            [
                0.5987790822982788,
                -0.16401052474975586,
                0.6058340668678284
            ],
            [
                -0.2607518136501312,
                0.3856395483016968,
                0.6536064147949219,
                0.5967320799827576
            ]
        ]
    ],
    "start_goal_config": [
        null,
        null,
        null,
        null
    ],
    "start_config": [
        [
            -3.4995942164626483,
            -1.3304607894373957,
            1.9257780869306724,
            -1.4859014094206888,
            -1.6792979410167312,
            1.397707949030658e-05
        ],
        [
            -4.395564419363122,
            -1.5951895259618967,
            1.4163162671396385,
            -1.6285617208908256,
            -1.9489238501211201,
            -9.655333371045011e-06
        ],
        [
            -2.9807709570171848,
            -2.2974498340310436,
            2.1959398896370717,
            -1.0294479029273227,
            -1.6791769074494511,
            5.477639012516892e-06
        ],
        [
            -4.867301499428604,
            -1.0252963739660461,
            1.2993246930594327,
            -1.7954828350226677,
            -2.1284634500042245,
            3.40294082894893e-05
        ]
    ],
    "goal_config": [
        [
            -4.982994153304425,
            -1.6856935716551589,
            2.0377911319441173,
            -1.349809895279321,
            -2.39140780837876,
            2.928947374269215e-05
        ],
        [
            -3.1230961522893477,
            -2.6205231167722034,
            1.580248099141994,
            -1.283498725857269,
            -1.9092721642732164,
            -3.1132314456273682e-06
        ],
        [
            -3.0452735227547003,
            -1.6722491198050538,
            1.5706069792009953,
            -1.5456324637258039,
            -1.5516691151878514,
            6.6900013193799634e-06
        ],
        [
            -2.6676289590249413,
            -2.441536257007999,
            1.5965760288889443,
            -1.3281818277688202,
            -1.3344734896382682,
            -1.6906530716745836e-05
        ]
    ],
    "base_poses": [
        [
            [
                0.27891710079515875,
                0.32859598903213416,
                0.0
            ],
            [
                0.0,
                0.0,
                -0.8331149614408554,
                0.5530998653257853
            ]
        ],
        [
            [
                0.43255143358269477,
                -0.3708228367371389,
                0.0
            ],
            [
                0.0,
                0.0,
                0.9998870524710306,
                0.015029381251219259
            ]
        ],
        [
            [
                -0.5329640615592064,
                0.6968240799025291,
                0.0
            ],
            [
                -0.0,
                -0.0,
                0.20080707733786798,
                0.9796308068303199
            ]
        ],
        [
            [
                0.724587331091574,
                -0.2682594569000326,
                0.0
            ],
            [
                0.0,
                0.0,
                0.8889694188934462,
                -0.45796656239538774
            ]
        ]
    ],
    "difficulty": 0.5249338489721148
}