{
    "target_eff_poses": [
        [
            [
                0.33943700790405273,
                -0.2533038556575775,
                0.46808910369873047
            ],
            [
                -0.4355285167694092,
                0.3972046673297882,
                0.3843306303024292,
                0.7105162143707275
            ]
        ],
        [
            [
                -0.2507384717464447,
                0.22851821780204773,
                0.5513250231742859
            ],
            [
                -0.040880169719457626,
                -0.6214523315429688,
                0.6947154402732849,
                -0.35985586047172546
            ]
        ],
        [
            [
                -1.3531056642532349,
                -0.5151058435440063,
                0.39007076621055603
            ],
            [
                -0.5700885057449341,
                -0.3612390458583832,
                0.718789279460907,
                0.166875422000885
            ]
        ]
    ],
    "start_goal_config": [
        null,
        null,
        null
    ],
    "start_config": [
        [
            -3.2872184928886945,
            -2.633829095273553,
            1.7805099562877948,
            -1.1772438223272532,
            -1.9749669730855302,
            2.269838407261278e-05
        ],
        [
            -2.4732784467600855,
            -2.1961805461300394,
            1.8886286533281016,
            -1.257376499740197,
            -1.3951344975314346,
            -8.779771174029218e-06
        ],
        [
            -2.7943834435799046,
            -2.1214243723882187,
            1.4308250166441367,
            -1.4960488111487646,
            -1.4652982957457088,
            -2.764546329286334e-06
        ]
    ],
    "goal_config": [
        [
            -3.2026956531371713,
            -2.6806032041515877,
            1.8932748312238243,
            -1.093490080771874,
            -1.9063461405350062,
            1.9434776443531313e-05
        ],
        [
            -5.176130016373508,
            -1.5528455320116754,
            1.34345765775259,
            -1.587627983923768,
            -2.5979630830590663,
            -5.290916015856364e-05
        ],
        [
            -5.110950428681069,
            -1.2471781612737691,
            1.2971212334160895,
            -1.7098462761459574,
            -2.3637172830607565,
            3.0109132081916425e-05
        ]
    ],
    "base_poses": [
        [
            [
                0.3980877840065771,
                -0.2923779370390559,
                0.0
            ],
            [
                0.0,
                0.0,
                -0.7685808607529466,
                0.6397526557070785
            ]
        ],
        [
            [
                -0.44858091124564226,
                0.6862260250924359,
                0.0
            ],
            [
                0.0,
                0.0,
                0.9056097155899705,
                -0.42411206423426895
            ]
        ],
        [
            [
                -0.7646008405429252,
                -0.29159224695458197,
                0.0
            ],
            [
                0.0,
                0.0,
                0.9139967850513993,
                0.40572142772560865
            ]
        ]
    ],
    "difficulty": 0.16039079991858335
}