{
    "target_eff_poses": [
        [
            [
                0.34727734327316284,
                0.1216631531715393,
                0.2066926807165146
            ],
            [
                -0.09210173785686493,
                0.8939024806022644,
                0.2093174010515213,
                0.3855409622192383
            ]
        ],
        [
            [
                -0.23842334747314453,
                -0.6441904306411743,
                0.5959940552711487
            ],
            [
                0.0006376012461259961,
                0.17165008187294006,
                0.39371100068092346,
                0.9030656218528748
            ]
        ],
        [
            [
                -0.6675083637237549,
                0.08365680277347565,
                0.3507426977157593
            ],
            [
                -0.2971598207950592,
                0.7466045618057251,
                0.5382868051528931,
                0.2540178894996643
            ]
        ],
        [
            [
                -0.6700831055641174,
                -0.6271156668663025,
                0.6355907917022705
            ],
            [
                -0.18404974043369293,
                0.09982315450906754,
                0.6873534321784973,
                0.6954899430274963
            ]
        ]
    ],
    "start_goal_config": [
        null,
        null,
        null,
        null
    ],
    "start_config": [
        [
            -3.196965980754915,
            -2.302103400889277,
            1.44843347705671,
            -1.4403654040812173,
            -1.6983052797729248,
            1.5907625351961487e-05
        ],
        [
            -3.9821096949719093,
            -2.1330114021908018,
            1.8979356819779059,
            -1.2742633334927373,
            -1.9511832089957446,
            2.10868016941419e-17
        ],
        [
            -4.17755408219915,
            -1.4237621946202268,
            2.0698348875106847,
            -1.4143258949532853,
            -1.920912382151803,
            -3.246223494763292e-08
        ],
        [
            -1.9855497919418625,
            -1.1065395556244586,
            1.1659444782384198,
            -1.8466793917497843,
            -1.1755577433601119,
            -2.0286354789955558e-05
        ]
    ],
    "goal_config": [
        [
            -2.016911589609087,
            -1.7562302960682508,
            2.1413153337499904,
            -1.293376912805399,
            -1.1760868265458686,
            -1.3158158499446764e-05
        ],
        [
            -3.1313523480475536,
            -2.98624980011852,
            1.4204223326291883,
            -1.2307424837036824,
            -1.155889178761441,
            -2.6198133834687987e-05
        ],
        [
            -1.82590336785668,
            -2.28297096892436,
            2.1336172683364656,
            -1.1257059559308187,
            -0.8197104944727909,
            -4.1664726755031e-17
        ],
        [
            -2.828513080691048,
            -2.8492846716990754,
            1.4158774620288332,
            -1.2863087936773476,
            -1.865110532637654,
            -4.648152398632389e-07
        ]
    ],
    "base_poses": [
        [
            [
                0.2011193646838496,
                -0.17116369524004216,
                0.0
            ],
            [
                0.0,
                0.0,
                0.9657916146235943,
                0.2593194113882544
            ]
        ],
        [
            [
                0.07712532104485403,
                -0.6839895351970947,
                0.0
            ],
            [
                0.0,
                0.0,
                0.980353427143946,
                -0.19724897436265612
            ]
        ],
        [
            [
                -0.4807640894161841,
                -0.10129420810808865,
                0.0
            ],
            [
                0.0,
                0.0,
                0.9953482352307326,
                -0.096342569111823
            ]
        ],
        [
            [
                -0.6575135806359373,
                -0.4141761316200631,
                0.0
            ],
            [
                0.0,
                0.0,
                -0.7178190382838896,
                0.6962297237817354
            ]
        ]
    ],
    "difficulty": 0.8470798457631901,
    "dynamic_speed": null,
    "ur5_count": 4,
    "id": "001621",
    "task_path": "/home/huy/programming/projects/workspace-sharing-multiarm/src/data/8f14d7-hard-vlo-tasks/001621.json"
}