{
    "target_eff_poses": [
        [
            [
                -0.7640122771263123,
                -0.7943288683891296,
                0.5294344425201416
            ],
            [
                0.02047954685986042,
                -0.05199165269732475,
                0.6620314717292786,
                0.7473899722099304
            ]
        ]
    ],
    "start_goal_config": [
        null
    ],
    "start_config": [
        [
            -4.2113881603717545,
            -2.005183669732235,
            1.1424786387720967,
            -1.6557086471768843,
            -2.19757161050765,
            3.7347459364200866e-05
        ]
    ],
    "goal_config": [
        [
            -3.124660087508631,
            -3.19223803361449,
            1.1767640432808297,
            -1.2379460849214603,
            -1.2209207795119128,
            2.4598025052354506e-05
        ]
    ],
    "base_poses": [
        [
            [
                -0.40819270815720154,
                -0.4341638112317858,
                0.0
            ],
            [
                0.0,
                0.0,
                -0.8569341028676433,
                0.5154259824091403
            ]
        ]
    ],
    "difficulty": 0.0
}