{
    "target_eff_poses": [
        [
            [
                -0.19364097714424133,
                0.41881880164146423,
                0.30431705713272095
            ],
            [
                0.6784566640853882,
                -0.4766499400138855,
                -0.4555668234825134,
                -0.32397568225860596
            ]
        ],
        [
            [
                -0.8300297260284424,
                0.5709093809127808,
                0.48859044909477234
            ],
            [
                -0.5377724766731262,
                0.12738458812236786,
                0.5984253287315369,
                0.5800526142120361
            ]
        ]
    ],
    "start_goal_config": [
        null,
        null
    ],
    "start_config": [
        [
            -3.3738876539798315,
            -1.5486252063652761,
            1.12973726801947,
            -1.7769818903140717,
            -1.6059089936914313,
            7.426267416688407e-06
        ],
        [
            -5.2551670845940315,
            -1.0036035379700616,
            1.4554541217486205,
            -1.6769862617328286,
            -2.5749743375956653,
            2.5016361247868908e-05
        ]
    ],
    "goal_config": [
        [
            -2.832304081461365,
            -2.141144112170922,
            2.106886813652631,
            -1.152144377111286,
            -1.576528668160945,
            3.190272471565586e-06
        ],
        [
            -4.811779008762748,
            -1.2662935978904273,
            1.112635924447541,
            -1.8168269279116904,
            -2.1080300394599987,
            3.350599391735311e-05
        ]
    ],
    "base_poses": [
        [
            [
                -0.024198856791747603,
                0.26499510059735787,
                0.0
            ],
            [
                0.0,
                0.0,
                -0.6960956475908661,
                0.7179490576670832
            ]
        ],
        [
            [
                -0.4465231146025097,
                0.04968916582660621,
                0.0
            ],
            [
                -0.0,
                -0.0,
                0.32773976481450384,
                0.9447680384937531
            ]
        ]
    ],
    "difficulty": 0.5981958278519075,
    "dynamic_speed": null
}