{
    "target_eff_poses": [
        [
            [
                0.9212436079978943,
                0.025236930698156357,
                0.29526087641716003
            ],
            [
                -0.48770251870155334,
                0.6887952089309692,
                -0.1376919001340866,
                0.5184095501899719
            ]
        ],
        [
            [
                -0.8870511651039124,
                -0.19694961607456207,
                0.6918917298316956
            ],
            [
                -0.3965740501880646,
                -0.011812341399490833,
                0.9179242253303528,
                -0.0021416470408439636
            ]
        ]
    ],
    "start_goal_config": [
        null,
        null
    ],
    "start_config": [
        [
            -2.1906552084527156,
            -2.0670003764248035,
            1.284200655943555,
            -1.5693273515338684,
            -0.9496295063798879,
            -2.7457221905635094e-05
        ],
        [
            -3.5500626432559517,
            -1.8062182820561057,
            2.312312211327856,
            -1.1661480662775137,
            -1.8272172991852556,
            2.0591016122113074e-05
        ]
    ],
    "goal_config": [
        [
            -5.085258316723893,
            -1.6504525031736923,
            1.9134655407164243,
            -1.395288618446341,
            -2.446509357095357,
            2.2147312472410353e-05
        ],
        [
            -3.0809355434226116,
            -2.1895891963929035,
            1.3712861648431671,
            -1.507341393008908,
            -1.5982454094162402,
            5.367747159596773e-06
        ]
    ],
    "base_poses": [
        [
            [
                0.5540632353599357,
                -0.12144618475547198,
                0.0
            ],
            [
                0.0,
                0.0,
                -0.4084052702145592,
                0.9128007094985043
            ]
        ],
        [
            [
                -0.7109885976973884,
                -0.08565641000222546,
                0.0
            ],
            [
                0.0,
                0.0,
                -0.014269253759046936,
                0.9998981890158417
            ]
        ]
    ],
    "difficulty": 0.09208795339221951,
    "dynamic_speed": null
}