{
    "target_eff_poses": [
        [
            [
                0.02511715516448021,
                -0.7605578899383545,
                0.5515912771224976
            ],
            [
                -0.20023947954177856,
                -0.5748246908187866,
                0.6995522379875183,
                -0.3743092715740204
            ]
        ],
        [
            [
                0.4336851239204407,
                0.6900770664215088,
                0.4172080457210541
            ],
            [
                0.6300510168075562,
                -0.3371949791908264,
                -0.5064737200737,
                -0.4825139045715332
            ]
        ],
        [
            [
                -0.5222665667533875,
                0.901889979839325,
                0.26036369800567627
            ],
            [
                -0.5419571995735168,
                0.6417567729949951,
                0.3007453680038452,
                0.4516445994377136
            ]
        ],
        [
            [
                -0.5756377577781677,
                -0.33710604906082153,
                0.6290248036384583
            ],
            [
                -0.3530229330062866,
                -0.08873454481363297,
                0.9266703724861145,
                -0.09371745586395264
            ]
        ]
    ],
    "start_goal_config": [
        null,
        null,
        null,
        null
    ],
    "start_config": [
        [
            -2.473663372086982,
            -2.683576085193057,
            2.289883394817817,
            -0.6909274791166286,
            -1.4277990338799411,
            -1.809563293422624e-13
        ],
        [
            -3.203839052908784,
            -2.342616852069988,
            1.1623619672590153,
            -1.5692621333089027,
            -1.9620282000433698,
            2.4345986180787147e-05
        ],
        [
            -3.435809153334777,
            -1.472172488741121,
            1.9991249333067413,
            -1.4159247362463216,
            -1.679591534531365,
            1.5357046149534588e-05
        ],
        [
            -2.6443965531361457,
            -3.0888013815273023,
            1.4426923747370979,
            -1.1742849715968853,
            -2.1104304239488108,
            -2.997325812229771e-05
        ]
    ],
    "goal_config": [
        [
            -4.894893620496536,
            -1.775157300622966,
            1.479925330820099,
            -1.5374899033409215,
            -2.315087223615822,
            3.06928287829027e-05
        ],
        [
            -3.5401650331551506,
            -2.2714073949989113,
            1.9323888783785974,
            -1.2104395942478463,
            -1.8405728515630178,
            2.245484697153471e-05
        ],
        [
            -3.4264421552384694,
            -1.6743815548441165,
            1.9186523446455033,
            -1.3913617320300953,
            -1.6846131403776665,
            1.2451936632233353e-05
        ],
        [
            -3.0043835069726366,
            -2.6271046954715667,
            1.5337973684133277,
            -1.303158491688077,
            -1.716260293809508,
            5.7879093769251624e-08
        ]
    ],
    "base_poses": [
        [
            [
                -0.05871621561205187,
                -0.3635528328484913,
                0.0
            ],
            [
                0.0,
                0.0,
                0.9857001698603551,
                -0.16850867970899006
            ]
        ],
        [
            [
                0.5632366267675939,
                0.534935530987702,
                0.0
            ],
            [
                0.0,
                0.0,
                -0.41413365742523367,
                0.9102160808223502
            ]
        ],
        [
            [
                -0.5345387996792171,
                0.5203947881638118,
                0.0
            ],
            [
                0.0,
                0.0,
                -0.7061099217136273,
                0.7081022372917453
            ]
        ],
        [
            [
                -0.6355073633692006,
                -0.26272840794799623,
                0.0
            ],
            [
                -0.0,
                -0.0,
                0.10472589413602211,
                0.9945011247341105
            ]
        ]
    ],
    "difficulty": 0.681638789701184,
    "dynamic_speed": null
}