{
    "target_eff_poses": [
        [
            [
                0.3658411502838135,
                -0.7468022108078003,
                0.37115100026130676
            ],
            [
                -0.32067596912384033,
                -0.6325405240058899,
                0.658106803894043,
                -0.2528928816318512
            ]
        ]
    ],
    "start_goal_config": [
        null
    ],
    "start_config": [
        [
            -2.7305545433727243,
            -3.09840635373756,
            1.2573553263557729,
            -1.2541961222635256,
            -1.9501530635914932,
            2.3681133474089527e-05
        ]
    ],
    "goal_config": [
        [
            -3.4973535783529264,
            -2.839230662435404,
            2.140032740823173,
            -0.865730583903891,
            -2.3055125822914024,
            -2.026995837497437e-05
        ]
    ],
    "base_poses": [
        [
            [
                0.3427879303422541,
                -0.7559206336688113,
                0.0
            ],
            [
                -0.0,
                -0.0,
                0.7907951559918568,
                0.6120808943757476
            ]
        ]
    ],
    "difficulty": 0.0
}