{
    "target_eff_poses": [
        [
            [
                0.5720251202583313,
                0.7146307826042175,
                0.3685216009616852
            ],
            [
                -0.6346753239631653,
                0.3659457862377167,
                0.4471563994884491,
                0.5131492018699646
            ]
        ],
        [
            [
                0.028757169842720032,
                -0.8672489523887634,
                0.516956090927124
            ],
            [
                -0.04449519142508507,
                0.006856230553239584,
                0.9541534185409546,
                0.2959129214286804
            ]
        ],
        [
            [
                -0.1616445630788803,
                -0.5439541935920715,
                0.17833419144153595
            ],
            [
                0.799945592880249,
                0.42548906803131104,
                -0.3465689420700073,
                0.24276748299598694
            ]
        ],
        [
            [
                -1.0151220560073853,
                -0.5898870825767517,
                0.5129154324531555
            ],
            [
                -0.5513045787811279,
                -0.13555264472961426,
                0.817546546459198,
                -0.09646958857774734
            ]
        ]
    ],
    "start_goal_config": [
        null,
        null,
        null,
        null
    ],
    "start_config": [
        [
            -2.92857871618538,
            -2.86720629870712,
            1.5054539524265964,
            -1.2329877026126164,
            -1.630447307137933,
            4.127281843149809e-06
        ],
        [
            -1.8769579872405668,
            -1.827069476817296,
            1.2913879717109105,
            -1.6187956996761093,
            -0.9833578011820885,
            -2.21853747213124e-05
        ],
        [
            -3.101597047350589,
            -3.0972187860403224,
            1.4904255763322072,
            -1.1414327687414596,
            -1.1535716010986492,
            3.226584025030742e-05
        ],
        [
            -3.1386039822400558,
            -1.0770670037463899,
            1.5805684373448372,
            -1.6871304998605106,
            -1.5417338967960605,
            4.3047356351753424e-07
        ]
    ],
    "goal_config": [
        [
            -3.259808738325232,
            -2.613127209568489,
            2.093897599455455,
            -0.978037363109484,
            -1.9017798075284575,
            1.320988131376506e-05
        ],
        [
            -2.868956218624442,
            -3.2056392085054717,
            1.3145208266755364,
            -1.1604030645321637,
            -1.7186350850886587,
            8.203124148427767e-18
        ],
        [
            -2.6060994056829037,
            -1.62672636432974,
            2.0905051853637637,
            -1.3375914184105038,
            -1.4485811665388826,
            6.081455926819774e-07
        ],
        [
            -3.6730552320413032,
            -1.5096795132841279,
            1.287330488647012,
            -1.711766172571164,
            -1.6944273771053433,
            -1.662258239636767e-05
        ]
    ],
    "base_poses": [
        [
            [
                0.6490168186816294,
                0.6697236564038054,
                0.0
            ],
            [
                0.0,
                0.0,
                -0.5886634119553715,
                0.8083782452695399
            ]
        ],
        [
            [
                -0.30129516158297315,
                -0.6062157429257455,
                0.0
            ],
            [
                0.0,
                0.0,
                -0.35519660887337273,
                0.9347916179795668
            ]
        ],
        [
            [
                -0.12930477530290663,
                -0.20491676868940412,
                0.0
            ],
            [
                -0.0,
                -0.0,
                0.2784692656379891,
                0.9604451405962962
            ]
        ],
        [
            [
                -0.5394467455807961,
                -0.3121963142376034,
                0.0
            ],
            [
                -0.0,
                -0.0,
                0.43045541460506653,
                0.9026118412901419
            ]
        ]
    ],
    "difficulty": 0.8672058685225242,
    "dynamic_speed": null
}