{
    "target_eff_poses": [
        [
            [
                0.7941897511482239,
                -0.7206674218177795,
                0.37765786051750183
            ],
            [
                0.1561981737613678,
                0.6891802549362183,
                -0.2770402729511261,
                0.6510617733001709
            ]
        ],
        [
            [
                0.6427010297775269,
                -0.126994788646698,
                0.21301983296871185
            ],
            [
                0.2537035346031189,
                0.8314578533172607,
                -0.2823403477668762,
                0.4057046175003052
            ]
        ]
    ],
    "start_goal_config": [
        null,
        null
    ],
    "start_config": [
        [
            -3.0805482073022583,
            -1.9860825639270057,
            1.3370649907382588,
            -1.575480489543754,
            -1.5689210352543446,
            7.139013368290169e-06
        ],
        [
            -4.25422893289788,
            -2.009331685283777,
            2.2584111949314294,
            -1.136802434224337,
            -2.1380882088146027,
            1.4703515693155745e-05
        ]
    ],
    "goal_config": [
        [
            -2.9831738004869046,
            -2.6674915797578613,
            2.0650743490690417,
            -0.969643003628378,
            -1.7502297482131028,
            5.4118211803082876e-06
        ],
        [
            -4.116913073065889,
            -1.564244904943642,
            1.9467313263527477,
            -1.4164876254688235,
            -1.8826086117142193,
            3.009928744458873e-05
        ]
    ],
    "base_poses": [
        [
            [
                0.7115442134407342,
                -0.7670142417875122,
                0.0
            ],
            [
                0.0,
                0.0,
                0.9242225916951092,
                0.3818541619524074
            ]
        ],
        [
            [
                0.35033913742669,
                0.1325394837827154,
                0.0
            ],
            [
                0.0,
                0.0,
                0.999366215078139,
                -0.03559730552155143
            ]
        ]
    ],
    "difficulty": 0.2401956174174739,
    "dynamic_speed": null,
    "ur5_count": 2,
    "id": "001773",
    "task_path": "/home/hqh2101/workspace-sharing-multiarm/src/data/8f14d7-hard-vlo-tasks/001773.json"
}