{
    "target_eff_poses": [
        [
            [
                -0.44500666856765747,
                -1.032155990600586,
                0.3730703294277191
            ],
            [
                -0.09002132713794708,
                0.8248396515846252,
                -0.5565463900566101,
                0.042330097407102585
            ]
        ],
        [
            [
                0.2743176817893982,
                0.1685808300971985,
                0.545418918132782
            ],
            [
                0.12393669039011002,
                0.5046406388282776,
                -0.4282182455062866,
                0.7393285036087036
            ]
        ]
    ],
    "start_goal_config": [
        null,
        null
    ],
    "start_config": [
        [
            -2.9768982491802105,
            -3.087806290978024,
            1.6233431711515218,
            -1.0692723620734677,
            -1.297235190843676,
            -2.0255223247058577e-05
        ],
        [
            -3.94747061496836,
            -1.1574712817433248,
            1.4242334337729117,
            -1.7318577346893878,
            -1.7550296072437304,
            1.6947001872131206e-05
        ]
    ],
    "goal_config": [
        [
            -5.468404229727965,
            -1.2466488409462548,
            1.4709303915932639,
            -1.4087240711092044,
            -3.174385817049484,
            -0.00012606733170036693
        ],
        [
            -3.241963668358566,
            -2.5507130855551856,
            1.7308130174794913,
            -1.2288332685123595,
            -1.8549637630551339,
            2.237103753763408e-05
        ]
    ],
    "base_poses": [
        [
            [
                -0.5360237238337209,
                -0.431590192996557,
                0.0
            ],
            [
                0.0,
                0.0,
                0.8914233725160352,
                -0.4531714586468768
            ]
        ],
        [
            [
                0.18346773059269594,
                0.15507590866187582,
                0.0
            ],
            [
                0.0,
                0.0,
                0.9451612536085904,
                0.3266040487762484
            ]
        ]
    ],
    "difficulty": 0.2665287313081915,
    "dynamic_speed": null,
    "ur5_count": 2,
    "id": "001764",
    "task_path": "/home/huy/programming/projects/workspace-sharing-multiarm/src/data/8f14d7-hard-vlo-tasks/001764.json"
}