{
    "target_eff_poses": [
        [
            [
                -0.9824933409690857,
                0.0072119589895009995,
                0.5872239470481873
            ],
            [
                -0.455552875995636,
                0.14277388155460358,
                0.8682366609573364,
                0.13510073721408844
            ]
        ],
        [
            [
                -0.41710978746414185,
                -1.1573938131332397,
                0.2511805295944214
            ],
            [
                0.25737515091896057,
                0.8026624321937561,
                -0.5380282998085022,
                -0.004071751609444618
            ]
        ],
        [
            [
                0.5094166994094849,
                -0.44333213567733765,
                0.5692759156227112
            ],
            [
                -0.342160701751709,
                0.060845788568258286,
                0.38153329491615295,
                0.8565373420715332
            ]
        ],
        [
            [
                0.6710839867591858,
                1.2617814540863037,
                0.10119796544313431
            ],
            [
                -0.5234695076942444,
                0.566480815410614,
                0.36794692277908325,
                0.5193210244178772
            ]
        ]
    ],
    "start_goal_config": [
        null,
        null,
        null,
        null
    ],
    "start_config": [
        [
            -4.510085669539548,
            -1.7006925154688899,
            2.0704765791841444,
            -1.3340187877621887,
            -2.086748802349227,
            2.6768058973786505e-05
        ],
        [
            -3.454597633016989,
            -2.5440563084865095,
            1.5552364648556063,
            -1.3269499849107083,
            -2.516111324766826,
            3.53459150303069e-05
        ],
        [
            -3.3556264547738524,
            -2.5916055032199323,
            1.632360228673098,
            -1.2701014362292264,
            -2.157843087315103,
            3.3344673043429025e-05
        ],
        [
            -3.2228040280613413,
            -2.6069455260463714,
            1.6765507892187805,
            -1.23968687317247,
            -1.933479311221404,
            2.4739289732719693e-05
        ]
    ],
    "goal_config": [
        [
            -2.744810116696827,
            -1.4583464372939696,
            1.1148692203852184,
            -1.802722184071422,
            -1.4214478999732194,
            -4.054419163784508e-06
        ],
        [
            -5.38177607952709,
            -1.1560954911186987,
            1.5538989238423548,
            -1.53408249710414,
            -2.838873414891526,
            -5.319954030965744e-05
        ],
        [
            -2.8414151268712335,
            -2.954182373824962,
            1.6664532298381647,
            -1.1439685866585931,
            -2.5465717808496624,
            3.16184183160659e-05
        ],
        [
            -3.815489281009059,
            -0.8820035003151868,
            1.334600259391957,
            -1.8323896848546088,
            -1.700333082696676,
            1.110646193462148e-05
        ]
    ],
    "base_poses": [
        [
            [
                -0.4176709504614737,
                -0.12801738005224228,
                0.0
            ],
            [
                0.0,
                0.0,
                -0.41453551234096536,
                0.9100331362143982
            ]
        ],
        [
            [
                -0.21463774049579631,
                -0.5898430992391579,
                0.0
            ],
            [
                0.0,
                0.0,
                0.9845949798040372,
                -0.17485058119631045
            ]
        ],
        [
            [
                0.4648790011146795,
                -0.25754210169834557,
                0.0
            ],
            [
                0.0,
                0.0,
                -0.7269990726634076,
                0.6866384407725402
            ]
        ],
        [
            [
                0.6184003284097028,
                0.566287697834835,
                0.0
            ],
            [
                0.0,
                0.0,
                -0.5249487687457334,
                0.8511338262531566
            ]
        ]
    ],
    "difficulty": 0.7143125646085894,
    "dynamic_speed": null,
    "ur5_count": 4,
    "id": "001709",
    "task_path": "/home/hqh2101/workspace-sharing-multiarm/src/data/8f14d7-hard-vlo-tasks/001709.json"
}