{
    "target_eff_poses": [
        [
            [
                0.641832709312439,
                -0.11128990352153778,
                0.7558301091194153
            ],
            [
                0.2644762396812439,
                0.20176829397678375,
                -0.7795029878616333,
                0.5307703614234924
            ]
        ],
        [
            [
                -0.7589377760887146,
                0.3423420786857605,
                0.5676761269569397
            ],
            [
                -0.23217949271202087,
                0.2242744117975235,
                -0.07672455161809921,
                0.9433488249778748
            ]
        ]
    ],
    "start_goal_config": [
        null,
        null
    ],
    "start_config": [
        [
            -2.343362368954175,
            -1.5926133752375051,
            1.163415529847407,
            -1.7464654977887977,
            -1.2934227118730626,
            -1.09199709235642e-05
        ],
        [
            -3.3818563057858317,
            -1.9301930482779457,
            1.2513541292886747,
            -1.6302528625228738,
            -1.665812044559962,
            1.2577048373287926e-05
        ]
    ],
    "goal_config": [
        [
            -3.306234351972556,
            -1.8678180133003386,
            1.115546380554613,
            -1.7110885526146344,
            -1.624713778896294,
            8.522315350655585e-06
        ],
        [
            -2.75631898574267,
            -2.9702943536176014,
            1.633881943550934,
            -1.1477599312018993,
            -2.4546916357505664,
            3.338929459622806e-05
        ]
    ],
    "base_poses": [
        [
            [
                0.6467474840819865,
                0.22694204473393276,
                0.0
            ],
            [
                -0.0,
                -0.0,
                0.6496157496207732,
                0.7602627031787373
            ]
        ],
        [
            [
                -0.5996408196915155,
                0.4710087930289777,
                0.0
            ],
            [
                0.0,
                0.0,
                0.9858942300384703,
                -0.1673695527174871
            ]
        ]
    ],
    "difficulty": 0.08975563909774437,
    "dynamic_speed": null
}