{
    "target_eff_poses": [
        [
            [
                -0.17145444452762604,
                0.315746545791626,
                0.4486949145793915
            ],
            [
                -0.6855128407478333,
                -0.03034975379705429,
                0.7239621877670288,
                -0.07092134654521942
            ]
        ]
    ],
    "start_goal_config": [
        null
    ],
    "start_config": [
        [
            -5.16166418097372,
            -1.5403973663057942,
            2.356551215349342,
            -1.2810317836380969,
            -3.264978195004471,
            1.806669236732753e-05
        ]
    ],
    "goal_config": [
        [
            -2.7890674360610155,
            -2.0803183931932687,
            1.7891711354430953,
            -1.3379833229262297,
            -1.5173895293866635,
            1.6890882860677357e-06
        ]
    ],
    "base_poses": [
        [
            [
                0.07991095243801583,
                0.4689240942200348,
                0.0
            ],
            [
                0.0,
                0.0,
                -0.10511948974901977,
                0.9944595984125779
            ]
        ]
    ],
    "difficulty": 0.0
}