{
    "target_eff_poses": [
        [
            [
                0.623714029788971,
                -0.19658245146274567,
                0.4534415900707245
            ],
            [
                -0.40131455659866333,
                0.44142040610313416,
                0.2678528428077698,
                0.7565378546714783
            ]
        ],
        [
            [
                0.3198242485523224,
                -0.20928479731082916,
                0.20408937335014343
            ],
            [
                0.5949859619140625,
                0.607441246509552,
                -0.22666683793067932,
                0.4750041961669922
            ]
        ],
        [
            [
                0.6254339814186096,
                0.582392692565918,
                0.3851725161075592
            ],
            [
                -0.5210919380187988,
                -0.40955838561058044,
                0.6467854380607605,
                -0.37735095620155334
            ]
        ]
    ],
    "start_goal_config": [
        null,
        null,
        null
    ],
    "start_config": [
        [
            -2.9355221828851277,
            -2.70058077998451,
            1.6334099895667629,
            -1.227600411482897,
            -1.622864257459518,
            2.5385038290443025e-06
        ],
        [
            -3.712205640771122,
            -1.5189424411789538,
            1.6482942804267866,
            -1.549975595534014,
            -1.725193687769561,
            1.6124023401477513e-05
        ],
        [
            -3.2547292139586776,
            -2.78613838487102,
            1.088260831596605,
            -1.4772733023609659,
            -1.1703334333311244,
            -2.575636654384059e-05
        ]
    ],
    "goal_config": [
        [
            -3.2157369526787205,
            -2.736186902141135,
            1.9259542024421428,
            -1.0528990303967658,
            -1.9683613100128854,
            2.0084379088674948e-07
        ],
        [
            -2.0802665790510186,
            -1.4247206951839149,
            1.8260959085547879,
            -1.5098877316648858,
            -1.2409991229385988,
            -2.006570291902049e-05
        ],
        [
            -2.8714962737393592,
            -2.8092619393708196,
            2.037073646247767,
            -0.9203567183572442,
            -1.7087763154810773,
            6.969478213588426e-06
        ]
    ],
    "base_poses": [
        [
            [
                0.6731638037531649,
                -0.228821534148541,
                0.0
            ],
            [
                0.0,
                0.0,
                -0.8385752138335559,
                0.544785839338731
            ]
        ],
        [
            [
                0.022292371674792144,
                0.1640485567379244,
                0.0
            ],
            [
                -0.0,
                -0.0,
                0.4168583755302149,
                0.9089714488092079
            ]
        ],
        [
            [
                0.5364561497691205,
                0.6055770758620953,
                0.0
            ],
            [
                -0.0,
                -0.0,
                0.4458180048773665,
                0.8951236263931169
            ]
        ]
    ],
    "difficulty": 0.597479544813317,
    "dynamic_speed": null
}