{
    "target_eff_poses": [
        [
            [
                0.7067493796348572,
                0.3431606888771057,
                0.6033040285110474
            ],
            [
                -0.34714898467063904,
                -0.37400248646736145,
                0.7556948661804199,
                -0.4105302095413208
            ]
        ],
        [
            [
                0.07222412526607513,
                0.8472068905830383,
                0.4319177567958832
            ],
            [
                -0.33828994631767273,
                0.480111688375473,
                0.5821387767791748,
                0.5622875094413757
            ]
        ]
    ],
    "start_goal_config": [
        null,
        null
    ],
    "start_config": [
        [
            -2.9541070654262738,
            -2.7168262171343414,
            1.4705625216690121,
            -1.3045913365190085,
            -1.505193914011629,
            -6.095086344132866e-06
        ],
        [
            -3.4647193970050862,
            -2.6761092855353357,
            2.173333035335814,
            -0.8915065875635584,
            -2.0946649531085515,
            1.1556152236273884e-05
        ]
    ],
    "goal_config": [
        [
            -3.67749818189503,
            -2.2411134877927203,
            1.5701576855973756,
            -1.3995944037935946,
            -1.8957850325801069,
            3.101819449510022e-05
        ],
        [
            -2.604147135651725,
            -1.2641064109633078,
            1.188494065257691,
            -1.8104849303312038,
            -1.3818624974513092,
            -8.979225482743054e-06
        ]
    ],
    "base_poses": [
        [
            [
                0.6871548422487868,
                0.539451495208739,
                0.0
            ],
            [
                -0.0,
                -0.0,
                0.800483109119982,
                0.5993553136609426
            ]
        ],
        [
            [
                0.10448794473860856,
                0.18537291181286086,
                0.0
            ],
            [
                0.0,
                0.0,
                0.9049434819853656,
                -0.42553177838112427
            ]
        ]
    ],
    "difficulty": 0.434872566538136,
    "dynamic_speed": null
}