{
    "target_eff_poses": [
        [
            [
                -0.08378268778324127,
                -0.46353596448898315,
                0.48670440912246704
            ],
            [
                0.14709362387657166,
                0.5308554768562317,
                -0.19767796993255615,
                0.810850977897644
            ]
        ],
        [
            [
                1.1587735414505005,
                0.33555105328559875,
                0.5660337209701538
            ],
            [
                0.09445572644472122,
                0.534639835357666,
                -0.21240609884262085,
                0.8124789595603943
            ]
        ],
        [
            [
                0.6027313470840454,
                0.2409142255783081,
                0.6693634390830994
            ],
            [
                -0.01756397821009159,
                0.4459293782711029,
                -0.49249666929244995,
                0.7471850514411926
            ]
        ],
        [
            [
                -0.4785030782222748,
                0.33003953099250793,
                0.7659875750541687
            ],
            [
                -0.3007059395313263,
                -0.09051530808210373,
                0.9041145443916321,
                -0.28975823521614075
            ]
        ]
    ],
    "start_goal_config": [
        null,
        null,
        null,
        null
    ],
    "start_config": [
        [
            -3.2218518764853767,
            -1.5870329264026255,
            1.7192231820208348,
            -1.5016515650055184,
            -1.6039203877046575,
            8.517462730732048e-06
        ],
        [
            -3.5478567227404145,
            -2.3740596228606856,
            1.5761645759058496,
            -1.360107974755481,
            -1.948823067587392,
            2.092702572028088e-17
        ],
        [
            -1.9868851592384842,
            -2.1760962249652356,
            1.6008093678557724,
            -1.3917301327369254,
            -0.7854783879912126,
            -1.8741423294439596e-05
        ],
        [
            -3.132098460776518,
            -3.0545865236264245,
            1.1565768868328383,
            -1.3291435383759158,
            -1.299631525587219,
            -1.835435373131013e-07
        ]
    ],
    "goal_config": [
        [
            -3.1763703142452653,
            -1.3386379056421052,
            1.1690179205979996,
            -1.8051884571065486,
            -1.5396174371556786,
            2.153878209772011e-06
        ],
        [
            -3.44777919201428,
            -1.69210678435562,
            1.3426470507121044,
            -1.6443129032972101,
            -1.6516372577125966,
            3.1536958715200748e-06
        ],
        [
            -4.765567862737773,
            -1.617986807542811,
            1.1322916296172716,
            -1.7306753320345576,
            -2.192959217092727,
            4.0876308206087096e-05
        ],
        [
            -3.067654444525907,
            -2.0201586303278085,
            1.1668486934455802,
            -1.6494045058568143,
            -1.5530380185371124,
            3.6560193418634662e-06
        ]
    ],
    "base_poses": [
        [
            [
                -0.6824577794281954,
                -0.2587770597063299,
                0.0
            ],
            [
                0.0,
                0.0,
                0.9719700673432754,
                0.23510463242715698
            ]
        ],
        [
            [
                0.7026655529114723,
                0.43648610571153035,
                0.0
            ],
            [
                0.0,
                0.0,
                0.9980667022580885,
                0.06215189332324673
            ]
        ],
        [
            [
                0.1865859763676262,
                0.453265891372139,
                0.0
            ],
            [
                0.0,
                0.0,
                -0.8575512333051262,
                0.5143985636224665
            ]
        ],
        [
            [
                -0.3488215054015097,
                0.5545240976782464,
                0.0
            ],
            [
                -0.0,
                -0.0,
                0.26123192996447453,
                0.9652760635005075
            ]
        ]
    ],
    "difficulty": 0.9283363114831186,
    "dynamic_speed": null,
    "ur5_count": 4,
    "id": "001810",
    "task_path": "/home/hqh2101/workspace-sharing-multiarm/src/data/8f14d7-hard-vlo-tasks/001810.json"
}