{
    "target_eff_poses": [
        [
            [
                0.5213153958320618,
                -0.37895944714546204,
                0.5810971260070801
            ],
            [
                0.003161719301715493,
                0.41799086332321167,
                -0.23544031381607056,
                0.877406120300293
            ]
        ],
        [
            [
                -0.34913596510887146,
                -0.6551281213760376,
                0.39862576127052307
            ],
            [
                -0.6544996500015259,
                0.26216521859169006,
                0.34039539098739624,
                0.622117817401886
            ]
        ],
        [
            [
                0.8365634679794312,
                -0.4169113337993622,
                0.5080257654190063
            ],
            [
                -0.1884201318025589,
                -0.626863956451416,
                0.6456372737884521,
                -0.39330896735191345
            ]
        ]
    ],
    "start_goal_config": [
        null,
        null,
        null
    ],
    "start_config": [
        [
            -3.144136646546084,
            -2.7914012427766397,
            1.9723824400015024,
            -0.9945246069056064,
            -1.9463166241647558,
            1.6039469337622423e-05
        ],
        [
            -2.7536204138149505,
            -2.998090623153434,
            2.1036685738941805,
            -0.6804810144365717,
            -1.7027002427952918,
            8.460683106136174e-07
        ],
        [
            -2.4785882645359574,
            -2.160651033116954,
            2.1627674219887285,
            -1.1168615829741868,
            -1.4267662663638427,
            1.8160661127402805e-06
        ]
    ],
    "goal_config": [
        [
            -3.0383744356640476,
            -2.689097368934419,
            1.6398638090563584,
            -1.2298678986568932,
            -1.825392383218283,
            -1.15939575879983e-06
        ],
        [
            -3.697596619536217,
            -2.669725883810418,
            2.0863598859379344,
            -0.993219405581892,
            -2.259948090800482,
            1.5381219133989916e-05
        ],
        [
            -4.879218299780073,
            -1.8152906299345222,
            1.5871902132309852,
            -1.4862448555306846,
            -2.3024693970740806,
            3.297499662664182e-05
        ]
    ],
    "base_poses": [
        [
            [
                0.5328254901991625,
                -0.46141676642552376,
                0.0
            ],
            [
                0.0,
                0.0,
                0.9826643643986929,
                0.18539349217519188
            ]
        ],
        [
            [
                -0.31758084630520256,
                -0.6957005906844249,
                0.0
            ],
            [
                0.0,
                0.0,
                -0.4327631597723444,
                0.9015076525154161
            ]
        ],
        [
            [
                0.7173727453160825,
                -0.04833628735618556,
                0.0
            ],
            [
                0.0,
                0.0,
                0.977820849429335,
                -0.20944303860786082
            ]
        ]
    ],
    "difficulty": 0.7987781954887218,
    "dynamic_speed": null
}