{
    "target_eff_poses": [
        [
            [
                -0.3750288188457489,
                0.6035438179969788,
                0.7051674723625183
            ],
            [
                -0.18534670770168304,
                0.24839664995670319,
                0.22447820007801056,
                0.9238805174827576
            ]
        ],
        [
            [
                -0.16184674203395844,
                -0.025139203295111656,
                0.6055224537849426
            ],
            [
                -0.624243974685669,
                -0.08156556636095047,
                0.3336617946624756,
                0.7016668319702148
            ]
        ],
        [
            [
                0.21476151049137115,
                0.19954317808151245,
                0.32909873127937317
            ],
            [
                -0.3778592348098755,
                0.5340631008148193,
                0.5977758765220642,
                0.4633174240589142
            ]
        ]
    ],
    "start_goal_config": [
        null,
        null,
        null
    ],
    "start_config": [
        [
            -2.511627971007735,
            -1.727837251002951,
            2.39625666656853,
            -1.1782109253240696,
            -1.3866714594306078,
            -1.8738595818740927e-06
        ],
        [
            -3.9837464080709113,
            -1.400297903296221,
            1.239564595085662,
            -1.7564784102347952,
            -1.7738049514444365,
            1.7876768950036796e-05
        ],
        [
            -2.362344123968277,
            -2.207955882862348,
            1.4633756975145649,
            -1.4553692404973588,
            -1.146479939223194,
            -2.218008096671975e-06
        ]
    ],
    "goal_config": [
        [
            -3.2086903056206806,
            -2.476291920719329,
            1.3868598110993413,
            -1.4219154935308704,
            -1.973529350587027,
            3.259171420244588e-05
        ],
        [
            -5.071808330299695,
            -1.7985344337002587,
            1.4822863467388108,
            -1.4633559005468944,
            -2.8276437227847415,
            4.2009179033463866e-05
        ],
        [
            -2.2523273841771516,
            -1.1442520984231341,
            1.2401230016986118,
            -1.8111650916996178,
            -1.2751059749100793,
            -6.9408931370827076e-06
        ]
    ],
    "base_poses": [
        [
            [
                -0.32997009557240137,
                0.5667076594860088,
                0.0
            ],
            [
                0.0,
                0.0,
                0.8900804972155743,
                -0.45580336602144145
            ]
        ],
        [
            [
                0.0310434434434137,
                -0.35026379215197534,
                0.0
            ],
            [
                -0.0,
                -0.0,
                0.4498692594970269,
                0.8930944235407569
            ]
        ],
        [
            [
                0.3321047680135085,
                -0.48407533745666403,
                0.0
            ],
            [
                0.0,
                0.0,
                0.9495612397655618,
                -0.31358165114510306
            ]
        ]
    ],
    "difficulty": 0.8455108940646131,
    "dynamic_speed": null
}