{
    "target_eff_poses": [
        [
            [
                0.6449214220046997,
                0.38277629017829895,
                0.5958134531974792
            ],
            [
                0.10247611254453659,
                0.021345030516386032,
                0.9927652478218079,
                0.058823585510253906
            ]
        ],
        [
            [
                -0.7800350785255432,
                -0.363984614610672,
                0.5624080300331116
            ],
            [
                -0.0009275220218114555,
                -0.011858630925416946,
                0.8660315871238708,
                0.4998476803302765
            ]
        ],
        [
            [
                0.2677614688873291,
                0.0726819857954979,
                0.22404824197292328
            ],
            [
                0.8686438202857971,
                0.24100549519062042,
                -0.4287087321281433,
                -0.05985900014638901
            ]
        ]
    ],
    "start_goal_config": [
        null,
        null,
        null
    ],
    "start_config": [
        [
            -2.741486539033836,
            -2.200612670203368,
            1.8242346181527405,
            -1.2864236910971476,
            -1.5064151848947762,
            3.2112113961073264e-06
        ],
        [
            -3.4437173479005523,
            -1.684113225302688,
            2.225299886344796,
            -1.25315103689417,
            -1.7436154391486225,
            9.593387896779741e-18
        ],
        [
            -3.445904601315011,
            -1.8865366370775998,
            1.5941159566353886,
            -1.4812002018289143,
            -1.6879369698020845,
            -1.911537578943428e-06
        ]
    ],
    "goal_config": [
        [
            -2.808388136806167,
            -3.069749019009307,
            1.0745208917146725,
            -1.3561049357007302,
            -1.835405749344085,
            -1.558023765713219e-05
        ],
        [
            -3.3874490064611598,
            -3.1289808934924066,
            1.2349270298486612,
            -1.2713631339321863,
            -0.4447412611315311,
            3.7289307204568975e-05
        ],
        [
            -4.017922421974754,
            -1.9214345461395426,
            2.2109939129990415,
            -1.184902128687813,
            -1.980168681335048,
            -2.431932750793637e-07
        ]
    ],
    "base_poses": [
        [
            [
                0.15670537465033374,
                0.38682550745215183,
                0.0
            ],
            [
                0.0,
                0.0,
                -0.09334376813627399,
                0.9956339392317447
            ]
        ],
        [
            [
                -0.31246828471358,
                -0.08360888926599619,
                0.0
            ],
            [
                0.0,
                0.0,
                -0.8212298786347444,
                0.5705974819761852
            ]
        ],
        [
            [
                0.48745420304200704,
                0.15974036383964396,
                0.0
            ],
            [
                -0.0,
                -0.0,
                0.4830383864785925,
                0.8755991761006618
            ]
        ]
    ],
    "difficulty": 0.8080504091037337,
    "dynamic_speed": null
}