{
    "target_eff_poses": [
        [
            [
                -0.6676996946334839,
                0.61320960521698,
                0.817729651927948
            ],
            [
                -0.09532085806131363,
                0.12360110133886337,
                0.2757737338542938,
                0.9484648108482361
            ]
        ],
        [
            [
                -1.314739465713501,
                -0.2249550223350525,
                0.27617979049682617
            ],
            [
                0.6585699319839478,
                -0.46818020939826965,
                -0.5312402844429016,
                0.2547093629837036
            ]
        ],
        [
            [
                -0.3251180648803711,
                -1.0193623304367065,
                0.5477352142333984
            ],
            [
                0.032590314745903015,
                -0.10824313759803772,
                0.9513364434242249,
                0.28667134046554565
            ]
        ]
    ],
    "start_goal_config": [
        null,
        null,
        null
    ],
    "start_config": [
        [
            -1.0486308561233249,
            -1.4696988637453854,
            1.9615931041066736,
            -1.28893569245481,
            -0.040863650461049145,
            -2.5697995901414143e-05
        ],
        [
            -3.298771462745032,
            -1.64072785747356,
            2.329020225028361,
            -1.2254475895700383,
            -1.716650981028831,
            1.626679410073148e-05
        ],
        [
            -3.216431388060295,
            -2.1809504615849447,
            1.0544940428526575,
            -1.6666543672322534,
            -1.7209969858025158,
            9.916580324331598e-06
        ]
    ],
    "goal_config": [
        [
            -3.1433057946609146,
            -2.3371021115476727,
            1.1074565002939867,
            -1.5984792718142615,
            -1.9448467541992076,
            2.7126232801981547e-05
        ],
        [
            -1.1532198684117694,
            -1.2414051400480621,
            1.5690337235117309,
            -1.587610751855401,
            -0.5057107986403292,
            -2.344063987646943e-05
        ],
        [
            -3.3702296193866967,
            -3.134676853475761,
            1.0803258241718956,
            -1.313843665364053,
            -0.5850437083980272,
            3.758566755544829e-05
        ]
    ],
    "base_poses": [
        [
            [
                -0.6065955188609972,
                0.5923463698382521,
                0.0
            ],
            [
                0.0,
                0.0,
                0.8911874260554842,
                -0.4536352848275813
            ]
        ],
        [
            [
                -0.7055618425682685,
                -0.10393748030162997,
                0.0
            ],
            [
                0.0,
                0.0,
                0.8817948991398448,
                -0.4716330733217836
            ]
        ],
        [
            [
                -0.10740903988103057,
                -0.4607645921298021,
                0.0
            ],
            [
                0.0,
                0.0,
                -0.6219577733257085,
                0.7830507826442208
            ]
        ]
    ],
    "difficulty": 0.37044575615713415
}