{
    "target_eff_poses": [
        [
            [
                -0.262982577085495,
                -0.17072345316410065,
                0.6440525650978088
            ],
            [
                -0.3005695939064026,
                0.36568495631217957,
                0.5829130411148071,
                0.660412609577179
            ]
        ],
        [
            [
                0.08067257702350616,
                1.3217158317565918,
                0.16013352572917938
            ],
            [
                -0.3299640715122223,
                0.5853471755981445,
                0.5242670774459839,
                0.523102879524231
            ]
        ]
    ],
    "start_goal_config": [
        null,
        null
    ],
    "start_config": [
        [
            -3.1383124658357464,
            -2.3531936776000553,
            1.305971771674845,
            -1.4956878388467159,
            -1.7087352365559074,
            1.2233040431721996e-05
        ],
        [
            -3.0022663670469063,
            -2.526745421297512,
            1.5765058362812943,
            -1.3128339218137166,
            -1.6430751531918508,
            5.4711751901758926e-06
        ]
    ],
    "goal_config": [
        [
            -2.9971745919675223,
            -1.9217839444352427,
            1.351045261804822,
            -1.5846558351442044,
            -1.5356276869933008,
            4.916945707092935e-06
        ],
        [
            -2.4027515402854434,
            -0.7814665208971956,
            1.0735641981885842,
            -1.9600265568204016,
            -1.2975911083079728,
            -1.5243691192024395e-05
        ]
    ],
    "base_poses": [
        [
            [
                -0.2039043677252138,
                -0.5191315320501027,
                0.0
            ],
            [
                0.0,
                0.0,
                -0.8060469047553988,
                0.5918516599066368
            ]
        ],
        [
            [
                0.009851964541023328,
                0.5280298115553534,
                0.0
            ],
            [
                0.0,
                0.0,
                0.9609227330232052,
                -0.27681672846707445
            ]
        ]
    ],
    "difficulty": 0.10502747811927539
}