{
    "target_eff_poses": [
        [
            [
                -0.14564552903175354,
                0.09956272691488266,
                0.4963345229625702
            ],
            [
                0.104276143014431,
                0.11684811115264893,
                0.9187667369842529,
                -0.3624095618724823
            ]
        ],
        [
            [
                -0.3897930085659027,
                0.3938298523426056,
                0.3271411061286926
            ],
            [
                0.6333140730857849,
                0.44835710525512695,
                -0.6139878034591675,
                0.14459654688835144
            ]
        ]
    ],
    "start_goal_config": [
        null,
        null
    ],
    "start_config": [
        [
            -4.695937277282971,
            -2.0002221360722534,
            1.423190220290008,
            -1.5063972437486786,
            -2.5037746057895185,
            3.353394198712349e-05
        ],
        [
            -4.746015299336053,
            -1.9730638606072828,
            1.5482788077594023,
            -1.4667134609309784,
            -2.3393476631889842,
            3.740482626983014e-05
        ]
    ],
    "goal_config": [
        [
            -2.739938333388539,
            -3.2289206313404186,
            1.0340665598654364,
            -1.2612694009882803,
            -2.0373521114046005,
            -2.896336374275338e-05
        ],
        [
            -3.2058175010881387,
            -2.70574739876147,
            2.1829790855306457,
            -0.8423595494307424,
            -1.9555510076696745,
            5.03771714444533e-14
        ]
    ],
    "base_poses": [
        [
            [
                -0.3906561014850045,
                -0.41918626034928474,
                0.0
            ],
            [
                -0.0,
                -0.0,
                0.3969279373587166,
                0.9178497766759846
            ]
        ],
        [
            [
                -0.4200440092162998,
                0.45075449040872884,
                0.0
            ],
            [
                -0.0,
                -0.0,
                0.4401621579901898,
                0.8979183006673932
            ]
        ]
    ],
    "difficulty": 0.17219621412578873
}