{
    "target_eff_poses": [
        [
            [
                0.08926987648010254,
                -0.32972925901412964,
                0.11161007732152939
            ],
            [
                0.1997837871313095,
                0.9510611891746521,
                -0.016716664656996727,
                0.23513728380203247
            ]
        ],
        [
            [
                -0.008007685653865337,
                -0.8009766936302185,
                0.29465606808662415
            ],
            [
                0.831749677658081,
                -0.08458339422941208,
                -0.49547839164733887,
                -0.23566778004169464
            ]
        ],
        [
            [
                -0.26841580867767334,
                -0.31185054779052734,
                0.672642171382904
            ],
            [
                -0.0944298729300499,
                0.02780337631702423,
                0.4585420787334442,
                0.88320392370224
            ]
        ],
        [
            [
                0.6407058238983154,
                -0.4163033962249756,
                0.44418948888778687
            ],
            [
                -0.45554885268211365,
                0.5546286106109619,
                0.009702085517346859,
                0.6962530016899109
            ]
        ]
    ],
    "start_goal_config": [
        null,
        null,
        null,
        null
    ],
    "start_config": [
        [
            -2.68327956973689,
            -1.838213371212239,
            1.1355476748266773,
            -1.706459768113522,
            -1.3909732076274168,
            -3.56990970482178e-06
        ],
        [
            -3.966520195282503,
            -2.636502473362287,
            2.1808825107380208,
            -0.9628941986489967,
            -2.4492108135955792,
            1.575202620266696e-09
        ],
        [
            -2.2366081857848608,
            -0.9597070993050167,
            1.3196602980975332,
            -1.8195208360975403,
            -1.265141654863227,
            -1.6871064656398072e-05
        ],
        [
            -1.5126153171560015,
            -1.894623654767974,
            2.1240675302972263,
            -1.257184610167678,
            -0.6612974085269685,
            -3.2747691896285963e-07
        ]
    ],
    "goal_config": [
        [
            -2.6090361180400525,
            -1.691870605984708,
            2.4039331333173095,
            -1.1880034147830698,
            -1.4347165657064154,
            7.828708405579933e-11
        ],
        [
            -3.298422459756803,
            -2.4997316301638426,
            2.23917481463235,
            -0.9009869289389408,
            -1.9134191766908268,
            9.785511227591854e-12
        ],
        [
            -2.479517565082526,
            -2.8648542630459546,
            1.2768911117117898,
            -1.356410257218072,
            -2.3764874393606927,
            3.2509346162037663e-05
        ],
        [
            -4.627893420726815,
            -2.056473666098672,
            1.841709879649522,
            -1.3257493932350928,
            -2.2444917455109854,
            5.050682845756683e-06
        ]
    ],
    "base_poses": [
        [
            [
                -0.11331794035984777,
                -0.40375569479121265,
                0.0
            ],
            [
                0.0,
                0.0,
                0.9189873294067321,
                0.3942870634320665
            ]
        ],
        [
            [
                0.09153165379743322,
                -0.7847821493560698,
                0.0
            ],
            [
                0.0,
                0.0,
                -0.19302231168164585,
                0.9811943676933096
            ]
        ],
        [
            [
                -0.312427180569736,
                -0.005894357728373434,
                0.0
            ],
            [
                0.0,
                0.0,
                -0.8521673295118367,
                0.5232693785352481
            ]
        ],
        [
            [
                0.44770228734220985,
                -0.6161030023045129,
                0.0
            ],
            [
                0.0,
                0.0,
                -0.45899387915371614,
                0.8884394289423584
            ]
        ]
    ],
    "difficulty": 0.8290250356197842
}