{
    "target_eff_poses": [
        [
            [
                0.8100789785385132,
                0.5910576581954956,
                0.18771182000637054
            ],
            [
                0.018065575510263443,
                0.9056538939476013,
                -0.04534374549984932,
                0.4211990535259247
            ]
        ],
        [
            [
                -0.6476246118545532,
                -0.14926625788211823,
                0.697712779045105
            ],
            [
                -0.2318890243768692,
                0.316537082195282,
                0.36038243770599365,
                0.8462601900100708
            ]
        ]
    ],
    "start_goal_config": [
        null,
        null
    ],
    "start_config": [
        [
            -4.501332890382392,
            -1.8040213406374186,
            1.4870658235899086,
            -1.5452503833643554,
            -2.050344938276534,
            3.2046374051383005e-05
        ],
        [
            -3.0394687905536824,
            -2.438527095890368,
            1.2609236009051925,
            -1.4942877074663259,
            -1.6602749847668894,
            7.995871615605968e-06
        ]
    ],
    "goal_config": [
        [
            -3.244387390739236,
            -1.6776313789287294,
            2.1088556710936497,
            -1.3061259087335315,
            -1.6580818647033297,
            1.3019478315456341e-05
        ],
        [
            -3.475201484350461,
            -2.1874959384137322,
            1.3640454670401436,
            -1.5116835793324288,
            -1.8004825336069112,
            2.132120888660955e-05
        ]
    ],
    "base_poses": [
        [
            [
                0.4994580142542089,
                0.5321597773886899,
                0.0
            ],
            [
                0.0,
                0.0,
                0.9999257377482097,
                0.012186836697789612
            ]
        ],
        [
            [
                -0.6694737010838656,
                -0.34184961479490783,
                0.0
            ],
            [
                0.0,
                0.0,
                -0.7748965981405106,
                0.6320880177556477
            ]
        ]
    ],
    "difficulty": 0.01791166293507022
}