{
    "target_eff_poses": [
        [
            [
                -0.2085612416267395,
                0.33682781457901,
                0.41764259338378906
            ],
            [
                -0.3920952081680298,
                -0.42706164717674255,
                0.7087196111679077,
                -0.4019903242588043
            ]
        ]
    ],
    "start_goal_config": [
        null
    ],
    "start_config": [
        [
            -4.826400016953926,
            -1.422864952973862,
            1.2437703529725466,
            -1.7252840203385573,
            -2.1467722616475267,
            2.996624453993819e-05
        ]
    ],
    "goal_config": [
        [
            -2.969698657130782,
            -2.926387037923575,
            1.9562625721396878,
            -0.9346000681575631,
            -1.8828994247882476,
            7.683972181376434e-06
        ]
    ],
    "base_poses": [
        [
            [
                -0.2903036405641378,
                0.2904939137351079,
                0.0
            ],
            [
                -0.0,
                -0.0,
                0.5530866705278965,
                0.8331237212349472
            ]
        ]
    ],
    "difficulty": 0.0,
    "dynamic_speed": null,
    "ur5_count": 1,
    "id": "002061",
    "task_path": "/home/hqh2101/workspace-sharing-multiarm/src/data/8f14d7-hard-vlo-tasks/002061.json"
}