{
    "target_eff_poses": [
        [
            [
                0.9168066382408142,
                -0.4381800889968872,
                0.10007457435131073
            ],
            [
                -0.44234684109687805,
                0.8350130915641785,
                -0.10761034488677979,
                0.3090347647666931
            ]
        ]
    ],
    "start_goal_config": [
        null
    ],
    "start_config": [
        [
            -5.064533432484014,
            -1.7720333967954551,
            1.5012555637493132,
            -1.4317905880767325,
            -2.97554625667786,
            -0.00010908114989605621
        ]
    ],
    "goal_config": [
        [
            -4.950020800162268,
            -1.349194412493503,
            2.1246646695836344,
            -1.4422060465010422,
            -2.3930241608746776,
            2.0418268369595603e-05
        ]
    ],
    "base_poses": [
        [
            [
                0.5605792262788412,
                -0.5068504988028788,
                0.0
            ],
            [
                0.0,
                0.0,
                -0.5568027319585468,
                0.8306447602215394
            ]
        ]
    ],
    "difficulty": 0.0,
    "dynamic_speed": null
}