{
    "target_eff_poses": [
        [
            [
                0.16852371394634247,
                0.3965066373348236,
                0.17195729911327362
            ],
            [
                0.8668506145477295,
                0.31586918234825134,
                -0.3566809594631195,
                0.14688555896282196
            ]
        ],
        [
            [
                -1.3632392883300781,
                -0.38881921768188477,
                0.11676851660013199
            ],
            [
                0.7360378503799438,
                0.24774950742721558,
                -0.5779106020927429,
                -0.25077441334724426
            ]
        ],
        [
            [
                0.7249109148979187,
                -0.716050386428833,
                0.4025366008281708
            ],
            [
                0.11818601191043854,
                0.7183278799057007,
                0.01438460499048233,
                0.6854416728019714
            ]
        ]
    ],
    "start_goal_config": [
        null,
        null,
        null
    ],
    "start_config": [
        [
            -3.224357391115276,
            -2.153178345138855,
            1.4433156601121522,
            -1.4825753023333903,
            -1.6595435768249365,
            1.0845041796953435e-05
        ],
        [
            -3.789232661298129,
            -1.365993740253096,
            2.127477532425134,
            -1.4050508127737704,
            -1.8011704064726102,
            2.0308798676226686e-05
        ],
        [
            -2.862392395502646,
            -2.179079390503484,
            1.1573875900072508,
            -1.6140256718259545,
            -1.40720561121773,
            -8.532871468445093e-06
        ]
    ],
    "goal_config": [
        [
            -2.808859790215159,
            -1.7079331737051282,
            2.182605101821098,
            -1.266694156300195,
            -1.5295762729096138,
            6.828594876477129e-06
        ],
        [
            -5.066064294294665,
            -0.8356760224246851,
            1.2943398406069302,
            -1.821687909228301,
            -2.3048914727284644,
            2.5962036682437056e-05
        ],
        [
            -2.4377898916456107,
            -1.8717365617669262,
            1.7677262428178209,
            -1.4068226313950647,
            -1.3867456901537594,
            -4.175566022478717e-06
        ]
    ],
    "base_poses": [
        [
            [
                0.2883990781635868,
                0.6610567586035099,
                0.0
            ],
            [
                -0.0,
                -0.0,
                0.20227381700914449,
                0.9793290064899288
            ]
        ],
        [
            [
                -0.6544652213150111,
                -0.4268605337456343,
                0.0
            ],
            [
                -0.0,
                -0.0,
                0.7955305229590188,
                0.6059135144891142
            ]
        ],
        [
            [
                0.35864837082159307,
                -0.7979503789948347,
                0.0
            ],
            [
                0.0,
                0.0,
                0.9118836552893123,
                0.4104487778227664
            ]
        ]
    ],
    "difficulty": 0.20965167589897662,
    "dynamic_speed": null,
    "ur5_count": 3,
    "id": "002098",
    "task_path": "/home/huy/programming/projects/workspace-sharing-multiarm/src/data/8f14d7-hard-vlo-tasks/002098.json"
}