{
    "target_eff_poses": [
        [
            [
                -0.6438118815422058,
                0.2562422752380371,
                0.30477094650268555
            ],
            [
                -0.30833470821380615,
                0.7929829359054565,
                0.4804222285747528,
                0.21284350752830505
            ]
        ],
        [
            [
                0.6861676573753357,
                -1.0562925338745117,
                0.7277801632881165
            ],
            [
                -0.1823020577430725,
                -0.3600480854511261,
                0.8446350693702698,
                -0.35174277424812317
            ]
        ]
    ],
    "start_goal_config": [
        null,
        null
    ],
    "start_config": [
        [
            -3.2689134437897973,
            -2.403107569284705,
            1.460232959247715,
            -1.4069291077509107,
            -1.8239660673300135,
            2.110728189136581e-05
        ],
        [
            -2.6885082522304886,
            -2.7063761743327124,
            1.2435666264664038,
            -1.422697888915743,
            -2.118370830561337,
            3.593932843176928e-05
        ]
    ],
    "goal_config": [
        [
            -1.673140976850696,
            -2.0657370495094454,
            2.1515166090151077,
            -1.1922775147321685,
            -0.7878915659830407,
            -1.7429830705769887e-05
        ],
        [
            -4.654097273249587,
            -1.8471580215166645,
            1.1923191756943112,
            -1.6558994910105802,
            -2.278319709592561,
            3.549043617650719e-05
        ]
    ],
    "base_poses": [
        [
            [
                -0.4539154541689365,
                0.014904642730869333,
                0.0
            ],
            [
                0.0,
                0.0,
                0.9996062862527819,
                -0.028058376359322845
            ]
        ],
        [
            [
                0.6861192447810802,
                -0.7237172080131261,
                0.0
            ],
            [
                0.0,
                0.0,
                0.9978112035992499,
                0.06612716515786946
            ]
        ]
    ],
    "difficulty": 0.033787909627518826
}