{
    "target_eff_poses": [
        [
            [
                -0.2182147055864334,
                -0.8912772536277771,
                0.3239936828613281
            ],
            [
                0.8095593452453613,
                0.1781974583864212,
                -0.31686803698539734,
                0.460927277803421
            ]
        ]
    ],
    "start_goal_config": [
        null
    ],
    "start_config": [
        [
            -1.7250890779296053,
            -2.27781855809542,
            2.591606732572046,
            -0.8222665821257336,
            -0.2968432350492547,
            -8.258074339346649e-06
        ]
    ],
    "goal_config": [
        [
            -1.8146746434192702,
            -2.2747100912140823,
            2.1870806520757893,
            -1.099537287459956,
            -0.8189236203792681,
            -1.1294096188517038e-05
        ]
    ],
    "base_poses": [
        [
            [
                -0.33846571062362474,
                -0.661244793670703,
                0.0
            ],
            [
                0.0,
                0.0,
                -0.07080450345419478,
                0.9974902116264625
            ]
        ]
    ],
    "difficulty": 0.0,
    "dynamic_speed": null,
    "ur5_count": 1,
    "id": "002085",
    "task_path": "/home/hqh2101/workspace-sharing-multiarm/src/data/8f14d7-hard-vlo-tasks/002085.json"
}