{
    "target_eff_poses": [
        [
            [
                0.563957929611206,
                -0.6260008215904236,
                0.377580463886261
            ],
            [
                0.624180257320404,
                0.4351154565811157,
                -0.621025562286377,
                0.1881508082151413
            ]
        ],
        [
            [
                -0.6209699511528015,
                -0.21154733002185822,
                0.688431441783905
            ],
            [
                -0.29560387134552,
                -0.05357944965362549,
                0.9490717649459839,
                0.09492287039756775
            ]
        ],
        [
            [
                0.052086252719163895,
                -0.654302179813385,
                0.22229570150375366
            ],
            [
                0.8748033046722412,
                0.3349481523036957,
                0.040413711220026016,
                0.34770047664642334
            ]
        ],
        [
            [
                -0.7992877960205078,
                0.7915619015693665,
                0.17684243619441986
            ],
            [
                -0.5134696960449219,
                0.5063592195510864,
                0.6743482947349548,
                0.15875664353370667
            ]
        ]
    ],
    "start_goal_config": [
        null,
        null,
        null,
        null
    ],
    "start_config": [
        [
            -4.821983913566416,
            -1.344775480320544,
            1.8449436673149697,
            -1.5238513194853156,
            -2.1711888028032904,
            2.5416885786331567e-05
        ],
        [
            -2.600687428320462,
            -3.2071749621836796,
            0.8793077431377619,
            -1.306262683788702,
            -2.500366088733042,
            4.359019572956812e-05
        ],
        [
            -3.924156329682155,
            -1.0689904063349447,
            1.0447565508662704,
            -1.9167400761116284,
            -1.7202304685864902,
            1.0583300449128926e-05
        ],
        [
            -3.5285095321666446,
            -2.787622287407169,
            2.2292939832274947,
            -0.7892288989934975,
            -2.269063541456186,
            2.6957130771017773e-14
        ]
    ],
    "goal_config": [
        [
            -3.721942741490375,
            -2.188895541352936,
            1.9859353178049393,
            -1.2093105347624171,
            -1.8853911631969262,
            2.7480449043530645e-05
        ],
        [
            -3.068500867193062,
            -2.551484619911352,
            1.408883035435296,
            -1.3887181989789084,
            -1.8498136876393918,
            1.8324273850309413e-05
        ],
        [
            -1.98183217216396,
            -3.0075203953806833,
            2.5624557739280593,
            -0.2701623472201567,
            -0.24995337847637236,
            -3.218314672490551e-06
        ],
        [
            -1.6679323408199591,
            -0.8910530547169156,
            1.2238110700438212,
            -1.8634262407953432,
            -1.0235835827156725,
            -2.8816403842794817e-05
        ]
    ],
    "base_poses": [
        [
            [
                0.6410428830055923,
                -0.416966707064004,
                0.0
            ],
            [
                -0.0,
                -0.0,
                0.6755165644952682,
                0.737344811531559
            ]
        ],
        [
            [
                -0.6602932267144264,
                -0.14110635287520112,
                0.0
            ],
            [
                -0.0,
                -0.0,
                0.003280545363605034,
                0.999994618996581
            ]
        ],
        [
            [
                -0.1427148678156902,
                -0.7891759601540509,
                0.0
            ],
            [
                -0.0,
                -0.0,
                0.43154587066164973,
                0.9020909940326856
            ]
        ],
        [
            [
                -0.26220244298160134,
                0.26927260215675264,
                0.0
            ],
            [
                0.0,
                0.0,
                0.9463223189431019,
                -0.32322448649529967
            ]
        ]
    ],
    "difficulty": 0.6865839909808342,
    "dynamic_speed": null,
    "ur5_count": 4,
    "id": "002127",
    "task_path": "/home/huy/programming/projects/workspace-sharing-multiarm/src/data/8f14d7-hard-vlo-tasks/002127.json"
}