{
    "target_eff_poses": [
        [
            [
                0.23474089801311493,
                -0.6447033882141113,
                0.31214621663093567
            ],
            [
                0.6789603233337402,
                0.3082665205001831,
                -0.6501340866088867,
                -0.14598028361797333
            ]
        ],
        [
            [
                -0.4577758312225342,
                -0.5252777934074402,
                0.3962463140487671
            ],
            [
                -0.4631105363368988,
                -0.516745924949646,
                0.6543812155723572,
                -0.3004786968231201
            ]
        ],
        [
            [
                0.7248218655586243,
                0.7035521864891052,
                0.535370945930481
            ],
            [
                0.2411445677280426,
                0.03942260146141052,
                0.9338183403015137,
                -0.2613014876842499
            ]
        ]
    ],
    "start_goal_config": [
        null,
        null,
        null
    ],
    "start_config": [
        [
            -4.538976904782805,
            -1.7337838499570823,
            2.242962839924347,
            -1.257919564719462,
            -2.1975018250492786,
            5.660557587971458e-07
        ],
        [
            -2.3767095062236194,
            -1.8622654469201652,
            1.5830457349936886,
            -1.4916503400522467,
            -1.3438838086471263,
            -6.260637131041386e-06
        ],
        [
            -2.2199801657874247,
            -1.4816964235454604,
            1.7518544608096913,
            -1.5200382101535832,
            -1.3005549645147774,
            -1.298826784421562e-05
        ]
    ],
    "goal_config": [
        [
            -3.091078305675095,
            -3.076200656668913,
            2.1694988856583164,
            -0.5518254381168628,
            -2.21786922662892,
            4.208028556445028e-06
        ],
        [
            -3.352753251367222,
            -2.652428429649802,
            2.0475846115242944,
            -1.0029596168378159,
            -1.9804165331763115,
            1.347337632360009e-05
        ],
        [
            -3.003203716852455,
            -3.1509400401704273,
            0.9026093598392058,
            -1.3869537795535218,
            -1.4599902399526734,
            6.302454991190077e-06
        ]
    ],
    "base_poses": [
        [
            [
                0.1306679979092873,
                -0.6349383053655183,
                0.0
            ],
            [
                -0.0,
                -0.0,
                0.07732853951656256,
                0.9970056654684744
            ]
        ],
        [
            [
                -0.4988328153218817,
                -0.46388904551887633,
                0.0
            ],
            [
                -0.0,
                -0.0,
                0.6749212863631834,
                0.7378897324220373
            ]
        ],
        [
            [
                0.1268585224987232,
                0.5619789929164911,
                0.0
            ],
            [
                -0.0,
                -0.0,
                0.14770158242751796,
                0.9890319724601461
            ]
        ]
    ],
    "difficulty": 0.2618902232173146
}