{
    "target_eff_poses": [
        [
            [
                1.2628874778747559,
                -0.1674892008304596,
                0.10942627489566803
            ],
            [
                -0.6317164301872253,
                0.7332422733306885,
                -0.22116315364837646,
                0.11990419775247574
            ]
        ],
        [
            [
                0.08282309770584106,
                1.1025856733322144,
                0.14476551115512848
            ],
            [
                0.011061727069318295,
                0.7891276478767395,
                0.4487062096595764,
                0.4193064272403717
            ]
        ],
        [
            [
                -0.8688380122184753,
                -0.13703586161136627,
                0.7297616600990295
            ],
            [
                -0.30704861879348755,
                0.17379003763198853,
                0.8023130297660828,
                0.4814685881137848
            ]
        ],
        [
            [
                0.5841331481933594,
                -0.8364306092262268,
                0.6251507997512817
            ],
            [
                -0.4789436161518097,
                -0.10355902463197708,
                0.8558769226074219,
                -0.16541850566864014
            ]
        ]
    ],
    "start_goal_config": [
        null,
        null,
        null,
        null
    ],
    "start_config": [
        [
            -2.742569391595082,
            -2.7901331894642754,
            1.7515043171996714,
            -1.131744602057572,
            -1.2451299825857909,
            -2.646287474517691e-05
        ],
        [
            -4.126015713433031,
            -2.422368050567709,
            1.9465056118599333,
            -1.1720184334989905,
            -2.30374473073679,
            1.6281310464230393e-05
        ],
        [
            -4.811976502666717,
            -0.8678130777649338,
            1.3179856623180946,
            -1.8304330132163802,
            -2.095251673710708,
            3.4279540627069244e-05
        ],
        [
            -3.0873651664858586,
            -1.5358312114246533,
            2.0516845813401203,
            -1.3758549378366793,
            -1.5917456195301578,
            7.279542569861172e-06
        ]
    ],
    "goal_config": [
        [
            -5.443966772486913,
            -1.1248044776045008,
            1.9719774080797832,
            -1.3557643580604535,
            -3.3559578346270116,
            2.402067984005839e-05
        ],
        [
            -1.3086317860836278,
            -0.9152679924927811,
            1.3728999984987489,
            -1.7801777601896192,
            -0.737528541392997,
            -2.572338050240163e-05
        ],
        [
            -3.107750045184027,
            -2.1325584667562585,
            1.278887249933269,
            -1.5667541828794265,
            -1.5962499568296606,
            4.937468094304169e-06
        ],
        [
            -3.076680170702108,
            -2.115587803920836,
            1.475262668255997,
            -1.4770599258992028,
            -1.592825944888755,
            5.974471127732838e-06
        ]
    ],
    "base_poses": [
        [
            [
                0.7893732774444082,
                0.03140658253714412,
                0.0
            ],
            [
                0.0,
                0.0,
                -0.5654972283672499,
                0.8247501953373266
            ]
        ],
        [
            [
                -0.24116814764900507,
                0.46912213610767917,
                0.0
            ],
            [
                0.0,
                0.0,
                0.8708487875278154,
                0.4915510037232494
            ]
        ],
        [
            [
                -0.6823727112139762,
                -0.25151978667972874,
                0.0
            ],
            [
                0.0,
                0.0,
                -0.5181505209274403,
                0.8552894467153341
            ]
        ],
        [
            [
                0.7655458965849697,
                -0.6433154196009734,
                0.0
            ],
            [
                -0.0,
                -0.0,
                0.1686697200841128,
                0.9856726259396408
            ]
        ]
    ],
    "difficulty": 0.5783880372425468,
    "dynamic_speed": null,
    "ur5_count": 4,
    "id": "002150",
    "task_path": "/home/huy/programming/projects/workspace-sharing-multiarm/src/data/8f14d7-hard-vlo-tasks/002150.json"
}