{
    "target_eff_poses": [
        [
            [
                0.8726359009742737,
                -0.6751011610031128,
                0.7616847157478333
            ],
            [
                0.1400812864303589,
                0.287913054227829,
                -0.7063702344894409,
                0.6312878727912903
            ]
        ],
        [
            [
                0.1438041478395462,
                -0.6680201292037964,
                0.5879608988761902
            ],
            [
                -0.08013369143009186,
                0.056007545441389084,
                0.8606947064399719,
                0.49964627623558044
            ]
        ]
    ],
    "start_goal_config": [
        null,
        null
    ],
    "start_config": [
        [
            -3.591078289240461,
            -1.2992162084281487,
            1.624837949194403,
            -1.614457312637356,
            -1.675642583071951,
            1.3105734365554573e-05
        ],
        [
            -3.1085446493764355,
            -2.2240715276931584,
            1.3277520883857472,
            -1.5194058810469442,
            -1.6193033709594544,
            7.205917486919428e-06
        ]
    ],
    "goal_config": [
        [
            -3.7861149469059385,
            -2.101856376924143,
            1.2159180857550984,
            -1.603797831869145,
            -1.9594799370265934,
            3.0414187591462265e-05
        ],
        [
            -3.0124428634254796,
            -3.0418369371625786,
            1.3391566072733132,
            -1.2430650017977118,
            -1.486729088613644,
            -6.343033616825643e-06
        ]
    ],
    "base_poses": [
        [
            [
                0.7642587395253315,
                -0.5125777522881936,
                0.0
            ],
            [
                0.0,
                0.0,
                0.9476949901794982,
                0.3191773889057318
            ]
        ],
        [
            [
                0.11412352891677247,
                -0.3190695080485929,
                0.0
            ],
            [
                0.0,
                0.0,
                -0.591225928767512,
                0.8065059833336593
            ]
        ]
    ],
    "difficulty": 0.2475066151027885
}