{
    "target_eff_poses": [
        [
            [
                0.009263556450605392,
                -0.2460082620382309,
                0.5935893058776855
            ],
            [
                0.03692454472184181,
                0.015361295081675053,
                0.891454815864563,
                -0.4513412415981293
            ]
        ],
        [
            [
                0.48281997442245483,
                0.20274563133716583,
                0.7053554654121399
            ],
            [
                -0.2956846356391907,
                -0.09629761427640915,
                0.9485419392585754,
                0.05971253663301468
            ]
        ],
        [
            [
                -1.2039419412612915,
                0.5948659777641296,
                0.3418920636177063
            ],
            [
                0.7214497923851013,
                0.38056090474128723,
                -0.48608919978141785,
                -0.31368905305862427
            ]
        ],
        [
            [
                -0.1453067660331726,
                1.1309785842895508,
                0.1759776771068573
            ],
            [
                -0.531807541847229,
                0.635789692401886,
                0.4185367226600647,
                0.371186226606369
            ]
        ]
    ],
    "start_goal_config": [
        null,
        null,
        null,
        null
    ],
    "start_config": [
        [
            -3.130253337624511,
            -2.8822568750016098,
            1.0703970661680284,
            -1.4493804984934295,
            -1.3653470295757133,
            -1.2775024975612609e-05
        ],
        [
            -3.181561632813283,
            -2.3352602593636314,
            1.1255891061815342,
            -1.5894376033513773,
            -2.000838908227866,
            3.0486950962013866e-05
        ],
        [
            -5.028385755883147,
            -2.013848339585333,
            2.0408551427551758,
            -1.204891276274961,
            -2.8762744144924213,
            2.777313256461633e-05
        ],
        [
            -4.258781023467233,
            -1.2454248101899297,
            1.6596014776108705,
            -1.6159631023990793,
            -1.8759836052152217,
            2.518861421916498e-05
        ]
    ],
    "goal_config": [
        [
            -3.0140388752743914,
            -3.07210036345112,
            1.164500615432733,
            -1.3139975043834802,
            -1.4964183414594727,
            -4.557678720194213e-06
        ],
        [
            -3.206862782931552,
            -2.469932140148672,
            1.3852594907034854,
            -1.4244796433924276,
            -1.9485468843011615,
            3.0199388372578936e-05
        ],
        [
            -5.248279161296017,
            -1.5490085409850534,
            1.756298997515781,
            -1.4410882713040272,
            -2.6292791280677337,
            2.7614231182043974e-05
        ],
        [
            -2.645507859477962,
            -1.24565698554317,
            1.6693781222764694,
            -1.6110940362163853,
            -1.4220900682464144,
            -5.807318137042387e-06
        ]
    ],
    "base_poses": [
        [
            [
                -0.361846940894848,
                -0.4969373143801306,
                0.0
            ],
            [
                -0.0,
                -0.0,
                0.3594766438143361,
                0.9331540829637841
            ]
        ],
        [
            [
                0.47141964571888706,
                0.2630085166467486,
                0.0
            ],
            [
                -0.0,
                -0.0,
                0.15798134622370438,
                0.987442096654455
            ]
        ],
        [
            [
                -0.7447113045181818,
                0.5503251016633703,
                0.0
            ],
            [
                -0.0,
                -0.0,
                0.8465696528613454,
                0.532277956385779
            ]
        ],
        [
            [
                -0.03237375401073128,
                0.5944804729988218,
                0.0
            ],
            [
                0.0,
                0.0,
                0.8663820837035475,
                -0.4993817027460049
            ]
        ]
    ],
    "difficulty": 0.4135965805007124
}