{
    "target_eff_poses": [
        [
            [
                -1.2924240827560425,
                0.6925032734870911,
                0.30788305401802063
            ],
            [
                -0.6090644001960754,
                -0.23714634776115417,
                0.7049440741539001,
                0.27541983127593994
            ]
        ],
        [
            [
                -0.6514363884925842,
                -0.5206966996192932,
                0.3094141483306885
            ],
            [
                0.7152982950210571,
                -0.3472745716571808,
                -0.4297955334186554,
                -0.4278136193752289
            ]
        ],
        [
            [
                0.10355072468519211,
                -0.3689539432525635,
                0.80743807554245
            ],
            [
                -0.08241607248783112,
                -0.05305507034063339,
                0.941725492477417,
                -0.32178544998168945
            ]
        ],
        [
            [
                -0.73969566822052,
                0.18081773817539215,
                0.25008612871170044
            ],
            [
                0.8851348757743835,
                0.10128818452358246,
                -0.280162513256073,
                -0.35747164487838745
            ]
        ]
    ],
    "start_goal_config": [
        null,
        null,
        null,
        null
    ],
    "start_config": [
        [
            -3.2947393513905805,
            -2.209598381654404,
            1.4438826026842335,
            -1.4675464207720077,
            -1.710273545946071,
            1.2913016172826873e-05
        ],
        [
            -1.594900310099837,
            -1.3961598657692404,
            2.1354996664338346,
            -1.4518391733383393,
            -0.7960031919986991,
            -2.0000041869644885e-05
        ],
        [
            -3.749712876514827,
            -2.374834710172358,
            1.4668924345992616,
            -1.4109594595594124,
            -2.569532178709929,
            3.0962907523209e-05
        ],
        [
            -2.997898556328804,
            -3.0489798882350754,
            1.5262547189578772,
            -1.1431200754501172,
            -1.4088443402194917,
            -1.2200778745639114e-05
        ]
    ],
    "goal_config": [
        [
            -5.100350645472218,
            -0.9713326811176535,
            1.102507627583689,
            -1.848125954536469,
            -2.31455437996645,
            -4.658675241813374e-05
        ],
        [
            -3.0661949347277444,
            -2.743820384716235,
            2.211086851143287,
            -0.7703784051987169,
            -1.9019091010391167,
            -1.166624184911978e-05
        ],
        [
            -2.950596856759616,
            -2.4672423362918363,
            1.0929609297445984,
            -1.57095744910881,
            -1.8135861501299646,
            1.7172789649207697e-05
        ],
        [
            -5.155018074710106,
            -1.6394919586401162,
            2.0385417444342835,
            -1.3419269517301646,
            -2.590777475522091,
            2.301544297871496e-05
        ]
    ],
    "base_poses": [
        [
            [
                -0.55616039362218,
                0.7127568489267737,
                0.0
            ],
            [
                -0.0,
                -0.0,
                0.8298184068085855,
                0.558033522041159
            ]
        ],
        [
            [
                -0.5866897015346546,
                -0.5032267778763839,
                0.0
            ],
            [
                0.0,
                0.0,
                -0.6093470183567565,
                0.792903658220676
            ]
        ],
        [
            [
                -0.0277544729268826,
                -0.4093438531777553,
                0.0
            ],
            [
                -0.0,
                -0.0,
                0.3477379480518804,
                0.9375917659006332
            ]
        ],
        [
            [
                -0.4817651362524005,
                -0.08290460424430035,
                0.0
            ],
            [
                -0.0,
                -0.0,
                0.573409970271142,
                0.8192685798891887
            ]
        ]
    ],
    "difficulty": 0.9476159127245368,
    "dynamic_speed": null
}