{
    "target_eff_poses": [
        [
            [
                -0.13712213933467865,
                -0.10401902347803116,
                0.513276219367981
            ],
            [
                0.16593685746192932,
                0.20797944068908691,
                -0.6724815368652344,
                0.6906360387802124
            ]
        ]
    ],
    "start_goal_config": [
        null
    ],
    "start_config": [
        [
            -3.268635548393008,
            -1.1929422936349343,
            1.0839698346187614,
            -1.8758416900609864,
            -1.5506380439353105,
            1.6461066427682963e-06
        ]
    ],
    "goal_config": [
        [
            -2.8821451253408616,
            -3.1003119189902844,
            1.5830644109087397,
            -1.0857267006329412,
            -1.6694565583747434,
            5.880679681484779e-06
        ]
    ],
    "base_poses": [
        [
            [
                -0.20221413502061714,
                -0.3581871257798202,
                0.0
            ],
            [
                -0.0,
                -0.0,
                0.658122914099965,
                0.7529105059278759
            ]
        ]
    ],
    "difficulty": 0.0,
    "dynamic_speed": null
}