{
    "target_eff_poses": [
        [
            [
                -0.46585142612457275,
                -0.193598210811615,
                0.6332920789718628
            ],
            [
                -0.04725104570388794,
                0.4179500341415405,
                0.02547219581902027,
                0.9068827629089355
            ]
        ]
    ],
    "start_goal_config": [
        null
    ],
    "start_config": [
        [
            -2.014610375474443,
            -1.4978434429221,
            1.8686791073585083,
            -1.4747689793722032,
            -1.2124236755391056,
            -1.7259811241103538e-05
        ]
    ],
    "goal_config": [
        [
            -3.0480514235444,
            -2.452075565675746,
            1.5346401506102838,
            -1.3559148973168944,
            -1.6552976878251273,
            6.400111697605059e-06
        ]
    ],
    "base_poses": [
        [
            [
                -0.5178912318259852,
                -0.30012431661307526,
                0.0
            ],
            [
                0.0,
                0.0,
                0.999722433597073,
                -0.023559621447423584
            ]
        ]
    ],
    "difficulty": 0.0,
    "dynamic_speed": null
}