{
    "target_eff_poses": [
        [
            [
                -0.4642162621021271,
                -0.4643721878528595,
                0.4698139429092407
            ],
            [
                -0.2666696608066559,
                0.5822355151176453,
                -0.04687192663550377,
                0.7666108012199402
            ]
        ],
        [
            [
                0.745059072971344,
                -0.3652540445327759,
                0.7004094123840332
            ],
            [
                -0.11222543567419052,
                -0.2046736180782318,
                0.8967359662055969,
                -0.3760037422180176
            ]
        ]
    ],
    "start_goal_config": [
        null,
        null
    ],
    "start_config": [
        [
            -3.7918935216127596,
            -1.1624318569073477,
            1.3058741282823165,
            -1.7816371157619946,
            -1.7033969540681537,
            1.3656758254661655e-05
        ],
        [
            -4.726257639300016,
            -1.464884109338972,
            1.4814925224918398,
            -1.625239615712514,
            -2.0859059789854935,
            2.0468413410947343e-05
        ]
    ],
    "goal_config": [
        [
            -3.698917789910011,
            -2.483167028136942,
            1.8987953702233036,
            -1.1671762292929018,
            -2.061359877380235,
            1.8301479163016373e-05
        ],
        [
            -2.852505619602319,
            -2.6627867576567326,
            1.369114793307952,
            -1.376709856558727,
            -2.243056559730869,
            3.097495625454805e-05
        ]
    ],
    "base_poses": [
        [
            [
                -0.544659654625262,
                -0.5467796386045001,
                0.0
            ],
            [
                0.0,
                0.0,
                0.8947678433718226,
                -0.44653164106000104
            ]
        ],
        [
            [
                0.702809625169939,
                -0.49786549891954607,
                0.0
            ],
            [
                -0.0,
                -0.0,
                0.5552176064038836,
                0.8317051217463688
            ]
        ]
    ],
    "difficulty": 0.09835603569751057,
    "dynamic_speed": null
}