{
    "target_eff_poses": [
        [
            [
                0.23703600466251373,
                0.6202995777130127,
                0.2040252834558487
            ],
            [
                -0.21414849162101746,
                0.5950888395309448,
                0.1474139243364334,
                0.7604464888572693
            ]
        ],
        [
            [
                0.5009574890136719,
                -0.5596516132354736,
                0.6949046850204468
            ],
            [
                -0.07613818347454071,
                0.4333958625793457,
                -0.4032285809516907,
                0.8023576140403748
            ]
        ],
        [
            [
                -0.8299011588096619,
                -0.6510050892829895,
                0.8037635684013367
            ],
            [
                -0.16488394141197205,
                0.0656922459602356,
                0.7476605176925659,
                0.639923095703125
            ]
        ]
    ],
    "start_goal_config": [
        null,
        null,
        null
    ],
    "start_config": [
        [
            -3.3043922715420777,
            -2.6295802951154252,
            1.9418686946529293,
            -1.0836268144767338,
            -1.9315563152257436,
            -7.265958892466298e-06
        ],
        [
            -2.7605504205455738,
            -2.988516989913998,
            1.5376229084543829,
            -1.1705019921520368,
            -1.9883094814916895,
            -2.7626894426286124e-05
        ],
        [
            -3.891787730925602,
            -1.9562434497862906,
            1.7804379255782692,
            -1.3782335293056294,
            -1.8505747300153543,
            3.1185660320892685e-05
        ]
    ],
    "goal_config": [
        [
            -3.9907161895883823,
            -0.7994895132051087,
            1.0125032566036425,
            -1.9851850305178078,
            -1.7247531401646836,
            1.1209899381883705e-05
        ],
        [
            -4.57469175074008,
            -1.8921385386857148,
            1.275190414197173,
            -1.613351763273458,
            -2.210411162522166,
            3.5652155666495987e-05
        ],
        [
            -3.14837944423767,
            -2.3504015414795094,
            1.1429311818777113,
            -1.5772466033079329,
            -1.8996196141060262,
            2.1088269289370983e-05
        ]
    ],
    "base_poses": [
        [
            [
                -0.4031059535077285,
                0.13543134887683372,
                0.0
            ],
            [
                0.0,
                0.0,
                -0.7693192011256509,
                0.6388645918967416
            ]
        ],
        [
            [
                0.18117472861712347,
                -0.4965616334857359,
                0.0
            ],
            [
                0.0,
                0.0,
                -0.8415367350113434,
                0.5401998922865944
            ]
        ],
        [
            [
                -0.775569628740454,
                -0.6100007381820117,
                0.0
            ],
            [
                0.0,
                0.0,
                -0.5142242388215705,
                0.8576557772255583
            ]
        ]
    ],
    "difficulty": 0.33217993079584773
}