{
    "target_eff_poses": [
        [
            [
                0.645232081413269,
                0.7354550361633301,
                0.42682284116744995
            ],
            [
                -0.42558202147483826,
                0.575074315071106,
                0.18953411281108856,
                0.6724925637245178
            ]
        ],
        [
            [
                0.29088515043258667,
                0.6935316324234009,
                0.80103600025177
            ],
            [
                0.07858148962259293,
                0.1735130101442337,
                -0.6689015626907349,
                0.7185325026512146
            ]
        ]
    ],
    "start_goal_config": [
        null,
        null
    ],
    "start_config": [
        [
            -4.415711814511611,
            -1.3061163987896842,
            1.1898593579573846,
            -1.793327819131931,
            -1.912854835963882,
            2.648168250058183e-05
        ],
        [
            -2.8579448515199752,
            -2.6274172373788827,
            1.2889969783580955,
            -1.425010997053523,
            -2.033591737895415,
            -1.3289593133725732e-06
        ]
    ],
    "goal_config": [
        [
            -3.979551245002731,
            -2.100761900970367,
            1.8568564402657641,
            -1.303223469467687,
            -1.9331843417495826,
            1.0376913387746292e-05
        ],
        [
            -3.186502111182425,
            -2.3332433629385454,
            1.1521535260886124,
            -1.5771976446500577,
            -1.8952338988054163,
            2.015288696393633e-05
        ]
    ],
    "base_poses": [
        [
            [
                0.5373935948514341,
                0.49321764012393343,
                0.0
            ],
            [
                0.0,
                0.0,
                -0.6410807399625321,
                0.76747344243895
            ]
        ],
        [
            [
                0.22642761424548885,
                0.6721704395849579,
                0.0
            ],
            [
                -0.0,
                -0.0,
                0.8446067009740257,
                0.5353872623342589
            ]
        ]
    ],
    "difficulty": 0.3907999185833503
}