{
    "target_eff_poses": [
        [
            [
                -0.5954241752624512,
                0.415372759103775,
                0.19517137110233307
            ],
            [
                -0.5852226614952087,
                0.45142343640327454,
                0.6734968423843384,
                0.011544682085514069
            ]
        ],
        [
            [
                -0.32039016485214233,
                -0.7465176582336426,
                0.5547525882720947
            ],
            [
                -0.3413877785205841,
                0.2027210295200348,
                0.3503490686416626,
                0.8483006954193115
            ]
        ]
    ],
    "start_goal_config": [
        null,
        null
    ],
    "start_config": [
        [
            -5.314669499580593,
            -1.567088360906416,
            1.5371465636129789,
            -1.4274285825543491,
            -2.951397508979994,
            -9.393905805049583e-05
        ],
        [
            -3.044617316627699,
            -2.8674643162220015,
            1.8440109732794077,
            -1.0509527437459696,
            -1.9938400684180977,
            1.4093126889705876e-05
        ]
    ],
    "goal_config": [
        [
            -1.5147825661659966,
            -0.9593806547845816,
            1.2955692078624061,
            -1.8142966267276996,
            -0.930899905444783,
            -2.9260977080892653e-05
        ],
        [
            -2.9540946017743455,
            -2.8699742801586767,
            1.6906769171895486,
            -1.1456989008683924,
            -2.214088468664794,
            2.5032967271727426e-05
        ]
    ],
    "base_poses": [
        [
            [
                0.06711605435243029,
                0.12501158114231337,
                0.0
            ],
            [
                0.0,
                0.0,
                0.9129704230997849,
                -0.408025742502847
            ]
        ],
        [
            [
                -0.27236721327409996,
                -0.6326934486381179,
                0.0
            ],
            [
                0.0,
                0.0,
                -0.8141310779663853,
                0.5806811413239554
            ]
        ]
    ],
    "difficulty": 0.3296341578105897,
    "dynamic_speed": null,
    "ur5_count": 2,
    "id": "002245",
    "task_path": "/home/hqh2101/workspace-sharing-multiarm/src/data/8f14d7-hard-vlo-tasks/002245.json"
}