{
    "target_eff_poses": [
        [
            [
                -0.2981473207473755,
                -0.5552582740783691,
                0.33702489733695984
            ],
            [
                0.06922706961631775,
                0.7950825691223145,
                0.08026423305273056,
                0.597167432308197
            ]
        ],
        [
            [
                -0.39473363757133484,
                0.5129771828651428,
                0.4544754922389984
            ],
            [
                -0.503670334815979,
                -0.19123467803001404,
                0.8388075232505798,
                0.07840652763843536
            ]
        ],
        [
            [
                0.07064717262983322,
                0.2427511215209961,
                0.12607932090759277
            ],
            [
                -0.21306738257408142,
                0.7726372480392456,
                0.18290679156780243,
                0.5693672895431519
            ]
        ],
        [
            [
                0.5214362740516663,
                -0.6266019344329834,
                0.4925835430622101
            ],
            [
                -0.4750933051109314,
                0.5220897793769836,
                -0.1825893372297287,
                0.6843754649162292
            ]
        ]
    ],
    "start_goal_config": [
        null,
        null,
        null,
        null
    ],
    "start_config": [
        [
            -2.5795479574190856,
            -2.9646628402390873,
            1.4885205161704556,
            -1.220450545503625,
            -2.4187475026616716,
            4.7092473713479897e-17
        ],
        [
            -2.530845328133444,
            -1.1193790081191266,
            1.161153695108177,
            -1.8533420210543818,
            -1.3539030711219582,
            -1.0012938974539349e-05
        ],
        [
            -3.0129647266995194,
            -2.593482558700723,
            1.4057817334903027,
            -1.3773875690856874,
            -1.804124981501608,
            -5.593773756120143e-10
        ],
        [
            -2.898310952007999,
            -2.8249687670109407,
            1.5746080199865162,
            -1.2165968485893626,
            -1.95568128730415,
            3.075010070292901e-05
        ]
    ],
    "goal_config": [
        [
            -2.3365659664548266,
            -2.1224675764468226,
            2.036083770588417,
            -1.2069666246803952,
            -1.3503413012542076,
            -8.460894156219582e-06
        ],
        [
            -3.057710981679515,
            -2.9023293883542083,
            1.8986753545332244,
            -1.0000267919430608,
            -2.026868622010858,
            3.11206801644212e-09
        ],
        [
            -3.124849372129812,
            -1.0205129439946867,
            1.4797757383345547,
            -1.7413310034718228,
            -1.5290425550545432,
            -4.503421075079268e-08
        ],
        [
            -5.024833418813126,
            -1.9014898693382065,
            1.7182444267637385,
            -1.3909407378914518,
            -2.569824121719753,
            3.22054893209392e-05
        ]
    ],
    "base_poses": [
        [
            [
                -0.5157983143533722,
                -0.7031687448545612,
                0.0
            ],
            [
                0.0,
                0.0,
                0.928983735694045,
                0.37012054633043084
            ]
        ],
        [
            [
                -0.47341466726841797,
                0.5450703531967287,
                0.0
            ],
            [
                -0.0,
                -0.0,
                0.09275877528938083,
                0.9956886107648385
            ]
        ],
        [
            [
                -0.39156430327742414,
                -0.19698588635296554,
                0.0
            ],
            [
                0.0,
                0.0,
                0.9606165080615042,
                -0.2778775349676939
            ]
        ],
        [
            [
                0.21711649212065676,
                -0.7839110704006821,
                0.0
            ],
            [
                0.0,
                0.0,
                -0.38053754867555767,
                0.9247654697532762
            ]
        ]
    ],
    "difficulty": 0.5023407286790149
}