{
    "target_eff_poses": [
        [
            [
                0.04945465549826622,
                -0.5753329992294312,
                0.464150995016098
            ],
            [
                -0.6292348504066467,
                0.0465574786067009,
                0.7550172209739685,
                -0.17845141887664795
            ]
        ],
        [
            [
                0.8005639910697937,
                0.6571186780929565,
                0.5195004343986511
            ],
            [
                -0.40921512246131897,
                -0.38923022150993347,
                0.8043545484542847,
                -0.1845446228981018
            ]
        ]
    ],
    "start_goal_config": [
        null,
        null
    ],
    "start_config": [
        [
            -2.070024441018334,
            -1.5634252146229268,
            1.6870122556610472,
            -1.5248754186583888,
            -1.2413029853977176,
            -1.6446686117978203e-05
        ],
        [
            -3.0612723572043414,
            -2.2637333534689534,
            1.8674744577967526,
            -1.2447802969679445,
            -1.6468011359228256,
            7.907449695155195e-06
        ]
    ],
    "goal_config": [
        [
            -2.443935481415181,
            -2.5175379503279274,
            1.8949874958624802,
            -1.1534706059916013,
            -1.2648429443594407,
            -1.3430303411921007e-05
        ],
        [
            -3.557737359474612,
            -2.5636406415123267,
            1.810945621028604,
            -1.1885940318170676,
            -2.1056482323620966,
            2.200737967741848e-05
        ]
    ],
    "base_poses": [
        [
            [
                0.1166343049765256,
                -0.41443149357714887,
                0.0
            ],
            [
                0.0,
                0.0,
                -0.2664574041968015,
                0.9638466951485087
            ]
        ],
        [
            [
                0.7973980249808539,
                0.73001838397172,
                0.0
            ],
            [
                -0.0,
                -0.0,
                0.6450078603253545,
                0.7641759353175863
            ]
        ]
    ],
    "difficulty": 0.06686729991535785,
    "dynamic_speed": null
}