{
    "target_eff_poses": [
        [
            [
                0.11549326032400131,
                0.4065135419368744,
                0.3015172779560089
            ],
            [
                0.03504689037799835,
                0.8132559061050415,
                -0.14942045509815216,
                0.561302125453949
            ]
        ]
    ],
    "start_goal_config": [
        null
    ],
    "start_config": [
        [
            -3.4965570592444153,
            -2.4065384105762626,
            1.3868515523663836,
            -1.4415076812716823,
            -2.3286530231143248,
            3.151989028785957e-05
        ]
    ],
    "goal_config": [
        [
            -2.9661836713159144,
            -2.643883514247212,
            2.2229252686789924,
            -0.8185845853904692,
            -1.7878960089871618,
            6.053155322399241e-06
        ]
    ],
    "base_poses": [
        [
            [
                0.05997315639650791,
                0.33885725198869565,
                0.0
            ],
            [
                0.0,
                0.0,
                0.9714993427076033,
                0.23704224753974723
            ]
        ]
    ],
    "difficulty": 0.0,
    "dynamic_speed": null
}