{
    "target_eff_poses": [
        [
            [
                0.21191856265068054,
                0.20801998674869537,
                0.1965322643518448
            ],
            [
                -0.13299933075904846,
                0.8649708032608032,
                0.1430826187133789,
                0.462238073348999
            ]
        ],
        [
            [
                -0.1969660073518753,
                -0.45085111260414124,
                0.8311755061149597
            ],
            [
                0.04817918688058853,
                0.12982255220413208,
                -0.44654107093811035,
                0.8839830160140991
            ]
        ]
    ],
    "start_goal_config": [
        null,
        null
    ],
    "start_config": [
        [
            -3.062645841329889,
            -3.047661102729572,
            1.3227788862745975,
            -1.249285369355022,
            -1.400055433382897,
            -1.2487163211458638e-05
        ],
        [
            -5.374110972907598,
            -1.353281853003883,
            1.532403912547039,
            -1.485767864517726,
            -2.8679010830529106,
            -7.037854751888559e-05
        ]
    ],
    "goal_config": [
        [
            -2.5557081597997846,
            -1.5320443637765393,
            1.9468406625047028,
            -1.4249528754191796,
            -1.4231766082642563,
            -3.1691946928858375e-06
        ],
        [
            -3.084090363826969,
            -2.3029292551940324,
            1.0679925904049181,
            -1.6288137739430701,
            -1.6832027411267645,
            3.1717698262416495e-06
        ]
    ],
    "base_poses": [
        [
            [
                -0.0801945344285212,
                -0.07672220001499386,
                0.0
            ],
            [
                0.0,
                0.0,
                0.9977852856043692,
                0.06651709427964646
            ]
        ],
        [
            [
                -0.263160711862083,
                -0.5185474407707971,
                0.0
            ],
            [
                0.0,
                0.0,
                0.9046220995209334,
                0.4262145669241472
            ]
        ]
    ],
    "difficulty": 0.5941552339785755
}