{
    "target_eff_poses": [
        [
            [
                0.6450819969177246,
                -0.4393339455127716,
                0.24017180502414703
            ],
            [
                -0.07846678793430328,
                0.8479511141777039,
                -0.15204960107803345,
                0.5016999244689941
            ]
        ],
        [
            [
                0.0851677656173706,
                0.24517162144184113,
                0.27463439106941223
            ],
            [
                -0.16737940907478333,
                0.8078067898750305,
                -0.17263489961624146,
                0.5381722450256348
            ]
        ]
    ],
    "start_goal_config": [
        null,
        null
    ],
    "start_config": [
        [
            -2.019996521190521,
            -2.2238383276749047,
            1.8933004667859579,
            -1.2542273282935237,
            -1.065739340176639,
            -1.7780830412517113e-05
        ],
        [
            -3.480085393646053,
            -1.3126942041084118,
            1.2422626357088722,
            -1.7772943308329072,
            -1.6235304580439223,
            7.648157742135623e-06
        ]
    ],
    "goal_config": [
        [
            -4.332830149215392,
            -1.5923065345207195,
            1.9132914010907829,
            -1.4246049957238036,
            -1.9573269715312154,
            2.8912285484377685e-05
        ],
        [
            -4.650074195663137,
            -1.5816510961752321,
            1.8389023637067121,
            -1.458547314367538,
            -2.0855083698371732,
            2.838747331449201e-05
        ]
    ],
    "base_poses": [
        [
            [
                0.24765849100628867,
                -0.41934920240213,
                0.0
            ],
            [
                0.0,
                0.0,
                0.8801416744930556,
                -0.47471110458947585
            ]
        ],
        [
            [
                -0.33936484998752303,
                0.24496450169303907,
                0.0
            ],
            [
                0.0,
                0.0,
                -0.764065839469503,
                0.6451382742914605
            ]
        ]
    ],
    "difficulty": 0.2926737515282611,
    "dynamic_speed": null
}