{
    "target_eff_poses": [
        [
            [
                0.5952356457710266,
                0.6294237971305847,
                0.8178291320800781
            ],
            [
                -0.010720825754106045,
                0.1642506718635559,
                -0.2951900362968445,
                0.941153347492218
            ]
        ],
        [
            [
                -0.1537299007177353,
                0.0889882892370224,
                0.5220093131065369
            ],
            [
                0.16078272461891174,
                0.5049853920936584,
                -0.3288712203502655,
                0.781653642654419
            ]
        ],
        [
            [
                -0.652628481388092,
                -0.15991413593292236,
                0.44198688864707947
            ],
            [
                -0.5480253100395203,
                0.27127957344055176,
                0.5195770263671875,
                0.5967541337013245
            ]
        ],
        [
            [
                -0.2892710268497467,
                -0.7045257687568665,
                0.7312983870506287
            ],
            [
                -0.3565182387828827,
                -0.0819968581199646,
                0.8865861892700195,
                -0.28308358788490295
            ]
        ]
    ],
    "start_goal_config": [
        null,
        null,
        null,
        null
    ],
    "start_config": [
        [
            -3.189925564882541,
            -1.975192517428588,
            1.3668665339249857,
            -1.5641954286985,
            -1.6088478129167059,
            9.06502225840147e-06
        ],
        [
            -5.437641143907472,
            -0.9900176733402688,
            1.5471450808689746,
            -1.511301634287946,
            -3.0327620708403313,
            5.318234478839655e-05
        ],
        [
            -2.290683934537769,
            -1.8584505329356515,
            1.7448055463665173,
            -1.4213458529830545,
            -1.3275628295855442,
            -3.589260170026268e-08
        ],
        [
            -3.6816664469043814,
            -2.831891261455873,
            2.141273597850634,
            -0.9116239666805702,
            -2.525706502135873,
            1.2027532924650441e-05
        ]
    ],
    "goal_config": [
        [
            -3.1818944672684335,
            -2.3181558717477286,
            1.1096586908478194,
            -1.6023790252022492,
            -1.9399782795126146,
            2.7488928286161008e-05
        ],
        [
            -3.610484826962465,
            -1.3939926277794614,
            1.1641373912981776,
            -1.7946205105727144,
            -1.6608130500722411,
            8.612797485899408e-06
        ],
        [
            -3.2167405834870055,
            -2.739079480171197,
            1.949213360298598,
            -1.035833198747645,
            -1.9655693977222508,
            1.5837074446550886e-09
        ],
        [
            -2.9156146530754565,
            -1.9273898033343029,
            1.1932882618394,
            -1.6584495277884315,
            -1.4877958105989226,
            1.3165134919624712e-06
        ]
    ],
    "base_poses": [
        [
            [
                0.5848410401416737,
                0.5678980016039512,
                0.0
            ],
            [
                0.0,
                0.0,
                0.995085148525789,
                0.09902296290966288
            ]
        ],
        [
            [
                -0.6722504884700057,
                0.4033821315196755,
                0.0
            ],
            [
                0.0,
                0.0,
                0.9929518184486315,
                0.11851871683222008
            ]
        ],
        [
            [
                -0.593653529549264,
                -0.15160424064225153,
                0.0
            ],
            [
                0.0,
                0.0,
                -0.5805976241319587,
                0.814190640361534
            ]
        ],
        [
            [
                -0.09048706776021676,
                -0.44726339286009265,
                0.0
            ],
            [
                -0.0,
                -0.0,
                0.1539604536597622,
                0.9880770105153142
            ]
        ]
    ],
    "difficulty": 0.42112762059841236
}