{
    "target_eff_poses": [
        [
            [
                -0.2706328332424164,
                0.10995083302259445,
                0.5979483723640442
            ],
            [
                -0.4913017153739929,
                0.17291122674942017,
                0.8451846837997437,
                0.11994674056768417
            ]
        ]
    ],
    "start_goal_config": [
        null
    ],
    "start_config": [
        [
            -2.6803327353804214,
            -2.7809149561351654,
            0.9742232019362325,
            -1.5322184348639352,
            -1.968863023075768,
            2.5851562741716605e-05
        ]
    ],
    "goal_config": [
        [
            -2.5707864697772003,
            -2.1684167748458725,
            1.549674544761987,
            -1.4271753456925598,
            -1.3733621943208572,
            -8.143870921165855e-06
        ]
    ],
    "base_poses": [
        [
            [
                -0.010778375065141232,
                0.12662530737336597,
                0.0
            ],
            [
                0.0,
                0.0,
                -0.5012986506490307,
                0.8652743280933863
            ]
        ]
    ],
    "difficulty": 0.0
}