{
    "target_eff_poses": [
        [
            [
                0.14469121396541595,
                0.9494559168815613,
                0.6193574666976929
            ],
            [
                -0.0703275129199028,
                -0.1669616550207138,
                -0.7793223261833191,
                0.5998620986938477
            ]
        ],
        [
            [
                0.9701359272003174,
                -0.6690824031829834,
                0.1519652009010315
            ],
            [
                0.2431989312171936,
                0.8852517604827881,
                -0.24730412662029266,
                0.30987784266471863
            ]
        ]
    ],
    "start_goal_config": [
        null,
        null
    ],
    "start_config": [
        [
            -3.173363395828118,
            -1.9267423427422792,
            1.571988166103429,
            -1.4807841023754071,
            -1.6101941999537988,
            1.0435540263154776e-05
        ],
        [
            -1.5207936200714334,
            -1.8289805943339994,
            1.5763683546528184,
            -1.4666741098424922,
            -0.6540243205232739,
            -2.1384661377305966e-05
        ]
    ],
    "goal_config": [
        [
            -2.6616171393417187,
            -3.0103263966084604,
            0.9481713360774721,
            -1.4438019546829248,
            -2.086986514530962,
            -2.7777910426913612e-05
        ],
        [
            -4.292712209415976,
            -1.5221217571878847,
            2.086570503719653,
            -1.379764977768482,
            -1.9762355315636009,
            1.7592317558273535e-05
        ]
    ],
    "base_poses": [
        [
            [
                0.2372589952212114,
                0.42110763051873135,
                0.0
            ],
            [
                -0.0,
                -0.0,
                0.6242054366093396,
                0.7812602465935047
            ]
        ],
        [
            [
                0.7238105640792505,
                -0.42898537065185655,
                0.0
            ],
            [
                0.0,
                0.0,
                0.9945202958509725,
                -0.10454368053830022
            ]
        ]
    ],
    "difficulty": 0.1331162222674537
}