{
    "target_eff_poses": [
        [
            [
                -0.5687794089317322,
                -0.9155018329620361,
                0.5647765398025513
            ],
            [
                -0.07790589332580566,
                0.16872872412204742,
                0.4113670587539673,
                0.8923219442367554
            ]
        ],
        [
            [
                -0.30660226941108704,
                -0.38867244124412537,
                0.3967525362968445
            ],
            [
                -0.5634344816207886,
                0.3313882648944855,
                0.7512483596801758,
                0.09137457609176636
            ]
        ],
        [
            [
                -0.5259430408477783,
                0.17537185549736023,
                0.6363645195960999
            ],
            [
                -0.35878658294677734,
                0.13786247372627258,
                0.6926704049110413,
                0.6103063225746155
            ]
        ]
    ],
    "start_goal_config": [
        null,
        null,
        null
    ],
    "start_config": [
        [
            -1.6745945352780733,
            -2.124210735278212,
            2.026832197961638,
            -1.2258025337004057,
            -0.7268540205840317,
            -4.161721841280452e-05
        ],
        [
            -3.0057746708582336,
            -2.2713815815112546,
            2.1041506755769697,
            -1.1053442257153145,
            -1.6639423585010589,
            5.0839072809745606e-18
        ],
        [
            -1.664752229998033,
            -1.8354345758789783,
            2.007967845658667,
            -1.3266468949953814,
            -0.9314453746257633,
            9.939968276037501e-06
        ]
    ],
    "goal_config": [
        [
            -2.948670586865154,
            -3.0407880695621023,
            1.456535048165988,
            -1.183473232329774,
            -1.5713864099644108,
            8.445700606738962e-08
        ],
        [
            -2.462679541477577,
            -2.814328654286909,
            2.036930704807463,
            -0.9393628888826965,
            -1.1601658267975892,
            -2.2794571786026217e-17
        ],
        [
            -3.1725305620585513,
            -2.5684042307044024,
            1.5371448228151652,
            -1.3213014863424912,
            -1.9262117933447631,
            -2.1431409992214682e-06
        ]
    ],
    "base_poses": [
        [
            [
                -0.3089241014970647,
                -0.7789496223717658,
                0.0
            ],
            [
                0.0,
                0.0,
                0.944145713213699,
                -0.3295282570891238
            ]
        ],
        [
            [
                -0.2182409768169301,
                -0.2535096991239233,
                0.0
            ],
            [
                0.0,
                0.0,
                -0.6176944616234892,
                0.7864181788842803
            ]
        ],
        [
            [
                -0.47047215249127333,
                0.20721806256330533,
                0.0
            ],
            [
                0.0,
                0.0,
                -0.5047510988553283,
                0.8632649235341018
            ]
        ]
    ],
    "difficulty": 0.879620050785291,
    "dynamic_speed": null
}