{
    "target_eff_poses": [
        [
            [
                -0.43153470754623413,
                -0.7825407385826111,
                0.6823391914367676
            ],
            [
                -0.210725337266922,
                -0.30549970269203186,
                0.8428307175636292,
                -0.3897450268268585
            ]
        ],
        [
            [
                -0.45346325635910034,
                0.3559751808643341,
                0.26012375950813293
            ],
            [
                -0.28702056407928467,
                0.8272285461425781,
                0.34145164489746094,
                0.3416474461555481
            ]
        ]
    ],
    "start_goal_config": [
        null,
        null
    ],
    "start_config": [
        [
            -4.387747013486349,
            -2.303892628490808,
            2.4426356697773626,
            -0.9037661376699228,
            -2.5996164139134295,
            8.707364675497807e-06
        ],
        [
            -1.463634614139085,
            -1.2848492942898682,
            1.4820817668068962,
            -1.66271246864219,
            -0.8914667066790498,
            -2.4515606961011906e-05
        ]
    ],
    "goal_config": [
        [
            -3.446852647359283,
            -2.4346988049537814,
            1.4549284040406216,
            -1.4013622412102085,
            -2.104651686179094,
            2.8460536129668443e-05
        ],
        [
            -2.016215431127761,
            -2.119598231858108,
            2.2273336475869723,
            -1.1159419243852213,
            -1.1196588866886668,
            -7.529989784579416e-06
        ]
    ],
    "base_poses": [
        [
            [
                -0.4668229289195056,
                -0.7341208600638611,
                0.0
            ],
            [
                -0.0,
                -0.0,
                0.753059620031552,
                0.6579522844993658
            ]
        ],
        [
            [
                -0.3854285512955711,
                0.11630928408099661,
                0.0
            ],
            [
                0.0,
                0.0,
                0.999995032877355,
                0.0031518598664394978
            ]
        ]
    ],
    "difficulty": 0.3128465369796072,
    "dynamic_speed": null,
    "ur5_count": 2,
    "id": "002368",
    "task_path": "/home/hqh2101/workspace-sharing-multiarm/src/data/8f14d7-hard-vlo-tasks/002368.json"
}