{
    "target_eff_poses": [
        [
            [
                -0.41215094923973083,
                0.8097942471504211,
                0.3130403161048889
            ],
            [
                -0.41390421986579895,
                0.6778551340103149,
                0.11287243664264679,
                0.5970390439033508
            ]
        ],
        [
            [
                0.06644785404205322,
                0.8466159105300903,
                0.22090093791484833
            ],
            [
                0.7388699054718018,
                -0.21279212832450867,
                -0.6035073399543762,
                -0.21111534535884857
            ]
        ],
        [
            [
                0.03559624403715134,
                0.05741794779896736,
                0.622907817363739
            ],
            [
                -0.06789868324995041,
                0.45420223474502563,
                0.22861820459365845,
                0.8583844304084778
            ]
        ],
        [
            [
                -0.29984429478645325,
                0.2956951856613159,
                0.45647165179252625
            ],
            [
                -0.3894546926021576,
                -0.3139097988605499,
                0.824523389339447,
                -0.2644748091697693
            ]
        ]
    ],
    "start_goal_config": [
        null,
        null,
        null,
        null
    ],
    "start_config": [
        [
            -4.147881547614063,
            -1.0648904928592096,
            1.39852330368567,
            -1.7635697789084432,
            -1.8114898596307394,
            -1.9238560973938324e-06
        ],
        [
            -1.7048973768730948,
            -1.2413678681759408,
            1.408327551367481,
            -1.7119392781027114,
            -1.0577463037497963,
            -2.2038468627560993e-05
        ],
        [
            -4.174657150650335,
            -2.0298796301889177,
            1.2162548114772087,
            -1.6167515269868007,
            -2.1308083999968854,
            5.8969611090172345e-05
        ],
        [
            -3.1548403122575674,
            -2.6204278581277256,
            1.5489203600195436,
            -1.3003879964720735,
            -2.04871270899666,
            -1.2603353004882202e-08
        ]
    ],
    "goal_config": [
        [
            -3.140792284883684,
            -2.7152872243907207,
            2.208835858721105,
            -0.7996534394255598,
            -1.9321291563061187,
            8.190396130188877e-06
        ],
        [
            -3.461297131689582,
            -1.191696550225254,
            1.4977892324455422,
            -1.6934412925511098,
            -1.6268954819041543,
            9.055561942640956e-06
        ],
        [
            -2.8568994588197714,
            -1.5593776892771536,
            1.140738534408369,
            -1.7686521907656878,
            -1.4588935485055434,
            -1.586496176854305e-06
        ],
        [
            -2.94442449195605,
            -2.96412787703185,
            1.8613067565998156,
            -0.9910740266954825,
            -1.9388131461561944,
            1.236099227218501e-05
        ]
    ],
    "base_poses": [
        [
            [
                -0.38133742239831286,
                0.7524635535661914,
                0.0
            ],
            [
                0.0,
                0.0,
                0.9333650447043315,
                -0.3589285351209643
            ]
        ],
        [
            [
                0.6153397576769357,
                0.582193102763382,
                0.0
            ],
            [
                0.0,
                0.0,
                -0.14805571363143055,
                0.9889790218508621
            ]
        ],
        [
            [
                -0.38798178494386093,
                -0.26078475304447657,
                0.0
            ],
            [
                0.0,
                0.0,
                0.9980789494020185,
                -0.061954909091718455
            ]
        ],
        [
            [
                -0.4062644442642352,
                0.24744939202214478,
                0.0
            ],
            [
                -0.0,
                -0.0,
                0.3855655248613201,
                0.9226804571672766
            ]
        ]
    ],
    "difficulty": 0.9394338380513496
}