{
    "target_eff_poses": [
        [
            [
                0.28198254108428955,
                0.17288078367710114,
                0.2133181393146515
            ],
            [
                0.13481354713439941,
                0.8047107458114624,
                0.1567513793706894,
                0.5565024614334106
            ]
        ]
    ],
    "start_goal_config": [
        null
    ],
    "start_config": [
        [
            -4.80013677658829,
            -1.6052986169498276,
            2.3004255894703767,
            -1.2975152284397997,
            -2.4284462001780494,
            2.125531997014588e-05
        ]
    ],
    "goal_config": [
        [
            -1.843478479244636,
            -1.2957490428525662,
            1.6676869253156124,
            -1.6048638984662806,
            -1.1302564734878924,
            -2.4009369758901462e-05
        ]
    ],
    "base_poses": [
        [
            [
                -0.2282387120757502,
                -0.04828082617580054,
                0.0
            ],
            [
                -0.0,
                -0.0,
                0.828269808742734,
                0.5603294780084972
            ]
        ]
    ],
    "difficulty": 0.0
}