{
    "target_eff_poses": [
        [
            [
                1.1870336532592773,
                0.38159477710723877,
                0.4244638979434967
            ],
            [
                0.1194019690155983,
                0.6453203558921814,
                0.159017413854599,
                0.737575888633728
            ]
        ],
        [
            [
                0.2896311283111572,
                -0.08771216869354248,
                0.5106757879257202
            ],
            [
                0.25458893179893494,
                0.299121618270874,
                -0.4570741653442383,
                0.7979937195777893
            ]
        ],
        [
            [
                0.6372400522232056,
                -0.057496577501297,
                0.33826127648353577
            ],
            [
                0.3166728615760803,
                0.6254974603652954,
                -0.3652113974094391,
                0.6124475002288818
            ]
        ]
    ],
    "start_goal_config": [
        null,
        null,
        null
    ],
    "start_config": [
        [
            -2.532257576505717,
            -1.539543490234201,
            1.7189426158086525,
            -1.5157381274491415,
            -1.4075071100656484,
            -5.101612925917713e-06
        ],
        [
            -3.456320281275484,
            -2.2584490006715074,
            1.3254431879181294,
            -1.511657867388728,
            -1.8702014544676395,
            2.1275254230084866e-05
        ],
        [
            -2.5372828771816986,
            -2.346848763122292,
            1.6221204642595723,
            -1.3434483068802214,
            -1.2986781637881835,
            -1.8578869440572842e-05
        ]
    ],
    "goal_config": [
        [
            -1.9514544095137474,
            -1.4594226217832365,
            1.411895323746709,
            -1.6623183108747324,
            -1.1754916716288655,
            -1.8037489509055842e-05
        ],
        [
            -2.8822457235790635,
            -2.9623285737017184,
            1.7093142643836308,
            -1.0812368027653179,
            -1.3858150546173202,
            -1.0267619873068033e-17
        ],
        [
            -3.4908528704164246,
            -1.345116849561902,
            1.4397199501273406,
            -1.6823428386063148,
            -1.6398476126417316,
            -6.670226739614486e-08
        ]
    ],
    "base_poses": [
        [
            [
                0.6425376755023771,
                0.2063181833900123,
                0.0
            ],
            [
                -0.0,
                -0.0,
                0.8362519667656617,
                0.5483453729909304
            ]
        ],
        [
            [
                0.21147069615869984,
                -0.263462108421213,
                0.0
            ],
            [
                -0.0,
                -0.0,
                0.7368969708637642,
                0.6760050697530371
            ]
        ],
        [
            [
                0.2410325584236377,
                0.3810032700944237,
                0.0
            ],
            [
                0.0,
                0.0,
                0.9465113639349475,
                0.3226704788821024
            ]
        ]
    ],
    "difficulty": 0.7331891281858366,
    "dynamic_speed": null
}