{
    "target_eff_poses": [
        [
            [
                0.8345117568969727,
                0.46963852643966675,
                0.2406681925058365
            ],
            [
                -0.16008439660072327,
                0.6232563257217407,
                0.10073789209127426,
                0.7587993144989014
            ]
        ],
        [
            [
                0.9850746393203735,
                -0.21706688404083252,
                0.3118889033794403
            ],
            [
                0.20640712976455688,
                0.7732028365135193,
                -0.28422123193740845,
                0.5279883146286011
            ]
        ],
        [
            [
                -0.6836922764778137,
                -0.09814584255218506,
                0.22587759792804718
            ],
            [
                0.19415204226970673,
                0.8203100562095642,
                -0.532804012298584,
                0.07427261024713516
            ]
        ]
    ],
    "start_goal_config": [
        null,
        null,
        null
    ],
    "start_config": [
        [
            -2.4614932271519567,
            -3.056742221298605,
            1.387048266331509,
            -1.2305187182526762,
            -2.456546515905788,
            3.520855311905771e-05
        ],
        [
            -4.356645501066839,
            -1.5041791670088085,
            2.242777570157546,
            -1.3365689844742181,
            -2.0722274656276363,
            1.6285179926996703e-05
        ],
        [
            -3.0567268533406398,
            -2.467040370925383,
            1.2596256301637745,
            -1.486892297393177,
            -1.7978174270627245,
            1.4184349794041192e-05
        ]
    ],
    "goal_config": [
        [
            -3.8362043562547203,
            -0.9073443803046173,
            1.0931087161032929,
            -1.929264728223255,
            -1.6902269891460868,
            9.161496034979143e-06
        ],
        [
            -3.856542145748102,
            -1.7193365112392647,
            1.8461454584377337,
            -1.4128805246956258,
            -1.803752428264038,
            5.573840386564124e-08
        ],
        [
            -5.351843341602768,
            -1.1215421295635055,
            1.5515172657017935,
            -1.5660343049846026,
            -2.7706878825070924,
            -4.2032280715428936e-05
        ]
    ],
    "base_poses": [
        [
            [
                0.16226681222563888,
                0.09747704896887832,
                0.0
            ],
            [
                0.0,
                0.0,
                -0.8582158781600632,
                0.5132889113101425
            ]
        ],
        [
            [
                0.6529342584276785,
                -0.013357943000179562,
                0.0
            ],
            [
                0.0,
                0.0,
                0.9998025796640384,
                0.019869617438040624
            ]
        ],
        [
            [
                -0.6148016588111176,
                0.5051735689268317,
                0.0
            ],
            [
                0.0,
                0.0,
                0.9630283490746683,
                -0.2694000721575977
            ]
        ]
    ],
    "difficulty": 0.8174550926361328,
    "dynamic_speed": null
}