{
    "target_eff_poses": [
        [
            [
                -0.3761741816997528,
                1.0805153846740723,
                0.5838828682899475
            ],
            [
                -0.12195131182670593,
                -0.118013896048069,
                -0.534835159778595,
                0.8277390599250793
            ]
        ],
        [
            [
                -0.34323030710220337,
                -1.1076163053512573,
                0.2886362671852112
            ],
            [
                0.7213919162750244,
                0.17970013618469238,
                -0.5199360847473145,
                0.42067572474479675
            ]
        ],
        [
            [
                0.651731014251709,
                0.255224347114563,
                0.6087043285369873
            ],
            [
                -0.11834803223609924,
                -0.09824445098638535,
                0.8758431077003479,
                0.45742830634117126
            ]
        ]
    ],
    "start_goal_config": [
        null,
        null,
        null
    ],
    "start_config": [
        [
            -2.9480450308567656,
            -2.5666995808895092,
            1.3362493181569024,
            -1.4192513166934997,
            -1.2680663163985457,
            -2.1938880145198286e-05
        ],
        [
            -3.655194518336433,
            -2.383498263536941,
            1.920397049943317,
            -1.1841017014691835,
            -1.947237875579218,
            2.0470821732054254e-05
        ],
        [
            -5.390968659544636,
            -1.500199936749972,
            2.058718717058585,
            -1.2349192196776646,
            -3.1024046905455265,
            2.4457062559440758e-05
        ]
    ],
    "goal_config": [
        [
            -3.0891690853670126,
            -3.086787565772158,
            0.9933641663001702,
            -1.3892316391789008,
            -1.3426129396668247,
            1.2946083756485794e-05
        ],
        [
            -1.8499043781312157,
            -1.2830553378168577,
            1.4907871441692908,
            -1.6729225063188822,
            -1.1346727054882713,
            -2.711199259197504e-05
        ],
        [
            -2.477877524197141,
            -3.017923083127076,
            1.4337298983307152,
            -1.2485174017510845,
            -2.7449882985450067,
            3.3612537535921146e-05
        ]
    ],
    "base_poses": [
        [
            [
                -0.4087652695822575,
                0.5312701949280465,
                0.0
            ],
            [
                -0.0,
                -0.0,
                0.7557738319678732,
                0.6548327381191299
            ]
        ],
        [
            [
                -0.12114629627266837,
                -0.5409212614933359,
                0.0
            ],
            [
                0.0,
                0.0,
                -0.182629006917093,
                0.9831818986497242
            ]
        ],
        [
            [
                0.3114093233788111,
                0.17111975786364653,
                0.0
            ],
            [
                0.0,
                0.0,
                -0.22414592989061835,
                0.9745555921103065
            ]
        ]
    ],
    "difficulty": 0.5560989372707609,
    "dynamic_speed": null
}