{
    "target_eff_poses": [
        [
            [
                -0.5636501908302307,
                -0.8709657192230225,
                0.06405853480100632
            ],
            [
                0.8700557947158813,
                0.45902177691459656,
                -0.1660330593585968,
                0.06881115585565567
            ]
        ],
        [
            [
                -0.02005589008331299,
                -0.6269218325614929,
                0.5271556377410889
            ],
            [
                -0.4459816515445709,
                -0.017300056293606758,
                0.7507852911949158,
                0.4869523048400879
            ]
        ],
        [
            [
                -0.08539924025535583,
                1.2578166723251343,
                0.5141066908836365
            ],
            [
                -0.27952325344085693,
                0.4609440565109253,
                0.6887926459312439,
                0.4847288131713867
            ]
        ],
        [
            [
                0.3524061143398285,
                -0.42051962018013,
                0.3118945360183716
            ],
            [
                -0.4685914218425751,
                0.7019328474998474,
                0.530791163444519,
                0.07728620618581772
            ]
        ]
    ],
    "start_goal_config": [
        null,
        null,
        null,
        null
    ],
    "start_config": [
        [
            -5.162098947210648,
            -1.8693634721908206,
            2.1609943152742743,
            -1.1870792257410154,
            -2.8728419238905367,
            3.772574093041078e-06
        ],
        [
            -2.9680946946566853,
            -1.4308142631374876,
            1.1093555051796935,
            -1.812336529966094,
            -1.4835721034775304,
            -1.0591279471236545e-06
        ],
        [
            -2.2102032555065216,
            -0.8093205550007371,
            1.045991983479882,
            -1.9633839222380307,
            -1.2388898749300958,
            -1.689714963001294e-05
        ],
        [
            -4.2344503070777595,
            -1.9577265761019902,
            1.6898265892194604,
            -1.4197582378508915,
            -1.9746263042206644,
            3.2765444268307014e-05
        ]
    ],
    "goal_config": [
        [
            -3.1724311508347314,
            -1.461405716619396,
            2.3863825093063666,
            -1.286394052117272,
            -1.6633467829729491,
            7.942118283743678e-06
        ],
        [
            -3.034835641732631,
            -2.8677934235198848,
            1.7596868343591985,
            -1.1081816349005473,
            -2.184965159725707,
            2.2430262181349622e-05
        ],
        [
            -1.9592339985581346,
            -1.349540766701774,
            1.1472169815317597,
            -1.800579373043777,
            -1.1583429377664904,
            -2.367389957802904e-05
        ],
        [
            -1.5323222765862454,
            -1.885234849677195,
            2.0451676781337644,
            -1.2922246039859402,
            -0.733224344293266,
            -1.5599427023085994e-05
        ]
    ],
    "base_poses": [
        [
            [
                -0.5140164477917926,
                -0.6589676122735277,
                0.0
            ],
            [
                -0.0,
                -0.0,
                0.4391121915700881,
                0.8984322362952669
            ]
        ],
        [
            [
                -0.0838290986129886,
                -0.5491575707277261,
                0.0
            ],
            [
                0.0,
                0.0,
                -0.31615448469673685,
                0.9487077220124968
            ]
        ],
        [
            [
                0.03373318882384346,
                0.6349172256049769,
                0.0
            ],
            [
                0.0,
                0.0,
                0.9872027901012935,
                -0.1594699069298699
            ]
        ],
        [
            [
                0.669027733794225,
                -0.6071563460296295,
                0.0
            ],
            [
                0.0,
                0.0,
                0.9795110118902953,
                -0.20139060947732804
            ]
        ]
    ],
    "difficulty": 0.9287727870700996,
    "dynamic_speed": null
}