{
    "target_eff_poses": [
        [
            [
                0.3592172861099243,
                0.3640827238559723,
                0.7320467829704285
            ],
            [
                -0.04830119386315346,
                0.3299201428890228,
                -0.19553469121456146,
                0.9222721457481384
            ]
        ],
        [
            [
                1.0777291059494019,
                -0.4039742648601532,
                0.706224262714386
            ],
            [
                0.15799416601657867,
                0.36151647567749023,
                -0.40878739953041077,
                0.8229438066482544
            ]
        ],
        [
            [
                0.22615894675254822,
                -0.3655936121940613,
                0.0803103893995285
            ],
            [
                0.8068323731422424,
                -0.5485653281211853,
                -0.122573621571064,
                -0.18186068534851074
            ]
        ]
    ],
    "start_goal_config": [
        null,
        null,
        null
    ],
    "start_config": [
        [
            -4.147771748170959,
            -1.4225301986064987,
            2.2298668763621996,
            -1.3623829179542686,
            -1.9685542215235774,
            1.6837085474987766e-05
        ],
        [
            -3.2544741041331884,
            -2.0741390162824334,
            2.195299333359872,
            -1.1224358749648933,
            -1.7376271820597904,
            8.630626229122678e-07
        ],
        [
            -3.1581986915874642,
            -2.367900963095166,
            1.1594033113101212,
            -1.5637562240729297,
            -2.0061577918488513,
            2.7473140063933212e-05
        ]
    ],
    "goal_config": [
        [
            -3.5129635252684293,
            -2.260345978886858,
            1.3148140616734396,
            -1.5161563933911963,
            -1.9251174065601664,
            2.6818680799489466e-05
        ],
        [
            -3.3108280683998683,
            -1.8197475521256785,
            1.1801362727696847,
            -1.6908605179220264,
            -1.619822283520542,
            8.994554051456919e-06
        ],
        [
            -3.943071713495297,
            -1.4921825023898336,
            2.344695392447453,
            -1.2947236348985156,
            -1.9513901047102395,
            1.7416051941984118e-05
        ]
    ],
    "base_poses": [
        [
            [
                0.24185264389460892,
                0.3073712930408403,
                0.0
            ],
            [
                0.0,
                0.0,
                0.9881761537537407,
                -0.15332282658646593
            ]
        ],
        [
            [
                0.762500744405769,
                -0.18798102922666204,
                0.0
            ],
            [
                0.0,
                0.0,
                0.9387188044780987,
                0.3446839220491854
            ]
        ],
        [
            [
                0.28612308768686545,
                -0.5887663035834747,
                0.0
            ],
            [
                0.0,
                0.0,
                -0.3771006124402612,
                0.9261722993575114
            ]
        ]
    ],
    "difficulty": 0.4401926860709682
}