{
    "target_eff_poses": [
        [
            [
                0.030658340081572533,
                -0.21526536345481873,
                0.17098848521709442
            ],
            [
                0.707111656665802,
                0.16117937862873077,
                -0.4656163454055786,
                0.507164716720581
            ]
        ]
    ],
    "start_goal_config": [
        null
    ],
    "start_config": [
        [
            -3.060144265200187,
            -2.6292775628606635,
            1.6010639347862492,
            -1.2691122876199223,
            -1.7950838417601473,
            1.9727751102527013e-05
        ]
    ],
    "goal_config": [
        [
            -1.5730426587347002,
            -0.8754677345338188,
            1.2206553596742817,
            -1.8639744725928713,
            -0.9668256810640399,
            -2.5419900311062815e-05
        ]
    ],
    "base_poses": [
        [
            [
                0.23375966660226344,
                0.5097390382647744,
                0.0
            ],
            [
                0.0,
                0.0,
                -0.2553289710701908,
                0.9668542374795891
            ]
        ]
    ],
    "difficulty": 0.0,
    "dynamic_speed": null,
    "ur5_count": 1,
    "id": "002427",
    "task_path": "/home/huy/programming/projects/workspace-sharing-multiarm/src/data/8f14d7-hard-vlo-tasks/002427.json"
}