{
    "target_eff_poses": [
        [
            [
                -0.7287721633911133,
                -0.6906872987747192,
                0.19506758451461792
            ],
            [
                0.9152466654777527,
                0.02247522957623005,
                -0.38819077610969543,
                -0.10548163950443268
            ]
        ],
        [
            [
                -0.4932851195335388,
                0.39846956729888916,
                0.39790523052215576
            ],
            [
                -0.361959308385849,
                0.6060279607772827,
                0.10094994306564331,
                0.7010881900787354
            ]
        ],
        [
            [
                0.6336016654968262,
                0.10035936534404755,
                0.5953198075294495
            ],
            [
                -0.43062692880630493,
                -0.35015639662742615,
                0.831436276435852,
                0.02578202448785305
            ]
        ],
        [
            [
                -0.6378739476203918,
                -0.1353382021188736,
                0.3681594133377075
            ],
            [
                0.6799781322479248,
                -0.30712899565696716,
                -0.6404684782028198,
                -0.18193860352039337
            ]
        ]
    ],
    "start_goal_config": [
        null,
        null,
        null,
        null
    ],
    "start_config": [
        [
            -2.617598310380327,
            -1.3611336707419457,
            1.0844919943426221,
            -1.837130052445486,
            -1.3799513639311263,
            -7.507056067455573e-06
        ],
        [
            -3.9343469812708673,
            -1.6193749902587018,
            1.1301558754923555,
            -1.7582675812565136,
            -1.7872496465218013,
            1.9170472850228063e-05
        ],
        [
            -5.04487202686369,
            -1.6335210012156416,
            1.5280849451062266,
            -1.5395767199740895,
            -2.3843008505242693,
            3.600514958471763e-05
        ],
        [
            -2.751768262410776,
            -2.9097055492053903,
            2.1371747832485726,
            -0.7189083951478271,
            -1.681950089065325,
            5.989572945284487e-18
        ]
    ],
    "goal_config": [
        [
            -3.767327516476107,
            -1.8039522982738303,
            2.201367490111339,
            -1.2253982993957497,
            -1.8606698112259927,
            -2.0686225590309957e-06
        ],
        [
            -3.433380041142987,
            -2.5702977298340537,
            2.0394460493561604,
            -1.0433756399567804,
            -1.966194952933143,
            1.217954214562853e-07
        ],
        [
            -4.389279008476575,
            -2.174351193309905,
            1.6074187733696246,
            -1.3978627873297,
            -2.284501230059558,
            2.893713988517019e-05
        ],
        [
            -2.5576259746988765,
            -1.7213558592759015,
            1.7282364353600317,
            -1.4640328254636876,
            -1.4233314031567879,
            -1.3761465884862846e-05
        ]
    ],
    "base_poses": [
        [
            [
                -0.4698451666659569,
                -0.680132470880777,
                0.0
            ],
            [
                -0.0,
                -0.0,
                0.19129544583372926,
                0.9815325019597032
            ]
        ],
        [
            [
                -0.5149590933666955,
                0.3048285833286708,
                0.0
            ],
            [
                0.0,
                0.0,
                0.8839276407582337,
                -0.46762370117818347
            ]
        ],
        [
            [
                0.7897812649079035,
                0.24975868591059247,
                0.0
            ],
            [
                -0.0,
                -0.0,
                0.8132431796498942,
                0.5819239905287718
            ]
        ],
        [
            [
                -0.24340486646512216,
                -0.3004663719414268,
                0.0
            ],
            [
                0.0,
                0.0,
                -0.5992011817968638,
                0.8005984909636301
            ]
        ]
    ],
    "difficulty": 0.9178030659268316,
    "dynamic_speed": null
}