{
    "target_eff_poses": [
        [
            [
                -0.7462682723999023,
                -0.34489697217941284,
                0.4102005362510681
            ],
            [
                -0.36662057042121887,
                -0.5448659658432007,
                0.7323320508003235,
                -0.18000058829784393
            ]
        ],
        [
            [
                0.4546968638896942,
                1.1892637014389038,
                0.30699294805526733
            ],
            [
                -0.1807175576686859,
                0.7121371030807495,
                0.36805692315101624,
                0.5698562264442444
            ]
        ]
    ],
    "start_goal_config": [
        null,
        null
    ],
    "start_config": [
        [
            -3.214955098193263,
            -2.793027353564952,
            1.2851199030219984,
            -1.3782423621365056,
            -0.8462405099030538,
            -3.169278476186012e-05
        ],
        [
            -5.191457428715934,
            -1.541636447152423,
            1.5957535548127755,
            -1.5114550821837969,
            -2.535927644486366,
            2.8425645311829204e-05
        ]
    ],
    "goal_config": [
        [
            -5.0561552764655815,
            -1.276798781246852,
            1.28552038964989,
            -1.7173500434624718,
            -2.3083023138560996,
            3.616468479503192e-05
        ],
        [
            -2.1095233431024747,
            -1.3345648789618412,
            1.5011015523297473,
            -1.6576464974714384,
            -1.2458485290125034,
            -1.633243997638806e-05
        ]
    ],
    "base_poses": [
        [
            [
                -0.5525411825066538,
                0.2469471864187427,
                0.0
            ],
            [
                0.0,
                0.0,
                0.9999930167578615,
                0.003737169451799853
            ]
        ],
        [
            [
                0.17644124739724454,
                0.6685708233487562,
                0.0
            ],
            [
                0.0,
                0.0,
                0.994487755049908,
                0.1048527780070427
            ]
        ]
    ],
    "difficulty": 0.32220445781999435
}