{
    "target_eff_poses": [
        [
            [
                0.04169640317559242,
                0.4043135643005371,
                0.78085857629776
            ],
            [
                -0.1401294320821762,
                -0.2460905760526657,
                0.9080638885498047,
                -0.30858248472213745
            ]
        ]
    ],
    "start_goal_config": [
        null
    ],
    "start_config": [
        [
            -5.2245986839037135,
            -1.47394237777865,
            1.6693146889786203,
            -1.4986179946797704,
            -2.5610426924506844,
            3.057189902891769e-05
        ]
    ],
    "goal_config": [
        [
            -3.7007302024002495,
            -2.2416311998640452,
            1.231694647378937,
            -1.557394353826481,
            -2.29641826907377,
            3.4422024284412795e-05
        ]
    ],
    "base_poses": [
        [
            [
                0.033865679277421235,
                0.4847533075999737,
                0.0
            ],
            [
                -0.0,
                -0.0,
                0.8248658518441584,
                0.5653285119834404
            ]
        ]
    ],
    "difficulty": 0.0,
    "dynamic_speed": null,
    "ur5_count": 1,
    "id": "002569",
    "task_path": "/home/huy/programming/projects/workspace-sharing-multiarm/src/data/8f14d7-hard-vlo-tasks/002569.json"
}