{
    "target_eff_poses": [
        [
            [
                -0.19210927188396454,
                0.46777090430259705,
                0.15682367980480194
            ],
            [
                0.903272807598114,
                0.16699548065662384,
                -0.3385521173477173,
                -0.2039443701505661
            ]
        ],
        [
            [
                0.22537842392921448,
                -0.6574776768684387,
                0.5516222715377808
            ],
            [
                -0.5026401281356812,
                0.17577263712882996,
                0.8456687927246094,
                0.03607339784502983
            ]
        ],
        [
            [
                -0.5579060316085815,
                -0.25402703881263733,
                0.7370293140411377
            ],
            [
                -0.18667635321617126,
                0.27874088287353516,
                -0.18065738677978516,
                0.9245638847351074
            ]
        ],
        [
            [
                -0.025594916194677353,
                0.9697293043136597,
                0.4244198501110077
            ],
            [
                -0.45283570885658264,
                0.5524556040763855,
                0.2918553948402405,
                0.6360448598861694
            ]
        ]
    ],
    "start_goal_config": [
        null,
        null,
        null,
        null
    ],
    "start_config": [
        [
            -3.050795849569335,
            -2.6353696025486815,
            1.2050219471695567,
            -1.4650835106840652,
            -1.429645644339212,
            1.039219787788635e-05
        ],
        [
            -3.577594505242629,
            -2.2612962909514795,
            1.4749659110548239,
            -1.4392501389570944,
            -1.885641746040877,
            2.789103746617719e-05
        ],
        [
            -3.004973117738355,
            -2.3673333861546744,
            1.1969220176241009,
            -1.5458522090144062,
            -1.537028308863479,
            -1.3576765467163809e-06
        ],
        [
            -2.9727777472865164,
            -3.114508424641281,
            1.5055745689936093,
            -1.1198094800094545,
            -1.4874451947449852,
            1.2411995928636613e-06
        ]
    ],
    "goal_config": [
        [
            -4.879134105970177,
            -1.482638248274118,
            2.0779175568187385,
            -1.4079109031143449,
            -2.2957772462920505,
            2.371046015366719e-05
        ],
        [
            -2.5485767502805072,
            -2.4696764968909926,
            1.7136493275694304,
            -1.2624829457640976,
            -1.277009090758372,
            -2.5877470796647645e-05
        ],
        [
            -3.645840190607527,
            -2.336101970856913,
            1.3537934326259857,
            -1.4750366147354748,
            -2.3539009674902003,
            3.5062603175247146e-05
        ],
        [
            -3.7680481218076687,
            -2.016655924109257,
            1.8126295954223053,
            -1.3462316100057128,
            -1.8272240481980087,
            7.193590834266054e-06
        ]
    ],
    "base_poses": [
        [
            [
                0.15672540312497563,
                0.36123893580116606,
                0.0
            ],
            [
                -0.0,
                -0.0,
                0.635841309048795,
                0.7718198168660317
            ]
        ],
        [
            [
                0.3651303502159271,
                -0.5551324000211063,
                0.0
            ],
            [
                0.0,
                0.0,
                -0.4671282942178347,
                0.8841895479709857
            ]
        ],
        [
            [
                -0.6014547117996815,
                -0.2912037540738034,
                0.0
            ],
            [
                0.0,
                0.0,
                0.9001361259123623,
                -0.43560871757516956
            ]
        ],
        [
            [
                -0.08557338844131657,
                0.6731001353741561,
                0.0
            ],
            [
                0.0,
                0.0,
                -0.6435703831846469,
                0.7653869360575517
            ]
        ]
    ],
    "difficulty": 0.8616571052384088,
    "dynamic_speed": null
}