{
    "target_eff_poses": [
        [
            [
                -0.7214906811714172,
                0.40063002705574036,
                0.49016159772872925
            ],
            [
                -0.5444662570953369,
                0.33730608224868774,
                0.6116569638252258,
                0.4643886983394623
            ]
        ],
        [
            [
                0.40182042121887207,
                -0.16310961544513702,
                0.60699063539505
            ],
            [
                0.10651099681854248,
                0.4866221845149994,
                -0.6896965503692627,
                0.5255218744277954
            ]
        ],
        [
            [
                -0.03826986253261566,
                -0.8326771259307861,
                0.5844154357910156
            ],
            [
                -0.3488779664039612,
                -0.4311832785606384,
                0.7467487454414368,
                -0.36705780029296875
            ]
        ]
    ],
    "start_goal_config": [
        null,
        null,
        null
    ],
    "start_config": [
        [
            -3.0656911487774443,
            -2.831758905796836,
            1.8985464023075738,
            -1.0282222287415024,
            -1.92621080299737,
            1.9729687377504708e-17
        ],
        [
            -1.7738316019844,
            -2.117075205620817,
            2.6584327902346825,
            -0.930750815942343,
            -0.27393869411482874,
            9.237289256892937e-06
        ],
        [
            -2.3792368462531566,
            -2.3683035312387735,
            1.711156086146287,
            -1.29509414514165,
            -1.190913793005584,
            -4.782455069340513e-07
        ]
    ],
    "goal_config": [
        [
            -3.1964405565681586,
            -2.161157478333034,
            1.7458647141579196,
            -1.3360429042283062,
            -1.665534157645707,
            1.0385720794571197e-05
        ],
        [
            -3.821032393447883,
            -2.4246038547960027,
            1.642412971420892,
            -1.3164725691294277,
            -2.275012862260998,
            2.932291145233641e-05
        ],
        [
            -4.226183998186451,
            -2.002154343001888,
            1.5206390025243672,
            -1.4841791415472192,
            -2.0044736086158075,
            3.864283446303906e-05
        ]
    ],
    "base_poses": [
        [
            [
                -0.5454883252314385,
                0.21256015184234678,
                0.0
            ],
            [
                0.0,
                0.0,
                -0.5434869010609692,
                0.8394176483581605
            ]
        ],
        [
            [
                0.341375478950138,
                -0.09245734909506997,
                0.0
            ],
            [
                0.0,
                0.0,
                0.974154450019646,
                0.22588295089917929
            ]
        ],
        [
            [
                -0.024380899240225018,
                -0.5254171033620845,
                0.0
            ],
            [
                0.0,
                0.0,
                0.9377185222078349,
                0.3473959889065419
            ]
        ]
    ],
    "difficulty": 0.4008413053802836
}