{
    "target_eff_poses": [
        [
            [
                -0.6408002376556396,
                0.2911936342716217,
                0.5415876507759094
            ],
            [
                -0.34787604212760925,
                -0.3167833983898163,
                0.8793205618858337,
                -0.07366092503070831
            ]
        ],
        [
            [
                0.5436330437660217,
                -0.49350205063819885,
                0.3132117688655853
            ],
            [
                -0.36666446924209595,
                0.6740497350692749,
                0.13490082323551178,
                0.6269097924232483
            ]
        ],
        [
            [
                0.5355708599090576,
                0.13553950190544128,
                0.5288729071617126
            ],
            [
                -0.09555431455373764,
                0.5312986373901367,
                0.16767846047878265,
                0.8249091506004333
            ]
        ]
    ],
    "start_goal_config": [
        null,
        null,
        null
    ],
    "start_config": [
        [
            -3.0476638457725946,
            -2.290263825799662,
            1.9472367631139689,
            -1.1933621286514808,
            -1.657105625254016,
            7.665677372212973e-06
        ],
        [
            -2.055868352118545,
            -1.9017203834525513,
            1.8028810940467268,
            -1.3856086143193453,
            -1.216509044312564,
            -1.4635023181127236e-05
        ],
        [
            -2.8102343510391012,
            -2.050839548638571,
            1.1560103830737853,
            -1.6463483264211647,
            -1.4159230493067898,
            -5.29098064247844e-06
        ]
    ],
    "goal_config": [
        [
            -3.1900495053353253,
            -2.7766722264599926,
            1.7597178836336314,
            -1.1449124773225923,
            -2.2258844064528893,
            2.0819694423594936e-05
        ],
        [
            -2.9193315064350167,
            -2.874965792405155,
            2.178575714980447,
            -0.6958862624681373,
            -1.857047469087865,
            4.140230508109468e-06
        ],
        [
            -3.169188348181954,
            -1.464583478306864,
            1.2180153304985497,
            -1.754569870176317,
            -1.548209254050033,
            3.0919360827622147e-06
        ]
    ],
    "base_poses": [
        [
            [
                -0.6999502903926715,
                0.271522514330623,
                0.0
            ],
            [
                -0.0,
                -0.0,
                0.42172961552190663,
                0.9067216394195877
            ]
        ],
        [
            [
                0.6197240531625512,
                -0.5236178823956865,
                0.0
            ],
            [
                0.0,
                0.0,
                0.9703916673051972,
                -0.24153677157865525
            ]
        ],
        [
            [
                0.05134279606521519,
                -0.17764238451401337,
                0.0
            ],
            [
                0.0,
                0.0,
                0.9794576850020827,
                -0.20164980359613735
            ]
        ]
    ],
    "difficulty": 0.7318677189026682,
    "dynamic_speed": null
}