{
    "target_eff_poses": [
        [
            [
                0.21804837882518768,
                0.995065450668335,
                0.18481215834617615
            ],
            [
                -0.5167896151542664,
                0.7736116051673889,
                0.11845649033784866,
                0.34701818227767944
            ]
        ],
        [
            [
                -0.14925028383731842,
                0.2649762034416199,
                0.2656071186065674
            ],
            [
                0.0628494843840599,
                0.8593779802322388,
                0.16423918306827545,
                0.4801509976387024
            ]
        ]
    ],
    "start_goal_config": [
        null,
        null
    ],
    "start_config": [
        [
            -4.578851147045265,
            -1.609443860345967,
            1.6406463650770937,
            -1.5286521751913118,
            -2.035910276962289,
            3.1839569074400726e-05
        ],
        [
            -4.50303749913438,
            -1.7859858804319433,
            1.5582719651172166,
            -1.519144788262576,
            -2.0402397345337513,
            3.1126302918757975e-05
        ]
    ],
    "goal_config": [
        [
            -3.565730554593557,
            -1.868935638664617,
            2.277073084810037,
            -1.1590045494658137,
            -1.830760540907776,
            2.276858304099509e-05
        ],
        [
            -2.001631171251434,
            -1.9247166164022478,
            2.1085642474727053,
            -1.2483197736610825,
            -1.1682175978812686,
            -1.2404918762174672e-05
        ]
    ],
    "base_poses": [
        [
            [
                0.15190273231093632,
                0.7839003980069974,
                0.0
            ],
            [
                0.0,
                0.0,
                -0.7831806354951893,
                0.6217942522935955
            ]
        ],
        [
            [
                -0.3631287489940027,
                0.04336562955520962,
                0.0
            ],
            [
                0.0,
                0.0,
                0.904027011581258,
                0.4274753353486724
            ]
        ]
    ],
    "difficulty": 0.282798833819242,
    "dynamic_speed": null,
    "ur5_count": 2,
    "id": "002629",
    "task_path": "/home/hqh2101/workspace-sharing-multiarm/src/data/8f14d7-hard-vlo-tasks/002629.json"
}