{
    "target_eff_poses": [
        [
            [
                -0.06327693164348602,
                -0.6100754141807556,
                0.7182227969169617
            ],
            [
                -0.3694346845149994,
                -0.0191132053732872,
                0.8672195076942444,
                0.3332912027835846
            ]
        ],
        [
            [
                -0.2781197726726532,
                -0.041253164410591125,
                0.16471955180168152
            ],
            [
                0.6123539209365845,
                0.4636889696121216,
                -0.4271194338798523,
                0.4770579934120178
            ]
        ],
        [
            [
                -1.0301584005355835,
                0.6484066247940063,
                0.724626898765564
            ],
            [
                -0.3513951897621155,
                0.12399770319461823,
                0.8680080771446228,
                0.3281888961791992
            ]
        ],
        [
            [
                -0.21787093579769135,
                -0.184010311961174,
                0.3822339177131653
            ],
            [
                -0.6788201332092285,
                0.36274439096450806,
                0.279221773147583,
                0.574155867099762
            ]
        ]
    ],
    "start_goal_config": [
        null,
        null,
        null,
        null
    ],
    "start_config": [
        [
            -5.008569544982285,
            -1.217158323116156,
            1.8030630987695944,
            -1.5681264966104878,
            -2.3131096874542765,
            2.3544194004750257e-05
        ],
        [
            -4.7908230819467095,
            -1.740485136820747,
            2.3404051470317544,
            -1.2252297480813585,
            -2.5036266703940733,
            1.1109730722417362e-06
        ],
        [
            -4.6398576925160135,
            -2.2467563565035817,
            1.9791521476102445,
            -1.2065788233253165,
            -2.645736308199536,
            9.408523835776941e-06
        ],
        [
            -3.971844048601464,
            -1.452023637700654,
            2.215731429596956,
            -1.3502470227657577,
            -1.8960210705148657,
            -7.755010228457946e-08
        ]
    ],
    "goal_config": [
        [
            -3.7460858344794565,
            -2.1973034396831173,
            1.335681343333962,
            -1.5220911183058359,
            -1.9894362211687724,
            3.328854719236108e-05
        ],
        [
            -2.582862363503026,
            -1.0266132108300325,
            1.4066252292861339,
            -1.7698492123437346,
            -1.3783338860501697,
            -1.1697050150532593e-05
        ],
        [
            -3.1607093625689697,
            -1.986574259099979,
            1.2337015991967233,
            -1.6250329949641722,
            -1.593053056406243,
            7.104998542924835e-06
        ],
        [
            -4.691941744871238,
            -1.9114687689276468,
            1.8772531331177176,
            -1.3507538610661967,
            -2.198183739059495,
            -2.289756357706218e-06
        ]
    ],
    "base_poses": [
        [
            [
                0.10399006573309477,
                -0.6053934680982529,
                0.0
            ],
            [
                -0.0,
                -0.0,
                0.1441507017187172,
                0.989555746380163
            ]
        ],
        [
            [
                -0.35799773149349207,
                0.6219728270918261,
                0.0
            ],
            [
                -0.0,
                -0.0,
                0.44839577993877844,
                0.8938351215593928
            ]
        ],
        [
            [
                -0.7522740884392951,
                0.5530230069144257,
                0.0
            ],
            [
                0.0,
                0.0,
                -0.3342342816472284,
                0.9424900238049002
            ]
        ],
        [
            [
                -0.1973940429655181,
                -0.5086216264422309,
                0.0
            ],
            [
                0.0,
                0.0,
                -0.029283564045713122,
                0.9995711444798617
            ]
        ]
    ],
    "difficulty": 0.820479098168154
}