{
    "target_eff_poses": [
        [
            [
                0.6504348516464233,
                -0.5056470036506653,
                0.8088811039924622
            ],
            [
                -0.05298583582043648,
                0.21875877678394318,
                0.0029230162035673857,
                0.9743348956108093
            ]
        ],
        [
            [
                0.4426180124282837,
                -0.3501089811325073,
                0.4021870493888855
            ],
            [
                -0.5554127097129822,
                -0.468320369720459,
                0.6871504187583923,
                0.004139620810747147
            ]
        ],
        [
            [
                -0.07874321937561035,
                0.6943761110305786,
                0.3157041668891907
            ],
            [
                -0.5064674019813538,
                0.6429338455200195,
                0.2768360674381256,
                0.5034765005111694
            ]
        ]
    ],
    "start_goal_config": [
        null,
        null,
        null
    ],
    "start_config": [
        [
            -4.900239362815138,
            -0.9606286075364249,
            1.3796397840910049,
            -1.7805629069610023,
            -2.1610348617028894,
            3.3826439012574894e-05
        ],
        [
            -3.2792615606020394,
            -2.3546612718907114,
            1.306211395837031,
            -1.495227877843669,
            -1.869901059554817,
            1.9644817066958607e-05
        ],
        [
            -3.1524728611172446,
            -2.6788522325476523,
            1.9619787209110762,
            -1.0475200197813017,
            -1.8584753065598418,
            1.5955373401805372e-05
        ]
    ],
    "goal_config": [
        [
            -3.351222717913898,
            -2.1790880482583317,
            1.1233833111102847,
            -1.6318265738702753,
            -1.8054470724301919,
            8.14037036384505e-06
        ],
        [
            -4.96460746660962,
            -1.5827913623578975,
            1.6030616002309566,
            -1.5354061340065968,
            -2.277348739809043,
            2.576025687904638e-05
        ],
        [
            -3.1860109461836204,
            -2.250849995994847,
            2.1259492888403004,
            -1.0992449586519513,
            -1.7352873703912761,
            1.356317787966785e-05
        ]
    ],
    "base_poses": [
        [
            [
                0.5667896095905998,
                -0.6074407296989854,
                0.0
            ],
            [
                0.0,
                0.0,
                0.9747625673467374,
                -0.22324412041439592
            ]
        ],
        [
            [
                0.7925718342748984,
                -0.026393440226350373,
                0.0
            ],
            [
                0.0,
                0.0,
                0.9517133567204406,
                0.3069880887590126
            ]
        ],
        [
            [
                -0.06315733330480777,
                0.5059729776686401,
                0.0
            ],
            [
                0.0,
                0.0,
                -0.8212537169352544,
                0.5705631712790697
            ]
        ]
    ],
    "difficulty": 0.6208972068089909,
    "dynamic_speed": null,
    "ur5_count": 3,
    "id": "002658",
    "task_path": "/home/hqh2101/workspace-sharing-multiarm/src/data/8f14d7-hard-vlo-tasks/002658.json"
}