{
    "target_eff_poses": [
        [
            [
                0.626711905002594,
                -0.6276620626449585,
                0.44783973693847656
            ],
            [
                -0.40492135286331177,
                0.09240961074829102,
                0.7847645878791809,
                0.4600474238395691
            ]
        ],
        [
            [
                0.6534138321876526,
                -0.018567537888884544,
                0.2530422806739807
            ],
            [
                0.4149772524833679,
                0.7849513292312622,
                0.24702230095863342,
                0.3881046772003174
            ]
        ]
    ],
    "start_goal_config": [
        null,
        null
    ],
    "start_config": [
        [
            -3.382309899504678,
            -2.344200986263527,
            1.2990445993363655,
            -1.5014164930183203,
            -1.9904777357928762,
            9.507282626863364e-07
        ],
        [
            -5.197994198824073,
            -0.8103767044988364,
            1.085491429332054,
            -1.8605038883500526,
            -2.439998894850539,
            5.641672489300249e-05
        ]
    ],
    "goal_config": [
        [
            -2.8299278163321913,
            -3.1201071806058867,
            1.7869331036887195,
            -0.9517959031377652,
            -1.8766659722026726,
            1.864803607663934e-05
        ],
        [
            -2.2459210444903026,
            -3.1867069835951667,
            2.3539162953319965,
            -0.12330665282881444,
            -0.5176664214784493,
            -4.2892759595780274e-06
        ]
    ],
    "base_poses": [
        [
            [
                0.5436307462377747,
                -0.4534649050541951,
                0.0
            ],
            [
                0.0,
                0.0,
                -0.5082242593111962,
                0.8612247687146405
            ]
        ],
        [
            [
                0.7913167396252216,
                -0.23028143340356688,
                0.0
            ],
            [
                0.0,
                0.0,
                0.9180795480398253,
                0.39639619507632784
            ]
        ]
    ],
    "difficulty": 0.7139095269444183,
    "dynamic_speed": null
}