{
    "target_eff_poses": [
        [
            [
                -0.9813796281814575,
                -0.48507001996040344,
                0.296745628118515
            ],
            [
                0.8051615953445435,
                0.15871794521808624,
                -0.5287798643112183,
                -0.21659956872463226
            ]
        ],
        [
            [
                -0.2695874571800232,
                -0.5789616107940674,
                0.36326152086257935
            ],
            [
                0.6833903789520264,
                0.35190483927726746,
                -0.6389462947845459,
                -0.029802720993757248
            ]
        ],
        [
            [
                0.1454329788684845,
                0.11871903389692307,
                0.1127496063709259
            ],
            [
                0.7728064656257629,
                -0.5601368546485901,
                -0.2712203860282898,
                0.12432363629341125
            ]
        ],
        [
            [
                -0.16083306074142456,
                0.21748104691505432,
                0.5275968909263611
            ],
            [
                0.21829603612422943,
                0.5535993576049805,
                -0.3717574179172516,
                0.712510347366333
            ]
        ]
    ],
    "start_goal_config": [
        null,
        null,
        null,
        null
    ],
    "start_config": [
        [
            -3.6462864901446475,
            -1.9051482339608699,
            2.346007239271384,
            -1.1081433670485232,
            -1.9005845203524663,
            1.5455250255021008e-05
        ],
        [
            -1.9736031840642219,
            -1.3295061196515783,
            1.656090779734125,
            -1.5992016600712986,
            -1.193894824855567,
            -1.939140714786632e-05
        ],
        [
            -3.5224624515090825,
            -1.4057170550523386,
            1.5747080812401995,
            -1.6094162352383963,
            -1.6604736222864498,
            1.1412048955472145e-05
        ],
        [
            -5.150076273318883,
            -1.2256240542770678,
            1.4371637514177686,
            -1.65985763418716,
            -2.4087633117000706,
            3.352954144804888e-05
        ]
    ],
    "goal_config": [
        [
            -4.74339805947612,
            -1.6602485807401026,
            1.8685487331296209,
            -1.4247592031143317,
            -2.1541906318571407,
            2.931617153070764e-05
        ],
        [
            -4.615828417473965,
            -1.754305787738149,
            1.7944902274705417,
            -1.428228933399103,
            -2.092928578706982,
            3.3668240623553584e-05
        ],
        [
            -1.4950858010522448,
            -1.4444419937723931,
            2.2534414374230205,
            -1.4149221388714905,
            -0.5138225619935991,
            -2.1135446548833152e-05
        ],
        [
            -3.2003036294720864,
            -2.221489182092846,
            1.6973097164062143,
            -1.3426691921408425,
            -1.676100308271904,
            1.2890287356337852e-05
        ]
    ],
    "base_poses": [
        [
            [
                -0.58466413321631,
                -0.5248046537782873,
                0.0
            ],
            [
                -0.0,
                -0.0,
                0.6471530780180592,
                0.7623600813341106
            ]
        ],
        [
            [
                0.06389787222316412,
                -0.3777129684567271,
                0.0
            ],
            [
                -0.0,
                -0.0,
                0.8143402856689725,
                0.5803877144948679
            ]
        ],
        [
            [
                0.5083990470889923,
                0.27289306974237926,
                0.0
            ],
            [
                0.0,
                0.0,
                -0.796781980264209,
                0.6042668913040378
            ]
        ],
        [
            [
                -0.3708057371671302,
                0.3138925738876659,
                0.0
            ],
            [
                0.0,
                0.0,
                0.9214929503424573,
                0.3883950855368198
            ]
        ]
    ],
    "difficulty": 0.7568837515271121,
    "dynamic_speed": null,
    "ur5_count": 4,
    "id": "002624",
    "task_path": "/home/huy/programming/projects/workspace-sharing-multiarm/src/data/8f14d7-hard-vlo-tasks/002624.json"
}