{
    "target_eff_poses": [
        [
            [
                -0.5452587008476257,
                -1.285184621810913,
                0.1949930042028427
            ],
            [
                0.706994891166687,
                0.4528636932373047,
                -0.3328706920146942,
                0.42926663160324097
            ]
        ],
        [
            [
                0.16442161798477173,
                -0.16340754926204681,
                0.5600886940956116
            ],
            [
                -0.3747921586036682,
                -0.37722742557525635,
                0.7118620276451111,
                -0.45878392457962036
            ]
        ]
    ],
    "start_goal_config": [
        null,
        null
    ],
    "start_config": [
        [
            -3.4161292307970768,
            -2.193752763159409,
            1.1374940821239077,
            -1.6206443650718503,
            -1.8766866529986412,
            1.9844380621690207e-05
        ],
        [
            -3.8980645673447585,
            -2.2592293394741265,
            2.0933350367726473,
            -1.1303628448160064,
            -2.011168981908607,
            1.5804483353312446e-05
        ]
    ],
    "goal_config": [
        [
            -2.0584172574822523,
            -1.3390165126909241,
            1.7515799673229668,
            -1.5610566497067204,
            -1.229295870849847,
            -2.1351451257655696e-05
        ],
        [
            -3.286592476783941,
            -2.4095262306914855,
            1.684576562855491,
            -1.295280998056789,
            -1.7869527474005895,
            1.7409154277990806e-05
        ]
    ],
    "base_poses": [
        [
            [
                -0.6530569106655437,
                -0.780371974407001,
                0.0
            ],
            [
                -0.0,
                -0.0,
                0.19754966202857327,
                0.9802928802314115
            ]
        ],
        [
            [
                0.1094736736045464,
                -0.031161161646375057,
                0.0
            ],
            [
                -0.0,
                -0.0,
                0.6838828902914067,
                0.7295917984507994
            ]
        ]
    ],
    "difficulty": 0.18472952667167544,
    "dynamic_speed": null
}