{
    "target_eff_poses": [
        [
            [
                0.20336855947971344,
                0.4742635190486908,
                0.6612890362739563
            ],
            [
                -0.33571091294288635,
                0.1210678368806839,
                0.9216346740722656,
                0.1524152010679245
            ]
        ]
    ],
    "start_goal_config": [
        null
    ],
    "start_config": [
        [
            -3.2269299608132953,
            -1.1444371592065772,
            1.5355555530352705,
            -1.688981122626816,
            -1.5654570951968205,
            3.659272195911808e-06
        ]
    ],
    "goal_config": [
        [
            -2.8487267818361497,
            -2.520971200010562,
            1.4738836905424124,
            -1.3646617074259728,
            -1.3885576176703243,
            -1.4778612221906678e-05
        ]
    ],
    "base_poses": [
        [
            [
                0.2758443868409217,
                0.5857839411754804,
                0.0
            ],
            [
                0.0,
                0.0,
                -0.3907503219781217,
                0.9204967060636308
            ]
        ]
    ],
    "difficulty": 0.0
}