{
    "target_eff_poses": [
        [
            [
                -0.3909345269203186,
                -0.20718571543693542,
                0.21976271271705627
            ],
            [
                0.41639354825019836,
                0.7074249982833862,
                -0.3711715638637543,
                0.4340483248233795
            ]
        ]
    ],
    "start_goal_config": [
        null
    ],
    "start_config": [
        [
            -3.572584353766678,
            -2.002725286509259,
            2.096139055300559,
            -1.2077617581589686,
            -1.8048744778076096,
            2.652104205466722e-05
        ]
    ],
    "goal_config": [
        [
            -3.8083279370875553,
            -1.3682627369042057,
            1.7136043810629604,
            -1.561051346348504,
            -1.746261573582142,
            1.7822497096798653e-05
        ]
    ],
    "base_poses": [
        [
            [
                -0.6349636897967301,
                0.23637839084969636,
                0.0
            ],
            [
                0.0,
                0.0,
                0.9592791869104826,
                0.28245962819554105
            ]
        ]
    ],
    "difficulty": 0.0
}