{
    "target_eff_poses": [
        [
            [
                0.04337568208575249,
                -0.03996632993221283,
                0.4943016767501831
            ],
            [
                -0.37831225991249084,
                0.4982861578464508,
                0.5237464904785156,
                0.5781698226928711
            ]
        ]
    ],
    "start_goal_config": [
        null
    ],
    "start_config": [
        [
            -4.742827151813206,
            -1.2860540178536874,
            1.485032854544432,
            -1.6679566193985826,
            -2.0759314972967067,
            2.7572808114056256e-05
        ]
    ],
    "goal_config": [
        [
            -2.8086856741922497,
            -1.7551646975031236,
            1.5152404388264207,
            -1.5497970564780263,
            -1.4841285872084864,
            1.6083152259683244e-06
        ]
    ],
    "base_poses": [
        [
            [
                0.08364015885652465,
                -0.47851959563525703,
                0.0
            ],
            [
                0.0,
                0.0,
                -0.8646908205301204,
                0.5023044742891976
            ]
        ]
    ],
    "difficulty": 0.0
}