{
    "target_eff_poses": [
        [
            [
                -0.1940852403640747,
                0.6046504378318787,
                0.534587025642395
            ],
            [
                0.026717878878116608,
                0.05931808799505234,
                0.9902523756027222,
                -0.1231578141450882
            ]
        ],
        [
            [
                0.12640540301799774,
                -1.069091558456421,
                0.36620673537254333
            ],
            [
                0.5819579362869263,
                0.4308125674724579,
                -0.5326375961303711,
                0.43820396065711975
            ]
        ]
    ],
    "start_goal_config": [
        null,
        null
    ],
    "start_config": [
        [
            -2.165612665281512,
            -2.5163349453346044,
            2.2471484057926823,
            -0.915104803842866,
            -1.1240936588358528,
            -7.798074842521516e-06
        ],
        [
            -1.7842939107551756,
            -0.9609317102603097,
            1.332671892501218,
            -1.8103299333726064,
            -1.0869056501590089,
            -2.9343010572944982e-05
        ]
    ],
    "goal_config": [
        [
            -2.4564012809551934,
            -3.1697182792481935,
            1.1581101441659063,
            -1.2602270918263194,
            -2.5948183610896085,
            -4.1041987556833004e-05
        ],
        [
            -2.9434986550331432,
            -1.5683374589911614,
            1.603218171029064,
            -1.5571079659280134,
            -1.5196151687361474,
            2.581009028717574e-06
        ]
    ],
    "base_poses": [
        [
            [
                -0.35074783257174325,
                0.09051768071288413,
                0.0
            ],
            [
                -0.0,
                -0.0,
                0.2889699662151644,
                0.9573381631511442
            ]
        ],
        [
            [
                0.13085682869599857,
                -0.5740848461424127,
                0.0
            ],
            [
                -0.0,
                -0.0,
                0.534399403638546,
                0.8452320849274277
            ]
        ]
    ],
    "difficulty": 0.336810450145663,
    "dynamic_speed": null
}