{
    "target_eff_poses": [
        [
            [
                1.2412114143371582,
                0.5091458559036255,
                0.17702622711658478
            ],
            [
                -0.5883947014808655,
                0.5077353715896606,
                -0.07120673358440399,
                0.6252408623695374
            ]
        ],
        [
            [
                0.29397648572921753,
                0.5365317463874817,
                0.5839207172393799
            ],
            [
                0.04257889837026596,
                0.09060634672641754,
                0.9904627799987793,
                -0.0946630984544754
            ]
        ],
        [
            [
                0.791161835193634,
                -0.4675900936126709,
                0.7252766489982605
            ],
            [
                0.030956892296671867,
                0.3756518065929413,
                -0.307331383228302,
                0.8737704753875732
            ]
        ],
        [
            [
                0.019674109295010567,
                0.7493100762367249,
                0.5093147158622742
            ],
            [
                -0.1635708510875702,
                0.4804529547691345,
                0.1574721485376358,
                0.8471198678016663
            ]
        ]
    ],
    "start_goal_config": [
        null,
        null,
        null,
        null
    ],
    "start_config": [
        [
            -4.0161235690814845,
            -1.4646691205174194,
            1.302132306509895,
            -1.713489214086853,
            -1.7927954648333382,
            1.9027813164658566e-05
        ],
        [
            -3.275376694011536,
            -0.8250167478991618,
            1.2411545377906783,
            -1.884293563235145,
            -1.5451688673166715,
            4.5667559047185005e-07
        ],
        [
            -5.201155814547147,
            -0.798348904051064,
            1.146443853317665,
            -1.841928097513871,
            -2.456591198369921,
            4.630891473365885e-05
        ],
        [
            -4.7677023025379,
            -2.048533157417968,
            1.9515207385357873,
            -1.279363474023521,
            -2.363848426565273,
            9.759070762873564e-07
        ]
    ],
    "goal_config": [
        [
            -5.245521592468555,
            -0.8916547140580281,
            1.288200286196394,
            -1.7578387657561534,
            -2.5430506951151455,
            -4.150586547364411e-05
        ],
        [
            -2.420179677745068,
            -3.0684941396018752,
            1.0753010700382573,
            -1.3489603164088206,
            -2.607001687763835,
            5.752049646396694e-17
        ],
        [
            -3.844497032737677,
            -1.8774410977932494,
            1.183068004546762,
            -1.674263375660944,
            -1.826814637224088,
            2.5855772107314823e-05
        ],
        [
            -2.96407111074865,
            -2.7325524715225606,
            1.788280094974108,
            -1.132680226277874,
            -1.7151460209463887,
            7.616768081823703e-13
        ]
    ],
    "base_poses": [
        [
            [
                0.7235493002203315,
                0.0289134970088456,
                0.0
            ],
            [
                0.0,
                0.0,
                -0.14559775856951468,
                0.9893438697942861
            ]
        ],
        [
            [
                0.11486757014725746,
                0.028559584214243428,
                0.0
            ],
            [
                -0.0,
                -0.0,
                0.250001051332437,
                0.9682455650983774
            ]
        ],
        [
            [
                0.45946767533889155,
                -0.40280534743560353,
                0.0
            ],
            [
                0.0,
                0.0,
                0.9900406621643216,
                -0.14078170073284285
            ]
        ],
        [
            [
                0.07688200211801788,
                0.6777046547488366,
                0.0
            ],
            [
                0.0,
                0.0,
                0.9860533770474441,
                -0.16642937725453108
            ]
        ]
    ],
    "difficulty": 0.6955017301038062
}