{
    "target_eff_poses": [
        [
            [
                -0.20154635608196259,
                -0.027876529842615128,
                0.12025772780179977
            ],
            [
                0.829208493232727,
                -0.45153120160102844,
                -0.32756730914115906,
                -0.035107940435409546
            ]
        ],
        [
            [
                0.3318499028682709,
                0.47229883074760437,
                0.24419887363910675
            ],
            [
                0.8539618253707886,
                0.15085215866565704,
                -0.47984716296195984,
                0.133189395070076
            ]
        ],
        [
            [
                0.48181280493736267,
                0.2675792872905731,
                0.3665044903755188
            ],
            [
                0.664334774017334,
                -0.3809695541858673,
                -0.5468646287918091,
                -0.33832016587257385
            ]
        ]
    ],
    "start_goal_config": [
        null,
        null,
        null
    ],
    "start_config": [
        [
            -3.0846197754593145,
            -2.7161449113457894,
            1.633167156139048,
            -1.2268884521932866,
            -2.0388222189564784,
            2.5048974973003717e-05
        ],
        [
            -3.1080091792474724,
            -3.1249271236529657,
            2.011496524864777,
            -0.8243696985490819,
            -2.4483107364334837,
            1.3194761302254818e-05
        ],
        [
            -2.7599734953117836,
            -2.970590700744778,
            1.8090552737032721,
            -1.0215365065889062,
            -1.0637910558588968,
            -2.3943670785120562e-05
        ]
    ],
    "goal_config": [
        [
            -2.0858593589057985,
            -1.5440199011177,
            2.2183172905961634,
            -1.3457201129344651,
            -1.1789440017353299,
            -1.1456625948332695e-05
        ],
        [
            -2.6477321478931817,
            -1.79226720189569,
            2.050343184595153,
            -1.3006310308984481,
            -1.474891146095349,
            1.506190291125832e-06
        ],
        [
            -3.0493967952878904,
            -1.9609324776667352,
            1.887900959305727,
            -1.3239323832846797,
            -1.6041418709250428,
            8.01451918228531e-06
        ]
    ],
    "base_poses": [
        [
            [
                0.1211960204210254,
                -0.05813301362982948,
                0.0
            ],
            [
                0.0,
                0.0,
                -0.738321405918007,
                0.6744490355566221
            ]
        ],
        [
            [
                0.5523400027977676,
                0.7123704062253311,
                0.0
            ],
            [
                0.0,
                0.0,
                -0.024128781424147185,
                0.9997088585718272
            ]
        ],
        [
            [
                0.7169470052075084,
                0.053355531934052514,
                0.0
            ],
            [
                0.0,
                0.0,
                -0.5509011049039133,
                0.8345705318399683
            ]
        ]
    ],
    "difficulty": 0.6900216307721245,
    "dynamic_speed": null
}