{
    "target_eff_poses": [
        [
            [
                0.019810974597930908,
                -0.06421083211898804,
                0.3361412286758423
            ],
            [
                0.08311337977647781,
                0.7562940120697021,
                -0.5588911771774292,
                0.32977598905563354
            ]
        ],
        [
            [
                -0.611319363117218,
                -0.272723525762558,
                0.18216140568256378
            ],
            [
                0.8298898339271545,
                -0.3239874839782715,
                -0.13189098238945007,
                -0.43464893102645874
            ]
        ],
        [
            [
                0.9874624609947205,
                0.321447491645813,
                0.5663921236991882
            ],
            [
                -0.015287536196410656,
                0.5170451402664185,
                0.1319746971130371,
                0.8455845713615417
            ]
        ],
        [
            [
                -0.036526139825582504,
                -0.31020382046699524,
                0.1460704803466797
            ],
            [
                0.8512694239616394,
                -0.1284603774547577,
                -0.4755944013595581,
                -0.1806880235671997
            ]
        ]
    ],
    "start_goal_config": [
        null,
        null,
        null,
        null
    ],
    "start_config": [
        [
            -2.249719774717461,
            -1.3653136464907016,
            2.022215994984438,
            -1.457542954867071,
            -1.293692090082691,
            -1.2010132873965857e-05
        ],
        [
            -3.011562230753088,
            -2.21471909484912,
            1.8855204297814376,
            -1.2502871750855615,
            -1.6222853884129746,
            6.5732366069536075e-06
        ],
        [
            -3.203422910758527,
            -2.7465757214408106,
            2.0988905294482825,
            -0.90927683280276,
            -1.957103919601918,
            9.703977939252268e-06
        ],
        [
            -2.1502268809974847,
            -1.8254452054238073,
            1.2203575434229972,
            -1.6618041732298283,
            -1.159837308986987,
            -1.6872155708201294e-05
        ]
    ],
    "goal_config": [
        [
            -5.205949894311526,
            -1.3182670562999597,
            1.504632409291233,
            -1.5987004738924027,
            -2.49905950751,
            2.7320435366063106e-05
        ],
        [
            -5.135296421310785,
            -1.3573380162960085,
            1.8973794959852899,
            -1.4830083286077669,
            -2.4747655403124154,
            3.0047477983507486e-05
        ],
        [
            -2.789289619530015,
            -1.5378804574346836,
            1.219831163014471,
            -1.7362232097558865,
            -1.4455278416028459,
            -2.6014134486327987e-06
        ],
        [
            -3.9435031417396478,
            -1.254267570477452,
            1.7600004874146689,
            -1.573223881818649,
            -1.7840991105996595,
            4.549789573733641e-07
        ]
    ],
    "base_poses": [
        [
            [
                -0.22028656009154235,
                0.455884190477607,
                0.0
            ],
            [
                0.0,
                0.0,
                0.8966742337410627,
                -0.4426909966837794
            ]
        ],
        [
            [
                -0.6396649265799497,
                -0.7277274259542393,
                0.0
            ],
            [
                -0.0,
                -0.0,
                0.1718135287832335,
                0.9851294896241067
            ]
        ],
        [
            [
                0.4891166558136759,
                0.10095157898465756,
                0.0
            ],
            [
                0.0,
                0.0,
                0.9964773733118109,
                0.08386205624472834
            ]
        ],
        [
            [
                0.4366477916082476,
                -0.4829691103228768,
                0.0
            ],
            [
                -0.0,
                -0.0,
                0.1440269287979442,
                0.9895737687413869
            ]
        ]
    ],
    "difficulty": 0.7246308661713533,
    "dynamic_speed": null
}