{
    "target_eff_poses": [
        [
            [
                -0.5366127490997314,
                0.541160523891449,
                0.594947099685669
            ],
            [
                -0.38326966762542725,
                -0.2828201353549957,
                0.8792704939842224,
                -0.0006562459166161716
            ]
        ],
        [
            [
                -0.49115726351737976,
                0.9296963214874268,
                0.7061911225318909
            ],
            [
                0.03358941525220871,
                0.06757781654596329,
                0.3307754397392273,
                0.9406872987747192
            ]
        ],
        [
            [
                0.5098187327384949,
                -0.48835161328315735,
                0.15368174016475677
            ],
            [
                0.5258078575134277,
                0.7532883286476135,
                -0.10572338104248047,
                0.38066455721855164
            ]
        ],
        [
            [
                0.1676388680934906,
                0.3028785288333893,
                0.33896511793136597
            ],
            [
                0.7752215266227722,
                0.03913344815373421,
                -0.5983829498291016,
                -0.1985902488231659
            ]
        ]
    ],
    "start_goal_config": [
        null,
        null,
        null,
        null
    ],
    "start_config": [
        [
            -3.410764863629269,
            -1.3593814722063655,
            1.797091477887454,
            -1.5283769612420028,
            -1.6443362354191837,
            4.49386048309721e-06
        ],
        [
            -3.8446169014236795,
            -2.059480538971574,
            1.4491428692060406,
            -1.504006619635488,
            -1.8766581846486263,
            2.66501822399187e-05
        ],
        [
            -1.34649895846825,
            -1.436565566657456,
            1.416545904357095,
            -1.6258706927548645,
            -0.7326858455289659,
            -2.9046092997177412e-05
        ],
        [
            -2.6363440367642577,
            -2.199173047032792,
            1.1871465225175915,
            -1.59141642342278,
            -1.1589452673277183,
            -2.452524912632176e-05
        ]
    ],
    "goal_config": [
        [
            -3.5305015310889143,
            -2.54126532295126,
            1.6638836238226458,
            -1.2712756110479706,
            -2.205771946188223,
            1.3663526878917264e-06
        ],
        [
            -3.2927764845851826,
            -2.793783747619691,
            1.2168913532399943,
            -1.413652106515944,
            -0.7715458483407238,
            3.5462008607550904e-05
        ],
        [
            -2.1185993119597413,
            -1.562852763683138,
            2.116827419661857,
            -1.3662640029238151,
            -1.2323218594351852,
            -1.4492057892216025e-05
        ],
        [
            -4.30357375949893,
            -1.6919352060407282,
            1.7789460391681629,
            -1.4513296580574995,
            -1.9416672876532108,
            3.589662228151862e-05
        ]
    ],
    "base_poses": [
        [
            [
                -0.5263220659530301,
                0.5886062934776382,
                0.0
            ],
            [
                -0.0,
                -0.0,
                0.4905222040628518,
                0.8714286931937243
            ]
        ],
        [
            [
                -0.22014191307479047,
                0.6923157298910187,
                0.0
            ],
            [
                0.0,
                0.0,
                0.9999006621167009,
                -0.014094889094386274
            ]
        ],
        [
            [
                0.18774188791671165,
                -0.3376448087472779,
                0.0
            ],
            [
                -0.0,
                -0.0,
                0.5803355331649706,
                0.8143774732555716
            ]
        ],
        [
            [
                0.5766419944603727,
                0.25406308663074517,
                0.0
            ],
            [
                -0.0,
                -0.0,
                0.43136577402568993,
                0.902177127286664
            ]
        ]
    ],
    "difficulty": 0.858271419166745,
    "dynamic_speed": null
}