{
    "target_eff_poses": [
        [
            [
                0.34589749574661255,
                0.6433382034301758,
                0.4376298189163208
            ],
            [
                -0.2330971211194992,
                0.6735974550247192,
                0.5877560377120972,
                0.3827206492424011
            ]
        ],
        [
            [
                0.6243853569030762,
                -0.01417495310306549,
                0.3460126519203186
            ],
            [
                -0.5946632623672485,
                0.4509980380535126,
                0.22652557492256165,
                0.6258293986320496
            ]
        ],
        [
            [
                0.16314218938350677,
                0.8925393223762512,
                0.3226560056209564
            ],
            [
                -0.637006938457489,
                0.5046315789222717,
                0.2906495928764343,
                0.5050660371780396
            ]
        ]
    ],
    "start_goal_config": [
        null,
        null,
        null
    ],
    "start_config": [
        [
            -1.476090391827312,
            -1.7366886467320675,
            1.4464178123435811,
            -1.5317836945889403,
            -0.6192271169312507,
            -2.5319624157404925e-05
        ],
        [
            -2.9131890178225373,
            -2.8467171716895603,
            1.6298773734717138,
            -1.1820578346024664,
            -2.055556060569137,
            -3.19128748748379e-05
        ],
        [
            -3.7610400987407258,
            -2.7577959580105045,
            2.2215648405455557,
            -0.8603023607666556,
            -2.4271570351975567,
            -2.241739386099386e-11
        ]
    ],
    "goal_config": [
        [
            -1.9363475040306661,
            -2.2799581068311565,
            1.9418422872891636,
            -1.2165200460239476,
            -0.9103378159323301,
            -3.8016009473372726e-05
        ],
        [
            -3.398184574260359,
            -2.7807722922870544,
            2.1667034200295334,
            -0.8424313503636953,
            -2.1454411486305487,
            3.2130492073060104e-17
        ],
        [
            -4.1147421381547735,
            -1.9377789538080745,
            1.9847809796965719,
            -1.2911592387936002,
            -1.9494451628334855,
            -1.6361207691412137e-06
        ]
    ],
    "base_poses": [
        [
            [
                0.48419116256860373,
                0.4169489547799765,
                0.0
            ],
            [
                0.0,
                0.0,
                0.9981557681859302,
                -0.06070471511468836
            ]
        ],
        [
            [
                0.6597887778094997,
                -0.02994661628675299,
                0.0
            ],
            [
                0.0,
                0.0,
                -0.7228291544256747,
                0.6910267820513646
            ]
        ],
        [
            [
                0.18083877288710415,
                0.5964923498005561,
                0.0
            ],
            [
                0.0,
                0.0,
                -0.3641423775140397,
                0.9313432927220889
            ]
        ]
    ],
    "difficulty": 0.9304053418602464,
    "dynamic_speed": null
}