{
    "target_eff_poses": [
        [
            [
                0.17394664883613586,
                0.8056754469871521,
                0.2715526223182678
            ],
            [
                -0.373794823884964,
                0.7183263897895813,
                0.3921060860157013,
                0.43650582432746887
            ]
        ],
        [
            [
                -1.0104625225067139,
                -0.12775404751300812,
                0.599054753780365
            ],
            [
                -0.4916019141674042,
                0.036433033645153046,
                0.843942403793335,
                0.211569145321846
            ]
        ]
    ],
    "start_goal_config": [
        null,
        null
    ],
    "start_config": [
        [
            -5.249168323896868,
            -1.607475920914565,
            1.44791065415538,
            -1.4869291371266127,
            -2.837560681198013,
            -8.6545995182499e-05
        ],
        [
            -2.5788339729287917,
            -2.055727037940427,
            1.982942098999908,
            -1.2513631991191336,
            -1.4585159786323554,
            -2.1188022714906568e-06
        ]
    ],
    "goal_config": [
        [
            -2.2616942365025556,
            -1.53782512032575,
            1.777898603178402,
            -1.4941680227246936,
            -1.3187432394015908,
            -9.223946263018046e-06
        ],
        [
            -3.8104214256100124,
            -1.5908363503959093,
            1.208882609996892,
            -1.7286809006255612,
            -1.7424589300947748,
            1.4898468782689914e-05
        ]
    ],
    "base_poses": [
        [
            [
                0.14982404546681727,
                0.338609703708157,
                0.0
            ],
            [
                0.0,
                0.0,
                0.9862727489495029,
                -0.16512439153435438
            ]
        ],
        [
            [
                -0.5060960222067028,
                -0.2030846560234958,
                0.0
            ],
            [
                -0.0,
                -0.0,
                0.17373432495015345,
                0.9847925590367316
            ]
        ]
    ],
    "difficulty": 0.315527132511991,
    "dynamic_speed": null
}