{
    "target_eff_poses": [
        [
            [
                0.002599844243377447,
                0.18505950272083282,
                0.4949630796909332
            ],
            [
                0.1750922054052353,
                0.6184448599815369,
                -0.4060506820678711,
                0.6496087312698364
            ]
        ]
    ],
    "start_goal_config": [
        null
    ],
    "start_config": [
        [
            -3.4545369553037877,
            -2.876189717373785,
            1.9298951426274806,
            -1.0566141896341061,
            -2.7667253091588404,
            2.2191706924975787e-05
        ]
    ],
    "goal_config": [
        [
            -3.796681282203926,
            -2.0866569041588954,
            1.7145725868163777,
            -1.3733279270576508,
            -1.8535528747241328,
            2.2988671507423045e-05
        ]
    ],
    "base_poses": [
        [
            [
                -0.23316013468127472,
                0.336673143123009,
                0.0
            ],
            [
                0.0,
                0.0,
                0.9959780747997296,
                0.08959729079734656
            ]
        ]
    ],
    "difficulty": 0.0,
    "dynamic_speed": null
}