{
    "target_eff_poses": [
        [
            [
                -0.3399268090724945,
                -0.7418267726898193,
                0.6226173639297485
            ],
            [
                -0.44210904836654663,
                -0.251629501581192,
                0.8248594999313354,
                0.2466353476047516
            ]
        ],
        [
            [
                -0.3930363953113556,
                0.09168834239244461,
                0.1524178683757782
            ],
            [
                0.7653723955154419,
                -0.26320013403892517,
                -0.5442017316818237,
                0.22085122764110565
            ]
        ],
        [
            [
                -0.1791534721851349,
                -0.21235936880111694,
                0.6023072004318237
            ],
            [
                -0.2662237584590912,
                -0.3390660881996155,
                0.773219645023346,
                -0.4650704264640808
            ]
        ],
        [
            [
                -0.25498488545417786,
                1.240768551826477,
                0.4316349923610687
            ],
            [
                -0.5944758057594299,
                0.10225508362054825,
                0.5615398287773132,
                0.566405713558197
            ]
        ]
    ],
    "start_goal_config": [
        null,
        null,
        null,
        null
    ],
    "start_config": [
        [
            -2.808092024222719,
            -1.9773724220278228,
            1.4550840201943331,
            -1.52168746228925,
            -1.48171451020167,
            9.042180829918772e-07
        ],
        [
            -3.3696884475786058,
            -2.6767001980201814,
            1.8223525122864874,
            -1.1437176649377332,
            -2.113058030383206,
            3.8033630386162405e-10
        ],
        [
            -1.5846383648409825,
            -1.6001936300792858,
            1.3450355495708244,
            -1.6373628624569003,
            -0.8999611569967407,
            -3.241864709104043e-05
        ],
        [
            -2.94028905958746,
            -2.5033882074376503,
            2.2214679360487675,
            -0.9055412474060448,
            -1.7199688765615901,
            -1.2967314445733942e-16
        ]
    ],
    "goal_config": [
        [
            -4.071404005019126,
            -2.3296365132563657,
            1.6115378504304985,
            -1.3561196805147298,
            -2.3787808359344114,
            2.8604663565207064e-05
        ],
        [
            -1.434540317354024,
            -1.026967197399577,
            1.4976706308375254,
            -1.7261418829689041,
            -0.8540678381970218,
            -2.8436372165506702e-05
        ],
        [
            -3.21024235759819,
            -2.58601502076005,
            1.6138600106208434,
            -1.2780307670345104,
            -1.9344599099590534,
            1.378957570733363e-07
        ],
        [
            -4.937176683956149,
            -1.2153860388944606,
            1.1640719413931069,
            -1.7952291644720915,
            -2.190173917604553,
            3.2783664819742194e-05
        ]
    ],
    "base_poses": [
        [
            [
                -0.21745828601744077,
                -0.6979774365200826,
                0.0
            ],
            [
                -0.0,
                -0.0,
                0.5466530880113665,
                0.8373591830078877
            ]
        ],
        [
            [
                0.22455940497875293,
                0.3200809222969361,
                0.0
            ],
            [
                0.0,
                0.0,
                -0.7354878065566979,
                0.6775379593841349
            ]
        ],
        [
            [
                -0.24034821711575138,
                -0.1947113458805324,
                0.0
            ],
            [
                -0.0,
                -0.0,
                0.6872221991527419,
                0.7264472788796646
            ]
        ],
        [
            [
                0.150838963566579,
                0.7198038740811761,
                0.0
            ],
            [
                -0.0,
                -0.0,
                0.4057312514711078,
                0.913992424246333
            ]
        ]
    ],
    "difficulty": 0.8542274052478134,
    "dynamic_speed": null,
    "ur5_count": 4,
    "id": "002785",
    "task_path": "/home/hqh2101/workspace-sharing-multiarm/src/data/8f14d7-hard-vlo-tasks/002785.json"
}