{
    "target_eff_poses": [
        [
            [
                -0.5505919456481934,
                -0.4777887463569641,
                0.48533931374549866
            ],
            [
                -0.5777994990348816,
                -0.24355025589466095,
                0.6536036133766174,
                0.4238318204879761
            ]
        ],
        [
            [
                -0.6345841884613037,
                0.3807563781738281,
                0.39267218112945557
            ],
            [
                -0.5173622965812683,
                0.5328606367111206,
                0.5109596252441406,
                0.43280029296875
            ]
        ],
        [
            [
                1.0223289728164673,
                -0.41491806507110596,
                0.3165578842163086
            ],
            [
                0.09719200432300568,
                0.7114408016204834,
                -0.4565645158290863,
                0.5253140330314636
            ]
        ]
    ],
    "start_goal_config": [
        null,
        null,
        null
    ],
    "start_config": [
        [
            -1.862376474047745,
            -1.6643443150969581,
            1.45894828700929,
            -1.5902599207612647,
            -1.1118356839797858,
            -2.0995792528192874e-05
        ],
        [
            -2.655848226999111,
            -1.0752743705027616,
            1.5921533670117833,
            -1.684250148751466,
            -1.411056229627847,
            -7.368661549728331e-06
        ],
        [
            -2.789913117402478,
            -1.2684608925431176,
            1.6257062563252473,
            -1.6222613354089188,
            -1.4617673747095579,
            -3.902285444126629e-06
        ]
    ],
    "goal_config": [
        [
            -3.8074118720037884,
            -2.660051558205687,
            1.9674327611098363,
            -1.0934814758971794,
            -2.5450003043293226,
            2.1720476368508932e-05
        ],
        [
            -2.639653943223654,
            -2.06512502077057,
            1.891266914919104,
            -1.293544094958786,
            -1.4734121295604374,
            -9.481662702706503e-07
        ],
        [
            -4.873781745562678,
            -1.2436348685068022,
            1.4059725394269373,
            -1.70192101619507,
            -2.1505167521915616,
            3.4572838108298325e-05
        ]
    ],
    "base_poses": [
        [
            [
                -0.5175608824587729,
                -0.4820431445145477,
                0.0
            ],
            [
                -0.0,
                -0.0,
                0.24229333301000328,
                0.9702030410068315
            ]
        ],
        [
            [
                -0.4950692564368117,
                0.12413702559078621,
                0.0
            ],
            [
                0.0,
                0.0,
                -0.8427823982739817,
                0.5382544279052015
            ]
        ],
        [
            [
                0.5885587132005785,
                0.022527670491550467,
                0.0
            ],
            [
                0.0,
                0.0,
                0.904548906742816,
                -0.4263698808668084
            ]
        ]
    ],
    "difficulty": 0.5818301390454717,
    "dynamic_speed": null
}