{
    "target_eff_poses": [
        [
            [
                -0.32198405265808105,
                -0.6404403448104858,
                0.41524845361709595
            ],
            [
                0.21379558742046356,
                0.4643206000328064,
                -0.6956157684326172,
                0.5047937631607056
            ]
        ]
    ],
    "start_goal_config": [
        null
    ],
    "start_config": [
        [
            -1.2776277053791203,
            -1.8440864816274622,
            2.2004821695734833,
            -1.1703409805859961,
            -0.16542994131538785,
            -2.0985595381172305e-05
        ]
    ],
    "goal_config": [
        [
            -2.9056238730084822,
            -3.1039224141746318,
            1.9114914244751844,
            -0.8760449850170408,
            -2.0823387690580812,
            1.7319647172367713e-05
        ]
    ],
    "base_poses": [
        [
            [
                -0.33883110069771283,
                -0.7890956424418838,
                0.0
            ],
            [
                -0.0,
                -0.0,
                0.6929297325650121,
                0.721005121845456
            ]
        ]
    ],
    "difficulty": 0.0,
    "dynamic_speed": null
}