{
    "target_eff_poses": [
        [
            [
                -0.32511216402053833,
                -0.28891071677207947,
                0.27577295899391174
            ],
            [
                -0.537513256072998,
                0.6691068410873413,
                0.4540036916732788,
                0.23928257822990417
            ]
        ]
    ],
    "start_goal_config": [
        null
    ],
    "start_config": [
        [
            -5.231614981273301,
            -0.7858792216157932,
            1.2042232327220914,
            -1.8133548913310755,
            -2.520176422792349,
            -4.802400105557377e-05
        ]
    ],
    "goal_config": [
        [
            -2.1743939648588357,
            -2.4531065576479225,
            2.2828765081539957,
            -0.9075973788780359,
            -1.1618126844537056,
            1.608203853025627e-05
        ]
    ],
    "base_poses": [
        [
            [
                -0.15095225646198607,
                -0.3420202389968607,
                0.0
            ],
            [
                0.0,
                0.0,
                0.9219678496799416,
                -0.3872664252895475
            ]
        ]
    ],
    "difficulty": 0.0
}