{
    "target_eff_poses": [
        [
            [
                0.4457249343395233,
                -0.025841524824500084,
                0.5876659750938416
            ],
            [
                0.31167837977409363,
                0.43918055295944214,
                -0.466585636138916,
                0.7016229629516602
            ]
        ],
        [
            [
                -0.330680251121521,
                0.914755642414093,
                0.2155880182981491
            ],
            [
                -0.5292190313339233,
                0.5523667931556702,
                0.500457227230072,
                0.4054141342639923
            ]
        ],
        [
            [
                1.234904408454895,
                0.37314555048942566,
                0.5439612865447998
            ],
            [
                0.05091629549860954,
                0.550915002822876,
                -0.19917133450508118,
                0.8088454604148865
            ]
        ]
    ],
    "start_goal_config": [
        null,
        null,
        null
    ],
    "start_config": [
        [
            -3.7538546297233415,
            -2.4936660180600465,
            2.2567606577980377,
            -0.9190684400417564,
            -2.156363319622611,
            -7.746699813956148e-07
        ],
        [
            -3.2299429925988132,
            -2.6729583826709478,
            1.626981351633457,
            -1.2499616865908185,
            -2.3092661443971534,
            2.649588769610781e-05
        ],
        [
            -4.343353907445859,
            -2.205987163816096,
            1.953590330908092,
            -1.2318104079217522,
            -2.179680883465706,
            1.977491980632542e-05
        ]
    ],
    "goal_config": [
        [
            -2.9645371790121153,
            -1.9801013264643097,
            1.4837689317495135,
            -1.5078573713018089,
            -1.5404589889255278,
            5.2810092361306955e-06
        ],
        [
            -2.7824645940957544,
            -1.1613983633867206,
            1.4729513082297998,
            -1.7111487016680467,
            -1.4448622167987117,
            -4.563450458692479e-06
        ],
        [
            -3.7245061518546905,
            -1.5995585966257893,
            1.3106169539230552,
            -1.6800953411575197,
            -1.7200814894382896,
            1.5441712167149353e-05
        ]
    ],
    "base_poses": [
        [
            [
                0.2267499604460359,
                0.22882209980112345,
                0.0
            ],
            [
                -0.0,
                -0.0,
                0.7708964535636753,
                0.636960483768772
            ]
        ],
        [
            [
                -0.1546637979774379,
                0.3134598982182506,
                0.0
            ],
            [
                0.0,
                0.0,
                -0.79765401073451,
                0.603115311660341
            ]
        ],
        [
            [
                0.732242640852675,
                0.452278799547863,
                0.0
            ],
            [
                0.0,
                0.0,
                0.9922392358596542,
                -0.12434347116213866
            ]
        ]
    ],
    "difficulty": 0.9129126304899841
}