{
    "target_eff_poses": [
        [
            [
                -0.024032020941376686,
                0.5279862880706787,
                0.48255977034568787
            ],
            [
                -0.05048367381095886,
                0.6095752120018005,
                -0.17689162492752075,
                0.7710893750190735
            ]
        ]
    ],
    "start_goal_config": [
        null
    ],
    "start_config": [
        [
            -2.013784731272102,
            -1.5748565703354616,
            1.6491873168204658,
            -1.5371017887974308,
            -1.215201992344771,
            -1.568903572412075e-05
        ]
    ],
    "goal_config": [
        [
            -3.362982265662057,
            -2.5052825511142767,
            1.8567896405096576,
            -1.1767733492115446,
            -1.8789331041692117,
            1.88431340972265e-05
        ]
    ],
    "base_poses": [
        [
            [
                -0.12658749900324673,
                0.47229674363459173,
                0.0
            ],
            [
                0.0,
                0.0,
                0.9992291471697204,
                -0.03925699232586554
            ]
        ]
    ],
    "difficulty": 0.0,
    "dynamic_speed": null
}