{
    "target_eff_poses": [
        [
            [
                0.37530046701431274,
                0.5100324153900146,
                0.8209617733955383
            ],
            [
                -0.09609553962945938,
                0.010470391251146793,
                0.6745256781578064,
                0.7318955659866333
            ]
        ]
    ],
    "start_goal_config": [
        null
    ],
    "start_config": [
        [
            -4.437475427843692,
            -1.8135258434519193,
            1.7760240483888918,
            -1.4203250328629144,
            -2.020134725262934,
            2.747077354029111e-05
        ]
    ],
    "goal_config": [
        [
            -2.834651474014408,
            -2.44143006526704,
            1.077064810769284,
            -1.5835736222021806,
            -2.288561227227953,
            3.3711088807415275e-05
        ]
    ],
    "base_poses": [
        [
            [
                0.3168995829740353,
                0.6288927753987223,
                0.0
            ],
            [
                0.0,
                0.0,
                -0.5816485492558146,
                0.8134402037941119
            ]
        ]
    ],
    "difficulty": 0.0
}