{
    "target_eff_poses": [
        [
            [
                0.13268519937992096,
                0.4802772104740143,
                0.3928569257259369
            ],
            [
                -0.5965940356254578,
                0.44599196314811707,
                0.2940264642238617,
                0.5989285111427307
            ]
        ],
        [
            [
                -0.31663522124290466,
                -0.3142910599708557,
                0.49103841185569763
            ],
            [
                0.4165565073490143,
                0.48522189259529114,
                -0.5811278223991394,
                0.5033198595046997
            ]
        ],
        [
            [
                0.14697818458080292,
                -0.08656419068574905,
                0.7830225825309753
            ],
            [
                -0.12372296303510666,
                0.21025030314922333,
                -0.16604484617710114,
                0.9554666876792908
            ]
        ],
        [
            [
                0.021809354424476624,
                0.6545563340187073,
                0.4810943901538849
            ],
            [
                -0.33217746019363403,
                -0.26952460408210754,
                0.8786241412162781,
                -0.2122126966714859
            ]
        ]
    ],
    "start_goal_config": [
        null,
        null,
        null,
        null
    ],
    "start_config": [
        [
            -2.8897545177371344,
            -3.071106409681789,
            1.7313907529259962,
            -1.0115157603681233,
            -1.3488917744345506,
            -1.8446780457780285e-07
        ],
        [
            -3.5190156811173137,
            -2.5789172879719318,
            2.2602812549298092,
            -0.8542759530161415,
            -2.0907922579419957,
            1.8783663910717676e-10
        ],
        [
            -3.112058462710701,
            -2.46994032359501,
            1.3756990155293605,
            -1.4288479748344363,
            -1.7845021258857408,
            1.603701205169789e-05
        ],
        [
            -2.523046749709745,
            -1.6723666049715669,
            1.5912453313348038,
            -1.5364391423970398,
            -1.4005035352229485,
            -3.940923918751624e-06
        ]
    ],
    "goal_config": [
        [
            -3.9340839124309768,
            -2.3144927610083603,
            2.0133435623532274,
            -1.159759944664583,
            -2.0432949135148544,
            1.0832143467909899e-08
        ],
        [
            -3.555624679113174,
            -1.8708813888270275,
            1.5996927133844128,
            -1.4827095738567826,
            -1.7184205881791763,
            1.5979419982307907e-06
        ],
        [
            -3.3906049408162997,
            -2.339121326499606,
            1.2266798835401478,
            -1.5362482163778348,
            -2.2748025349231837,
            3.780521762399039e-05
        ],
        [
            -2.874212705448838,
            -3.0188914597484766,
            1.7814098033471444,
            -1.0200672001234592,
            -2.0154526995783195,
            1.5654872125788045e-08
        ]
    ],
    "base_poses": [
        [
            [
                0.15076676312354587,
                0.30569172353600726,
                0.0
            ],
            [
                0.0,
                0.0,
                -0.4635022651662213,
                0.8860957342103515
            ]
        ],
        [
            [
                -0.4082754697244335,
                0.05407640175058115,
                0.0
            ],
            [
                -0.0,
                -0.0,
                0.8385414907349633,
                0.544837744944296
            ]
        ],
        [
            [
                0.146144951929848,
                -0.1135931746144756,
                0.0
            ],
            [
                0.0,
                0.0,
                0.9540127764210288,
                -0.29976594607366625
            ]
        ],
        [
            [
                -0.10902453886642793,
                0.5709309927202486,
                0.0
            ],
            [
                -0.0,
                -0.0,
                0.3199037324080984,
                0.9474500525048103
            ]
        ]
    ],
    "difficulty": 0.9266434684472867
}