{
    "target_eff_poses": [
        [
            [
                0.01300862617790699,
                -0.38126012682914734,
                0.41731783747673035
            ],
            [
                -0.16769929230213165,
                0.6666139364242554,
                -0.2829761803150177,
                0.6689001321792603
            ]
        ]
    ],
    "start_goal_config": [
        null
    ],
    "start_config": [
        [
            -1.46279987906204,
            -1.64146123899168,
            1.5312602476273565,
            -1.5426143313389302,
            -0.7898032864340896,
            -2.5663756306980017e-05
        ]
    ],
    "goal_config": [
        [
            -3.7080932396444717,
            -2.625400602527098,
            2.039849046634791,
            -1.0402690828072025,
            -2.217466817179799,
            1.4743509395445017e-05
        ]
    ],
    "base_poses": [
        [
            [
                -0.04852543124032105,
                -0.4029127474395157,
                0.0
            ],
            [
                0.0,
                0.0,
                0.9787799830201254,
                -0.20491399376109723
            ]
        ]
    ],
    "difficulty": 0.0,
    "dynamic_speed": null
}