{
    "target_eff_poses": [
        [
            [
                -0.8416749835014343,
                0.10459323972463608,
                0.3433396518230438
            ],
            [
                0.605559229850769,
                0.610032856464386,
                -0.46452802419662476,
                -0.2130061537027359
            ]
        ],
        [
            [
                -0.09960586577653885,
                -0.14948628842830658,
                0.11167609691619873
            ],
            [
                -0.49482953548431396,
                0.6461882591247559,
                0.264741986989975,
                0.5172004699707031
            ]
        ],
        [
            [
                -1.1420481204986572,
                -0.12121760845184326,
                0.30918222665786743
            ],
            [
                0.6509952545166016,
                -0.040385279804468155,
                -0.6009899973869324,
                -0.46193641424179077
            ]
        ]
    ],
    "start_goal_config": [
        null,
        null,
        null
    ],
    "start_config": [
        [
            -2.911611531132831,
            -2.676818156313457,
            1.5087302733230388,
            -1.298594582638622,
            -1.4010902116833304,
            -1.4120071461381951e-05
        ],
        [
            -3.003302796211312,
            -2.4710487252934468,
            1.2362011392200716,
            -1.4975472447384928,
            -1.5632721650910297,
            9.543151251241975e-09
        ],
        [
            -2.8970639241282323,
            -2.2281301125978206,
            2.042894977196653,
            -1.15931167923878,
            -1.60280862189052,
            3.941791108627722e-06
        ]
    ],
    "goal_config": [
        [
            -5.143971858541765,
            -1.885186541381454,
            2.0527562120886444,
            -1.2403490930463625,
            -2.7898101910420805,
            6.772738901765324e-17
        ],
        [
            -3.934389838475,
            -1.0111099040504152,
            1.504967974385417,
            -1.7338190244641223,
            -1.7512061113442707,
            1.1347140530301693e-05
        ],
        [
            -4.932828675293559,
            -1.0204294210088678,
            1.1476352636084852,
            -1.8477107133487687,
            -2.164154409494796,
            -3.230162747974638e-06
        ]
    ],
    "base_poses": [
        [
            [
                -0.5402897754925577,
                0.20397341209942899,
                0.0
            ],
            [
                0.0,
                0.0,
                0.9248955998142713,
                0.380221158596151
            ]
        ],
        [
            [
                -0.2880956091762211,
                -0.7452993748965491,
                0.0
            ],
            [
                0.0,
                0.0,
                -0.5737546997945004,
                0.8190271939708246
            ]
        ],
        [
            [
                -0.5747189878122798,
                -0.5676928757105606,
                0.0
            ],
            [
                -0.0,
                -0.0,
                0.5115438548372582,
                0.8592571702221856
            ]
        ]
    ],
    "difficulty": 0.8519909842223892,
    "dynamic_speed": null
}