{
    "target_eff_poses": [
        [
            [
                0.2371583878993988,
                0.13041988015174866,
                0.15983439981937408
            ],
            [
                -0.1890205442905426,
                0.7315808534622192,
                -0.001802130602300167,
                0.6550247669219971
            ]
        ]
    ],
    "start_goal_config": [
        null
    ],
    "start_config": [
        [
            -3.390190402400605,
            -2.749708185484776,
            1.887785517393314,
            -1.0850902158988815,
            -2.234981368847353,
            2.528883400925104e-05
        ]
    ],
    "goal_config": [
        [
            -4.2113039257369,
            -0.9764378074426324,
            1.3509897876944648,
            -1.8029829855460848,
            -1.8263880805482868,
            2.02313230341024e-05
        ]
    ],
    "base_poses": [
        [
            [
                -0.40172970815136594,
                -0.11152442867707768,
                0.0
            ],
            [
                0.0,
                0.0,
                -0.7900465330770714,
                0.6130468787726595
            ]
        ]
    ],
    "difficulty": 0.0
}