{
    "target_eff_poses": [
        [
            [
                -0.2918641269207001,
                0.31877872347831726,
                0.3411194086074829
            ],
            [
                0.7217981815338135,
                0.25149911642074585,
                -0.4590507745742798,
                0.4528002142906189
            ]
        ],
        [
            [
                -0.08268929272890091,
                0.18181394040584564,
                0.46405941247940063
            ],
            [
                -0.4288255572319031,
                0.3460814654827118,
                0.36411046981811523,
                0.7508394122123718
            ]
        ],
        [
            [
                -0.6468790173530579,
                0.19222761690616608,
                0.6908371448516846
            ],
            [
                -0.3091941177845001,
                0.05188250169157982,
                0.42387914657592773,
                0.849725604057312
            ]
        ]
    ],
    "start_goal_config": [
        null,
        null,
        null
    ],
    "start_config": [
        [
            -3.909517266364993,
            -2.1190267838867336,
            2.1533865121948246,
            -1.143202797676195,
            -1.9749603483527602,
            2.2464528062705223e-17
        ],
        [
            -3.6369836714350634,
            -2.244837767734792,
            1.2290042680184154,
            -1.559920411191112,
            -2.1603345506214127,
            4.9037668186595055e-05
        ],
        [
            -4.146196811517288,
            -1.5574551793897506,
            2.1961151774507064,
            -1.324434653284199,
            -1.9616628836387056,
            -1.2769732173748457e-08
        ]
    ],
    "goal_config": [
        [
            -1.8385509705886531,
            -1.6027104820580922,
            1.7077280381751478,
            -1.506507046461205,
            -1.1275357485273065,
            -2.2068068726293363e-05
        ],
        [
            -3.1228459904801213,
            -2.83231651704489,
            1.8933092596962153,
            -1.0353247760358022,
            -2.0110453174174676,
            5.053119680542266e-08
        ],
        [
            -3.1147989655706856,
            -2.6179118648083395,
            1.4640710786404563,
            -1.3499367734457353,
            -2.5126462990018004,
            3.209151859804753e-05
        ]
    ],
    "base_poses": [
        [
            [
                -0.24126778743909494,
                0.7953988546811068,
                0.0
            ],
            [
                0.0,
                0.0,
                -0.09447831943763366,
                0.9955269193528824
            ]
        ],
        [
            [
                -0.021315432310505367,
                0.20861161724572108,
                0.0
            ],
            [
                0.0,
                0.0,
                -0.7885943187200349,
                0.6149138154916377
            ]
        ],
        [
            [
                -0.6697308058087131,
                0.28080560700322144,
                0.0
            ],
            [
                0.0,
                0.0,
                -0.6056193640034104,
                0.7957544759183606
            ]
        ]
    ],
    "difficulty": 0.6321828270478699,
    "dynamic_speed": null,
    "ur5_count": 3,
    "id": "002932",
    "task_path": "/home/huy/programming/projects/workspace-sharing-multiarm/src/data/8f14d7-hard-vlo-tasks/002932.json"
}