{
    "target_eff_poses": [
        [
            [
                -0.6996902823448181,
                0.7438063025474548,
                0.5247931480407715
            ],
            [
                -0.3494208753108978,
                0.33220601081848145,
                0.4621909558773041,
                0.7442605495452881
            ]
        ],
        [
            [
                0.5892883539199829,
                0.2923620343208313,
                0.17886032164096832
            ],
            [
                0.4014403820037842,
                0.780882716178894,
                -0.28413647413253784,
                0.38514193892478943
            ]
        ]
    ],
    "start_goal_config": [
        null,
        null
    ],
    "start_config": [
        [
            -4.163539714205901,
            -1.9634341134223743,
            1.7110251982721725,
            -1.4087628464533166,
            -1.9478063766291376,
            2.611832993322313e-05
        ],
        [
            -2.976224595002713,
            -1.6990008654725517,
            1.5046250512235095,
            -1.5686196830100383,
            -1.5292149072881003,
            4.246787843609603e-06
        ]
    ],
    "goal_config": [
        [
            -3.028990310462947,
            -2.746589672039173,
            1.7575795081033336,
            -1.1463929161719957,
            -1.8257325477964763,
            1.7777204963023333e-05
        ],
        [
            -3.664301746585813,
            -1.4559342142363065,
            1.9137164772941098,
            -1.455920067206323,
            -1.731542725248183,
            2.0779185302165233e-05
        ]
    ],
    "base_poses": [
        [
            [
                -0.6189356418051883,
                0.757144090136608,
                0.0
            ],
            [
                0.0,
                0.0,
                -0.8098532100735263,
                0.5866325750702944
            ]
        ],
        [
            [
                0.3277322601615582,
                0.6209560781408905,
                0.0
            ],
            [
                0.0,
                0.0,
                0.9571314381012261,
                0.28965394904658004
            ]
        ]
    ],
    "difficulty": 0.2480015047493652,
    "dynamic_speed": null,
    "ur5_count": 2,
    "id": "002902",
    "task_path": "/home/huy/programming/projects/workspace-sharing-multiarm/src/data/8f14d7-hard-vlo-tasks/002902.json"
}