{
    "target_eff_poses": [
        [
            [
                -0.13277944922447205,
                -0.12452293932437897,
                0.14710986614227295
            ],
            [
                -0.44593483209609985,
                0.8297580480575562,
                0.132063627243042,
                0.308549702167511
            ]
        ],
        [
            [
                -0.48448142409324646,
                -0.7169140577316284,
                0.36459407210350037
            ],
            [
                -0.6078269481658936,
                -0.4506503939628601,
                0.6515623331069946,
                -0.05410413071513176
            ]
        ],
        [
            [
                -0.7561134099960327,
                0.2738551199436188,
                0.4107681214809418
            ],
            [
                -0.5452402234077454,
                0.46263670921325684,
                0.4621073007583618,
                0.5245354771614075
            ]
        ],
        [
            [
                -0.5444644093513489,
                0.573681116104126,
                0.4820754826068878
            ],
            [
                -0.647305428981781,
                -0.11680947989225388,
                0.7465111613273621,
                0.10036072134971619
            ]
        ]
    ],
    "start_goal_config": [
        null,
        null,
        null,
        null
    ],
    "start_config": [
        [
            -3.704962214779497,
            -1.282012920002226,
            1.5130541767505468,
            -1.6654804825204015,
            -1.6981800793656034,
            1.2514592836818984e-05
        ],
        [
            -4.774952182629191,
            -1.5155688998751295,
            1.4123405008476262,
            -1.6381477989682258,
            -2.1253055599805273,
            3.2793789762820614e-05
        ],
        [
            -4.908394568787395,
            -1.9589569238393074,
            1.5885610859236723,
            -1.4296888056250772,
            -2.6111919958712844,
            3.53204156151339e-05
        ],
        [
            -2.95263335610974,
            -2.643031378754347,
            1.3458007458054777,
            -1.3912889372616124,
            -1.7522709585980198,
            1.5145251345155907e-05
        ]
    ],
    "goal_config": [
        [
            -3.1791086707716887,
            -1.6782089045354194,
            2.24133513277469,
            -1.247660389946737,
            -1.6595020708754928,
            1.0767812263023647e-05
        ],
        [
            -3.711966228108865,
            -2.5482738023515794,
            2.1257366336029517,
            -1.0026590754141786,
            -2.125929333449409,
            1.3990893127953281e-05
        ],
        [
            -3.17841491757317,
            -2.315943913587127,
            1.9510194774561114,
            -1.1832285503948328,
            -1.715760506703902,
            1.0619374902764941e-05
        ],
        [
            -3.898269285410425,
            -2.0644394068945786,
            1.7306890873044782,
            -1.3721506859132744,
            -1.8829714074671302,
            2.4194780579613783e-05
        ]
    ],
    "base_poses": [
        [
            [
                -0.20961331237645153,
                -0.37745312511458684,
                0.0
            ],
            [
                0.0,
                0.0,
                0.8926767251175832,
                -0.45069753098208415
            ]
        ],
        [
            [
                -0.44893925439753063,
                -0.6316015077893007,
                0.0
            ],
            [
                -0.0,
                -0.0,
                0.6016838526318599,
                0.7987343372374086
            ]
        ],
        [
            [
                -0.662598183122525,
                0.10561512810626383,
                0.0
            ],
            [
                0.0,
                0.0,
                -0.6872444388122549,
                0.7264262394225781
            ]
        ],
        [
            [
                -0.2681783237266723,
                0.6553928005781118,
                0.0
            ],
            [
                -0.0,
                -0.0,
                0.39015269174492584,
                0.9207501708521095
            ]
        ]
    ],
    "difficulty": 0.8390858647606508,
    "dynamic_speed": null
}