{
    "target_eff_poses": [
        [
            [
                -0.6482954025268555,
                -0.2211824357509613,
                0.6507247090339661
            ],
            [
                -0.040558863431215286,
                0.18942289054393768,
                0.6116666197776794,
                0.7670318484306335
            ]
        ],
        [
            [
                0.3745589256286621,
                -1.228998064994812,
                0.29308152198791504
            ],
            [
                -0.283048152923584,
                -0.5714741349220276,
                0.6864733695983887,
                -0.34936419129371643
            ]
        ],
        [
            [
                -0.09145966917276382,
                -0.8906247019767761,
                0.6297223567962646
            ],
            [
                -0.2919171154499054,
                -0.3571934998035431,
                0.7807044386863708,
                -0.4215421676635742
            ]
        ]
    ],
    "start_goal_config": [
        null,
        null,
        null
    ],
    "start_config": [
        [
            -3.731197395652815,
            -1.275136036127041,
            1.5037897824927104,
            -1.6710152236902263,
            -1.7044395637644885,
            1.362842376615927e-05
        ],
        [
            -4.68940010188241,
            -1.2199770410738082,
            1.2789288470852462,
            -1.7666827338749371,
            -2.0318159517277006,
            3.214286306349987e-05
        ],
        [
            -1.8813673896693324,
            -2.260315590953828,
            1.8070837163008893,
            -1.2655381222853879,
            -0.4142107169808674,
            -2.5224938332673058e-05
        ]
    ],
    "goal_config": [
        [
            -3.1072428894162583,
            -2.832836352543331,
            1.3888562988091522,
            -1.3076964903301027,
            -1.10846607007425,
            -3.7942424023404466e-05
        ],
        [
            -5.003162224264589,
            -0.9297381885360673,
            1.0625301935913511,
            -1.8913147846221987,
            -2.210946871270221,
            -4.138372153458429e-05
        ],
        [
            -3.590619985962203,
            -2.348471062748363,
            1.5470600124008063,
            -1.3812387592047723,
            -1.9613412459274309,
            2.5425444701198254e-05
        ]
    ],
    "base_poses": [
        [
            [
                -0.3848261587453372,
                -0.16344864450514562,
                0.0
            ],
            [
                0.0,
                0.0,
                0.9111053706112777,
                -0.41217351157405324
            ]
        ],
        [
            [
                0.33486348214927286,
                -0.47397419280409586,
                0.0
            ],
            [
                0.0,
                0.0,
                0.9886492274056005,
                -0.15024215503749053
            ]
        ],
        [
            [
                -0.12714581616439524,
                -0.7603149848441115,
                0.0
            ],
            [
                -0.0,
                -0.0,
                0.7924940211325575,
                0.6098796819612451
            ]
        ]
    ],
    "difficulty": 0.5129248931406473
}