{
    "target_eff_poses": [
        [
            [
                0.19638749957084656,
                -0.2944452464580536,
                0.7816593050956726
            ],
            [
                -0.1505337804555893,
                0.20016351342201233,
                0.6047914624214172,
                0.7559771537780762
            ]
        ],
        [
            [
                -0.6796833276748657,
                -0.08188693970441818,
                0.2909570038318634
            ],
            [
                -0.5907811522483826,
                -0.14076153934001923,
                0.7944532632827759,
                -0.0028154628816992044
            ]
        ],
        [
            [
                -0.4026186764240265,
                1.1992743015289307,
                0.18830318748950958
            ],
            [
                0.8511937856674194,
                0.022276420146226883,
                -0.28418487310409546,
                -0.44069474935531616
            ]
        ],
        [
            [
                -0.4524275064468384,
                0.6600021719932556,
                0.7467131018638611
            ],
            [
                0.02942659519612789,
                0.2538963556289673,
                -0.3909233510494232,
                0.8842226266860962
            ]
        ]
    ],
    "start_goal_config": [
        null,
        null,
        null,
        null
    ],
    "start_config": [
        [
            -2.7506032125904984,
            -2.6838743572391985,
            1.2563660377471866,
            -1.4233142967866612,
            -2.0597479157812915,
            3.145021860596754e-05
        ],
        [
            -2.0398032060662055,
            -1.7793948272960287,
            1.799110377665556,
            -1.4212759238692045,
            -1.2229491328103013,
            -8.659885207688324e-06
        ],
        [
            -2.877164908028515,
            -2.42671406907911,
            2.2676899814804536,
            -0.9004891032436575,
            -1.679971617497664,
            5.800237551568491e-18
        ],
        [
            -3.6520304474213106,
            -1.4752399955894773,
            1.4516924498605754,
            -1.6462074730983303,
            -1.6933203535626828,
            -2.180156302713714e-06
        ]
    ],
    "goal_config": [
        [
            -3.012318493186288,
            -2.246936374918653,
            1.1918215230074838,
            -1.5801837921974053,
            -1.5408617947347072,
            -1.4670690688953507e-07
        ],
        [
            -4.209969231468278,
            -0.9319190765966271,
            1.0393864571838591,
            -1.943692531134722,
            -1.8011590601240413,
            1.5976158481499633e-05
        ],
        [
            -5.2567201371004915,
            -1.1389135245329052,
            1.6268589361229024,
            -1.5918886997221209,
            -2.5949984165710585,
            3.129379774985249e-05
        ],
        [
            -3.1590511596525497,
            -2.4196696045494677,
            1.2835106543446715,
            -1.4885052833512662,
            -1.8716853769571653,
            7.863176973489692e-07
        ]
    ],
    "base_poses": [
        [
            [
                0.28424918382451025,
                -0.40682516343561836,
                0.0
            ],
            [
                0.0,
                0.0,
                -0.8280675579817646,
                0.5606283255581339
            ]
        ],
        [
            [
                0.04802185988702412,
                0.17599988154605595,
                0.0
            ],
            [
                -0.0,
                -0.0,
                0.6075078910677515,
                0.7943136422663362
            ]
        ],
        [
            [
                -0.07807035987939659,
                0.7204101076448877,
                0.0
            ],
            [
                -0.0,
                -0.0,
                0.5410057034693827,
                0.8410189229818782
            ]
        ],
        [
            [
                -0.48901066240641067,
                0.5995873303529489,
                0.0
            ],
            [
                0.0,
                0.0,
                0.96713167689042,
                0.254276069568342
            ]
        ]
    ],
    "difficulty": 0.6452269489110523
}