{
    "target_eff_poses": [
        [
            [
                -0.09016142785549164,
                0.15011638402938843,
                0.39422938227653503
            ],
            [
                0.7213276624679565,
                0.07271906733512878,
                -0.5840473175048828,
                -0.36508500576019287
            ]
        ],
        [
            [
                -0.21104653179645538,
                -1.3466862440109253,
                0.38909903168678284
            ],
            [
                0.6145881414413452,
                0.31430482864379883,
                -0.4276147782802582,
                0.5836433172225952
            ]
        ],
        [
            [
                0.06753189116716385,
                -0.08758983761072159,
                0.09002142399549484
            ],
            [
                0.7470597624778748,
                -0.5835827589035034,
                -0.20618700981140137,
                -0.2425278127193451
            ]
        ],
        [
            [
                0.1441236138343811,
                -0.7481388449668884,
                0.6032229661941528
            ],
            [
                -0.2757408618927002,
                -0.32225242257118225,
                0.8184226155281067,
                -0.38769158720970154
            ]
        ]
    ],
    "start_goal_config": [
        null,
        null,
        null,
        null
    ],
    "start_config": [
        [
            -2.494881984493819,
            -3.1958314580285445,
            1.4475720060040684,
            -1.1303394605770538,
            -2.447291928268352,
            -2.9556198645143164e-05
        ],
        [
            -1.2220083483980673,
            -1.5620883372126841,
            1.6466282367809724,
            -1.4642025666556104,
            -0.44280237740563216,
            2.5931143284562244e-05
        ],
        [
            -4.680320984988362,
            -1.6823541845866672,
            2.1988156758429347,
            -1.297240932244955,
            -2.244157888788291,
            -2.2672991721447396e-06
        ],
        [
            -4.304047292883567,
            -1.9960217006889054,
            1.1374388403307276,
            -1.6551578075299662,
            -2.3109902315204445,
            3.9184832125777825e-05
        ]
    ],
    "goal_config": [
        [
            -4.915424131394932,
            -1.5570441994233994,
            1.5886900656868237,
            -1.5512213790103841,
            -2.2299374558843117,
            -9.586626424928257e-06
        ],
        [
            -1.7969780687634278,
            -1.4397641702778643,
            1.4648488603180874,
            -1.6428745559595392,
            -1.1050448427776642,
            -2.361611717418879e-05
        ],
        [
            -3.690744043611821,
            -1.394859782898155,
            2.137527458142996,
            -1.3905984900229234,
            -1.7738516431995455,
            1.1271834355913395e-17
        ],
        [
            -3.212234021687065,
            -2.60932217980739,
            1.6146213538169283,
            -1.2709077939917788,
            -1.991424430751384,
            -1.7939358574450428e-06
        ]
    ],
    "base_poses": [
        [
            [
                0.3598134928960379,
                -0.03888649385514653,
                0.0
            ],
            [
                -0.0,
                -0.0,
                0.6113891500937904,
                0.7913300873514116
            ]
        ],
        [
            [
                -0.28941236448025676,
                -0.7793633289507542,
                0.0
            ],
            [
                -0.0,
                -0.0,
                0.03328327488258704,
                0.9994459583254565
            ]
        ],
        [
            [
                0.16360503827023387,
                -0.4028276210469507,
                0.0
            ],
            [
                0.0,
                0.0,
                -0.47072028898364676,
                0.8822824998486324
            ]
        ],
        [
            [
                0.0890125130159738,
                -0.7371397805555223,
                0.0
            ],
            [
                -0.0,
                -0.0,
                0.63501367492452,
                0.7725008949243075
            ]
        ]
    ],
    "difficulty": 0.9817549139471456,
    "dynamic_speed": null
}