{
    "target_eff_poses": [
        [
            [
                0.6250356435775757,
                -0.01688157394528389,
                0.12955571711063385
            ],
            [
                -0.26838579773902893,
                0.6359301209449768,
                0.31319430470466614,
                0.652281641960144
            ]
        ],
        [
            [
                0.058279234915971756,
                0.20345720648765564,
                0.36381766200065613
            ],
            [
                -0.11564964056015015,
                0.7374256253242493,
                -0.008831623010337353,
                0.6653950810432434
            ]
        ],
        [
            [
                0.35582342743873596,
                0.6632978320121765,
                0.7100380063056946
            ],
            [
                -0.14573562145233154,
                0.36526814103126526,
                0.09597434848546982,
                0.9144009947776794
            ]
        ],
        [
            [
                0.08121638000011444,
                -0.25022298097610474,
                0.6883796453475952
            ],
            [
                0.27253076434135437,
                0.3255341053009033,
                -0.05349425971508026,
                0.9038212299346924
            ]
        ]
    ],
    "start_goal_config": [
        null,
        null,
        null,
        null
    ],
    "start_config": [
        [
            -2.5778688170580617,
            -2.239822469301056,
            1.250277910524939,
            -1.548877535772205,
            -1.0775020133122666,
            -3.228866385574543e-05
        ],
        [
            -1.3733654646411668,
            -1.7401239138438942,
            1.8669047613132852,
            -1.3821362478975647,
            -0.6093644999770201,
            -1.8861117638812165e-05
        ],
        [
            -3.279779124416904,
            -2.406424335172207,
            1.3101991178837569,
            -1.4788906208867063,
            -2.024133370247356,
            2.2315148673402723e-05
        ],
        [
            -3.8325490375331324,
            -1.08774691703431,
            1.535284550581662,
            -1.7030842199710148,
            -1.7261681294285753,
            5.862885419971894e-06
        ]
    ],
    "goal_config": [
        [
            -3.230995603133711,
            -0.7678226025567366,
            1.1044215422385102,
            -1.9545354201972027,
            -1.5225110529137251,
            -1.2705725668899722e-06
        ],
        [
            -3.6905794504891523,
            -1.6872159507548878,
            1.711006149177148,
            -1.4799929269713132,
            -1.739630027111449,
            6.013007079678135e-07
        ],
        [
            -3.967688039226776,
            -1.7968094455412946,
            1.1645983724851166,
            -1.7010074330512575,
            -1.8458709921936531,
            2.347615694051452e-05
        ],
        [
            -2.2830055831125007,
            -2.2211865300418685,
            1.4235172422700877,
            -1.4669806048917646,
            -0.93290351302217,
            -9.508319719856035e-06
        ]
    ],
    "base_poses": [
        [
            [
                0.1971940319948654,
                -0.6752670242140577,
                0.0
            ],
            [
                0.0,
                0.0,
                0.8923813439225329,
                -0.4512821035882256
            ]
        ],
        [
            [
                -0.34722190506258227,
                0.05716862836386638,
                0.0
            ],
            [
                0.0,
                0.0,
                0.9408592899322219,
                -0.33879757459024873
            ]
        ],
        [
            [
                0.05737609390974219,
                0.42288099768261267,
                0.0
            ],
            [
                0.0,
                0.0,
                -0.7929470639976965,
                0.6092905330771462
            ]
        ],
        [
            [
                -0.16039057607807494,
                -0.278808655306649,
                0.0
            ],
            [
                -0.0,
                -0.0,
                0.6914084828494499,
                0.7224640543610609
            ]
        ]
    ],
    "difficulty": 0.9488385215837487,
    "dynamic_speed": null,
    "ur5_count": 4,
    "id": "002917",
    "task_path": "/home/hqh2101/workspace-sharing-multiarm/src/data/8f14d7-hard-vlo-tasks/002917.json"
}