{
    "target_eff_poses": [
        [
            [
                0.11828865855932236,
                -1.007964849472046,
                0.49037182331085205
            ],
            [
                0.6576546430587769,
                0.04058179631829262,
                -0.6313201189041138,
                0.4089968502521515
            ]
        ],
        [
            [
                1.3002874851226807,
                -0.17705225944519043,
                0.13007354736328125
            ],
            [
                -0.19670157134532928,
                0.6728803515434265,
                -0.06633900851011276,
                0.7100279927253723
            ]
        ],
        [
            [
                0.46500107645988464,
                0.9123598337173462,
                0.7861137986183167
            ],
            [
                0.030600085854530334,
                0.08722474426031113,
                -0.2083570808172226,
                0.9736748933792114
            ]
        ]
    ],
    "start_goal_config": [
        null,
        null,
        null
    ],
    "start_config": [
        [
            -3.3235147613413902,
            -2.152269249665086,
            1.7862045116338094,
            -1.319240125147792,
            -1.7113577194441671,
            6.063381342756518e-09
        ],
        [
            -5.376410638287764,
            -1.3740285590223142,
            1.3843428715194652,
            -1.4783966597343614,
            -3.012738838517224,
            8.570258599724475e-05
        ],
        [
            -3.0026819610786406,
            -2.560218701145196,
            1.4549507672327788,
            -1.3627954797619206,
            -1.6577066266561298,
            7.718900426142589e-06
        ]
    ],
    "goal_config": [
        [
            -1.8577255585688504,
            -1.9191519204990228,
            1.657299084685629,
            -1.4410033343593653,
            -1.0575650482888317,
            -2.0405935288729703e-05
        ],
        [
            -4.583303749752456,
            -0.7664009866472756,
            1.116757223742174,
            -1.9382232809547086,
            -1.9483610773754794,
            2.757485831640002e-05
        ],
        [
            -3.0520843836846248,
            -2.5420121687778483,
            1.1213840430431332,
            -1.5358246768033774,
            -1.444157535099076,
            -8.720293971084654e-06
        ]
    ],
    "base_poses": [
        [
            [
                0.2909492544619092,
                -0.6652615459279082,
                0.0
            ],
            [
                0.0,
                0.0,
                -0.31807566306968305,
                0.9480653313790044
            ]
        ],
        [
            [
                0.5546967705808181,
                -0.3837860750966199,
                0.0
            ],
            [
                0.0,
                0.0,
                -0.6847838347126025,
                0.7287462519397977
            ]
        ],
        [
            [
                0.5258681961872653,
                0.7280530260630695,
                0.0
            ],
            [
                0.0,
                0.0,
                0.9495855989242324,
                0.3135078791923844
            ]
        ]
    ],
    "difficulty": 0.7898993698862034,
    "dynamic_speed": null,
    "ur5_count": 3,
    "id": "002976",
    "task_path": "/home/huy/programming/projects/workspace-sharing-multiarm/src/data/8f14d7-hard-vlo-tasks/002976.json"
}