{
    "target_eff_poses": [
        [
            [
                0.32694047689437866,
                -0.6576746702194214,
                0.4459795355796814
            ],
            [
                -0.6409162878990173,
                -0.21254995465278625,
                0.6567769646644592,
                -0.33569765090942383
            ]
        ],
        [
            [
                -0.17768128216266632,
                -0.1703832447528839,
                0.5413931608200073
            ],
            [
                -0.5711240172386169,
                0.02584231086075306,
                0.8200168609619141,
                0.026870233938097954
            ]
        ]
    ],
    "start_goal_config": [
        null,
        null
    ],
    "start_config": [
        [
            -3.601058170190252,
            -2.5164249169630484,
            2.157687260030808,
            -0.9825947489031989,
            -2.044758624332916,
            8.298100666427208e-06
        ],
        [
            -4.884689683870395,
            -1.2353674381450743,
            1.400934269109744,
            -1.7051067737301975,
            -2.15728024559074,
            3.5822608350503074e-05
        ]
    ],
    "goal_config": [
        [
            -2.570992176957886,
            -1.756575481802654,
            1.6061270487185546,
            -1.5085585363237983,
            -1.4185063313607194,
            -2.1796856629203245e-06
        ],
        [
            -2.902833172627508,
            -2.284102412175075,
            1.6886162674594738,
            -1.328933297356025,
            -1.5583352738858456,
            2.0131863687607954e-07
        ]
    ],
    "base_poses": [
        [
            [
                0.5263818446609994,
                -0.2716846741222193,
                0.0
            ],
            [
                -0.0,
                -0.0,
                0.1108364230717671,
                0.9938386626211804
            ]
        ],
        [
            [
                0.010848545218463235,
                -0.07400591553488456,
                0.0
            ],
            [
                0.0,
                0.0,
                -0.15770524160128324,
                0.9874862311807091
            ]
        ]
    ],
    "difficulty": 0.5344681651462428,
    "dynamic_speed": null
}