{
    "target_eff_poses": [
        [
            [
                -0.486581414937973,
                -0.7710696458816528,
                0.8223645687103271
            ],
            [
                -0.1495884507894516,
                -0.10097965598106384,
                0.9174550175666809,
                0.3545457720756531
            ]
        ],
        [
            [
                -0.007236110046505928,
                0.5810788869857788,
                0.4927147924900055
            ],
            [
                -0.47366493940353394,
                0.4190725088119507,
                0.6317598819732666,
                0.44821789860725403
            ]
        ],
        [
            [
                0.10040218383073807,
                -0.4166090488433838,
                0.4314447343349457
            ],
            [
                -0.22666361927986145,
                0.687870979309082,
                -0.18903601169586182,
                0.6631157994270325
            ]
        ]
    ],
    "start_goal_config": [
        null,
        null,
        null
    ],
    "start_config": [
        [
            -4.101676832424622,
            -2.052784808720371,
            1.4799452581439838,
            -1.4905808393979034,
            -1.9839543666828245,
            2.904978728105274e-05
        ],
        [
            -2.94096824084648,
            -1.5345749161603046,
            1.9906652205344229,
            -1.4019845605963583,
            -1.5439065323395194,
            5.836572964320879e-06
        ],
        [
            -3.5596162213325537,
            -2.713881319873746,
            1.9096535855811423,
            -1.0946421141258176,
            -2.3730555422136703,
            -6.351432574188972e-07
        ]
    ],
    "goal_config": [
        [
            -3.2211262583002904,
            -2.3403174448653585,
            1.1385633781500282,
            -1.5769163186623267,
            -2.5332916103406555,
            -3.702182273328287e-05
        ],
        [
            -2.725208108280731,
            -1.8056072216311927,
            1.5532888761123185,
            -1.51987514707716,
            -1.4635311008065848,
            6.483175090936521e-07
        ],
        [
            -4.541027179194121,
            -2.033705871943926,
            1.8436103991926351,
            -1.3315821908936916,
            -2.1668113112638068,
            2.3016342697296394e-05
        ]
    ],
    "base_poses": [
        [
            [
                -0.5370071816825293,
                -0.7800754400980812,
                0.0
            ],
            [
                -0.0,
                -0.0,
                0.15165855963877778,
                0.988432942231435
            ]
        ],
        [
            [
                0.20346731846317967,
                0.2199918931616609,
                0.0
            ],
            [
                0.0,
                0.0,
                -0.7700257651492755,
                0.6380127906290538
            ]
        ],
        [
            [
                -0.1825463761213022,
                -0.4643139938630276,
                0.0
            ],
            [
                0.0,
                0.0,
                -0.7517868713051579,
                0.6594061723499425
            ]
        ]
    ],
    "difficulty": 0.854915954549723,
    "dynamic_speed": null
}