{
    "target_eff_poses": [
        [
            [
                0.14605121314525604,
                0.5816330313682556,
                0.5618390440940857
            ],
            [
                -0.581794023513794,
                0.12209190428256989,
                0.5374531149864197,
                0.5981249213218689
            ]
        ]
    ],
    "start_goal_config": [
        null
    ],
    "start_config": [
        [
            -3.7629631884777326,
            -1.028031049098119,
            1.4226132001839167,
            -1.7629336068362114,
            -1.6963910107283384,
            1.1453848704898545e-05
        ]
    ],
    "goal_config": [
        [
            -4.598077286472904,
            -1.9853713554753858,
            1.5757547917785453,
            -1.4587545058564209,
            -2.2027261291373548,
            2.7738681576817515e-05
        ]
    ],
    "base_poses": [
        [
            [
                0.32940394411723206,
                0.3297608660098543,
                0.0
            ],
            [
                -0.0,
                -0.0,
                0.20399779821883893,
                0.9789713470382398
            ]
        ]
    ],
    "difficulty": 0.0,
    "dynamic_speed": null
}