{
    "target_eff_poses": [
        [
            [
                0.09207760542631149,
                -0.5723143219947815,
                0.13748100399971008
            ],
            [
                0.1723470240831375,
                0.9617245197296143,
                -0.19665364921092987,
                0.08191385865211487
            ]
        ],
        [
            [
                0.8410651683807373,
                1.1008342504501343,
                0.44859427213668823
            ],
            [
                -0.28044235706329346,
                0.6068072319030762,
                0.4876556992530823,
                0.5615415573120117
            ]
        ]
    ],
    "start_goal_config": [
        null,
        null
    ],
    "start_config": [
        [
            -2.959647087621166,
            -2.950613066957528,
            1.8041002473757701,
            -1.0426026529631078,
            -2.0951045289577963,
            2.4982850659070953e-05
        ],
        [
            -5.088224632521983,
            -1.502942441507843,
            1.3901388283470797,
            -1.6153754795170865,
            -2.402795791905709,
            3.2456149392643915e-05
        ]
    ],
    "goal_config": [
        [
            -4.482598998981516,
            -1.841656596875797,
            2.5189868898587964,
            -1.1066728281702212,
            -2.569571042089994,
            1.3235396919592017e-05
        ],
        [
            -2.2150881447774724,
            -1.690881808033058,
            1.558978641366042,
            -1.5453644350849094,
            -1.288623174002571,
            -9.867326123506808e-06
        ]
    ],
    "base_poses": [
        [
            [
                0.056134710362999884,
                -0.4088582030202192,
                0.0
            ],
            [
                0.0,
                0.0,
                0.9999807341024504,
                0.006207368518500028
            ]
        ],
        [
            [
                0.7908993350483684,
                0.635096213315052,
                0.0
            ],
            [
                0.0,
                0.0,
                0.9938735061448557,
                -0.11052354402267131
            ]
        ]
    ],
    "difficulty": 0.08746355685131195,
    "dynamic_speed": null
}