{
    "target_eff_poses": [
        [
            [
                0.3026774823665619,
                -0.7452418208122253,
                0.6081698536872864
            ],
            [
                -0.4053814709186554,
                -0.2393062859773636,
                0.8383436799049377,
                -0.2749149203300476
            ]
        ],
        [
            [
                -0.08603858947753906,
                -0.4088236391544342,
                0.3045721650123596
            ],
            [
                0.35551461577415466,
                0.7755687832832336,
                -0.501056432723999,
                0.14506858587265015
            ]
        ]
    ],
    "start_goal_config": [
        null,
        null
    ],
    "start_config": [
        [
            -3.1835705985777145,
            -2.400371025177371,
            1.4094426925006456,
            -1.4321795730974975,
            -1.76369113768078,
            1.4025210853269044e-05
        ],
        [
            -1.954591909951353,
            -1.6394439189416237,
            1.4966266264305388,
            -1.5826450238470395,
            -1.171072434875914,
            -1.9359476303221204e-05
        ]
    ],
    "goal_config": [
        [
            -3.985810682851274,
            -1.5218789490038178,
            1.1369574129986608,
            -1.7763942523892915,
            -1.7872058908983657,
            1.7766689598508365e-05
        ],
        [
            -4.345789992018293,
            -2.3567139133622983,
            2.2705446549775017,
            -1.0113514379649269,
            -2.4299576468501787,
            1.340943570715546e-05
        ]
    ],
    "base_poses": [
        [
            [
                0.5937659188096647,
                -0.29066013619924913,
                0.0
            ],
            [
                -0.0,
                -0.0,
                0.7494259624881159,
                0.6620881563272077
            ]
        ],
        [
            [
                -0.07662026939602617,
                -0.27306172723725997,
                0.0
            ],
            [
                0.0,
                0.0,
                0.9670830528629355,
                0.25446093779852486
            ]
        ]
    ],
    "difficulty": 0.443943238417442,
    "dynamic_speed": null
}