{
    "target_eff_poses": [
        [
            [
                0.14452748000621796,
                0.38011813163757324,
                0.39106765389442444
            ],
            [
                -0.18066661059856415,
                0.6297751069068909,
                0.21700289845466614,
                0.7236384749412537
            ]
        ]
    ],
    "start_goal_config": [
        null
    ],
    "start_config": [
        [
            -1.6667638554595992,
            -2.245185077060492,
            2.5255120794514494,
            -0.8921326480682986,
            -0.32372645295575003,
            -1.4022984582295616e-05
        ]
    ],
    "goal_config": [
        [
            -2.7340199445870397,
            -2.798815458114234,
            2.0242000496731882,
            -0.9381423916074639,
            -1.5588238967103887,
            -2.219532552983184e-06
        ]
    ],
    "base_poses": [
        [
            [
                0.21093960382268784,
                0.2911971697287723,
                0.0
            ],
            [
                0.0,
                0.0,
                0.9966749400629727,
                -0.08148045072573973
            ]
        ]
    ],
    "difficulty": 0.0,
    "dynamic_speed": null
}