{
    "target_eff_poses": [
        [
            [
                -0.04188176989555359,
                -0.05997120216488838,
                0.6542875170707703
            ],
            [
                -0.388407826423645,
                -0.2399972826242447,
                0.7519297003746033,
                -0.47554436326026917
            ]
        ],
        [
            [
                0.7528008818626404,
                0.9388512969017029,
                0.2477027326822281
            ],
            [
                -0.04371100291609764,
                0.7594876289367676,
                0.14576923847198486,
                0.6324707269668579
            ]
        ],
        [
            [
                0.7809262275695801,
                -1.1598328351974487,
                0.1852860003709793
            ],
            [
                0.8625490069389343,
                0.23332518339157104,
                -0.12605994939804077,
                0.43090322613716125
            ]
        ],
        [
            [
                -0.40021103620529175,
                -0.11648893356323242,
                0.564363956451416
            ],
            [
                0.025524837896227837,
                0.4056137502193451,
                -0.28551220893859863,
                0.8679336309432983
            ]
        ]
    ],
    "start_goal_config": [
        null,
        null,
        null,
        null
    ],
    "start_config": [
        [
            -3.3523508915650013,
            -2.224554199520591,
            1.7414231100796351,
            -1.3207831454360803,
            -1.7381451224408064,
            1.1581222163051094e-07
        ],
        [
            -1.5115113995545773,
            -1.7723951962817301,
            1.5956397153658812,
            -1.4836428897600527,
            -0.7577903140822241,
            -2.1124825310809212e-05
        ],
        [
            -2.0692385082915714,
            -2.034894933387067,
            2.244782652132512,
            -1.136958766731448,
            -1.1680246247319421,
            -6.18816126701085e-06
        ],
        [
            -3.042755994153939,
            -1.473673273304905,
            2.130255013102876,
            -1.3657026434789803,
            -1.58075099912267,
            6.870623831783547e-06
        ]
    ],
    "goal_config": [
        [
            -3.114768197474064,
            -1.8142563884387428,
            1.2700559998191243,
            -1.649111107097609,
            -1.5603533905794515,
            6.989106805253109e-06
        ],
        [
            -2.604369635161186,
            -1.243779084876405,
            1.5081099570073835,
            -1.6770021266006092,
            -1.4017674704263885,
            -8.266137966759023e-06
        ],
        [
            -1.2758728109029767,
            -1.3475167166905246,
            1.9046892527222037,
            -1.4883621999330767,
            -0.5487998560410358,
            -2.475754282573896e-05
        ],
        [
            -2.977428386837065,
            -2.772822010861186,
            1.6587210448631673,
            -1.1904292721577994,
            -1.8257726410093282,
            1.9079529069886353e-05
        ]
    ],
    "base_poses": [
        [
            [
                0.02777112981081198,
                0.33527832860849527,
                0.0
            ],
            [
                -0.0,
                -0.0,
                0.5186692838554122,
                0.8549749551799245
            ]
        ],
        [
            [
                0.22464911345214644,
                0.6482011722825727,
                0.0
            ],
            [
                0.0,
                0.0,
                0.9919955945213517,
                0.12627248492933882
            ]
        ],
        [
            [
                0.570364449515681,
                -0.6929387204286267,
                0.0
            ],
            [
                0.0,
                0.0,
                -0.15702830330121859,
                0.9875941028389854
            ]
        ],
        [
            [
                -0.3645943486423356,
                -0.21298798805653318,
                0.0
            ],
            [
                0.0,
                0.0,
                0.9631290653068698,
                0.2690397806293992
            ]
        ]
    ],
    "difficulty": 0.945452835512085,
    "dynamic_speed": null,
    "ur5_count": 4,
    "id": "003130",
    "task_path": "/home/huy/programming/projects/workspace-sharing-multiarm/src/data/8f14d7-hard-vlo-tasks/003130.json"
}