{
    "target_eff_poses": [
        [
            [
                -0.22783952951431274,
                -0.013418721966445446,
                0.4853397607803345
            ],
            [
                -0.6336230039596558,
                0.14117375016212463,
                0.7605136632919312,
                0.01451936736702919
            ]
        ],
        [
            [
                -0.17222853004932404,
                0.8371731042861938,
                0.2342745065689087
            ],
            [
                -0.32554706931114197,
                0.8212125301361084,
                0.2399822175502777,
                0.40253913402557373
            ]
        ],
        [
            [
                0.20490781962871552,
                -0.876014232635498,
                0.5166059136390686
            ],
            [
                -0.4302527904510498,
                -0.4060520827770233,
                0.7117193341255188,
                -0.37876084446907043
            ]
        ],
        [
            [
                -0.6421534419059753,
                0.036375224590301514,
                0.3932117819786072
            ],
            [
                0.7022507786750793,
                -0.08408786356449127,
                -0.53839510679245,
                -0.4581526815891266
            ]
        ]
    ],
    "start_goal_config": [
        null,
        null,
        null,
        null
    ],
    "start_config": [
        [
            -2.3886250699945095,
            -1.6013354232988106,
            2.299704689027998,
            -1.2787690298183954,
            -1.3305502758771441,
            1.154945927024167e-09
        ],
        [
            -3.272835678931559,
            -2.5030434054801893,
            2.0930219959910232,
            -1.0252211082767817,
            -1.8503602427770618,
            9.757131605842792e-06
        ],
        [
            -2.5034959061314677,
            -1.2122874336129317,
            1.3803969878593512,
            -1.7377972323718347,
            -1.3635574786828815,
            -9.841259595381371e-06
        ],
        [
            -1.6150891979164193,
            -2.1207472365818023,
            2.086484981646454,
            -1.1987214116747393,
            -0.6195533920279377,
            -1.3784265215107262e-07
        ]
    ],
    "goal_config": [
        [
            -2.4363584494928663,
            -1.9215489415471252,
            1.6426080686090145,
            -1.4496934577800236,
            -1.3706621897243076,
            -5.981793681651248e-07
        ],
        [
            -2.464529590529859,
            -1.8777573081405485,
            2.1373444561978605,
            -1.2351002573234235,
            -1.410617837946952,
            -2.965000304987089e-06
        ],
        [
            -4.078503966585104,
            -1.6369667288799146,
            1.3934298258837405,
            -1.631953195740672,
            -1.8382155912133775,
            2.458221281749541e-05
        ],
        [
            -4.833069027096518,
            -1.4912888689360368,
            1.5199498897233126,
            -1.5989871840555332,
            -2.1566743079004334,
            2.8353097569382242e-05
        ]
    ],
    "base_poses": [
        [
            [
                0.1388457352181648,
                0.036422944449318706,
                0.0
            ],
            [
                0.0,
                0.0,
                -0.45446689035417714,
                0.8907636305843455
            ]
        ],
        [
            [
                -0.2260569471892867,
                0.5542064328144614,
                0.0
            ],
            [
                0.0,
                0.0,
                0.9929307288035962,
                -0.11869527285262572
            ]
        ],
        [
            [
                0.2875638317329574,
                -0.396825923541466,
                0.0
            ],
            [
                0.0,
                0.0,
                0.8871954140624698,
                0.4613938634903187
            ]
        ],
        [
            [
                -0.26134213636835024,
                -0.3203218033266339,
                0.0
            ],
            [
                -0.0,
                -0.0,
                0.42017463886827583,
                0.9074432615055963
            ]
        ]
    ],
    "difficulty": 0.9218470798457632,
    "dynamic_speed": null
}