{
    "target_eff_poses": [
        [
            [
                -1.192962884902954,
                0.714935839176178,
                0.5358425378799438
            ],
            [
                -0.003991981502622366,
                0.007254640571773052,
                -0.7031169533729553,
                0.7110260128974915
            ]
        ],
        [
            [
                -0.2058958262205124,
                -0.1994006335735321,
                0.4956047832965851
            ],
            [
                -0.16519927978515625,
                0.5064772367477417,
                0.05152206867933273,
                0.8447102904319763
            ]
        ],
        [
            [
                -0.9201355576515198,
                0.6647502183914185,
                0.4029422402381897
            ],
            [
                -0.45953139662742615,
                0.40813666582107544,
                0.5542206168174744,
                0.5613332390785217
            ]
        ],
        [
            [
                0.13354524970054626,
                -0.7765713334083557,
                0.6164450645446777
            ],
            [
                -0.3977496325969696,
                -0.03742004930973053,
                0.8952199220657349,
                0.19742436707019806
            ]
        ]
    ],
    "start_goal_config": [
        null,
        null,
        null,
        null
    ],
    "start_config": [
        [
            -3.437314045057961,
            -1.9448484264579056,
            2.308337281794568,
            -1.1079331265961647,
            -1.812350621295896,
            -9.704449739437541e-09
        ],
        [
            -2.122890553845744,
            -2.0260139067123633,
            1.7331988502598163,
            -1.38154877593154,
            -1.2151570296664271,
            2.673602581452585e-06
        ],
        [
            -3.888116915270502,
            -2.2190362030359805,
            1.7510220158397043,
            -1.3203894526952125,
            -1.9538837694762705,
            2.0784567332544865e-05
        ],
        [
            -3.1957427518801813,
            -0.9596025357067444,
            1.4557784047030176,
            -1.7653295448867896,
            -1.543377920681133,
            8.008955859387391e-07
        ]
    ],
    "goal_config": [
        [
            -2.3711855241055106,
            -3.185746250391131,
            1.287571367982686,
            -1.2268568492156329,
            -2.853648406035863,
            -4.030516178285779e-08
        ],
        [
            -3.0593636687991888,
            -2.727469558028389,
            1.8246169403046641,
            -1.1150742520835457,
            -1.8251706079940877,
            -6.056974642921004e-08
        ],
        [
            -3.5398011285797746,
            -1.265848947575185,
            1.237720524134112,
            -1.7896829675896462,
            -1.6363346246351342,
            -5.477281615052779e-06
        ],
        [
            -3.1250832922001983,
            -2.6045556710435216,
            1.5755164861852393,
            -1.2905895575805448,
            -1.8816769628495729,
            2.293383531752548e-05
        ]
    ],
    "base_poses": [
        [
            [
                -0.6959825472862535,
                0.5898803213815051,
                0.0
            ],
            [
                0.0,
                0.0,
                0.8660333182420628,
                0.4999862915067192
            ]
        ],
        [
            [
                -0.17187940404623614,
                -0.2681477887749065,
                0.0
            ],
            [
                0.0,
                0.0,
                0.9892162689291792,
                -0.14646219063578686
            ]
        ],
        [
            [
                -0.7857060011682342,
                0.027761968581229146,
                0.0
            ],
            [
                0.0,
                0.0,
                -0.5311037034432207,
                0.847306825293468
            ]
        ],
        [
            [
                0.1328218576250647,
                -0.7065682584652992,
                0.0
            ],
            [
                0.0,
                0.0,
                -0.06981014913641169,
                0.9975602954596539
            ]
        ]
    ],
    "difficulty": 0.8688216500657772,
    "dynamic_speed": null
}