{
    "target_eff_poses": [
        [
            [
                1.0295201539993286,
                1.2169692516326904,
                0.21120953559875488
            ],
            [
                0.7951399683952332,
                -0.3916012942790985,
                0.12727180123329163,
                -0.4451998174190521
            ]
        ],
        [
            [
                -0.2543276250362396,
                -0.49363869428634644,
                0.3679138720035553
            ],
            [
                -0.7261059880256653,
                0.04721938073635101,
                0.2630431652069092,
                0.6335210204124451
            ]
        ]
    ],
    "start_goal_config": [
        null,
        null
    ],
    "start_config": [
        [
            -2.402068034744326,
            -2.8845977999897467,
            1.0218063768580585,
            -1.4616834151786853,
            -2.4580257174494777,
            -3.5054296617789074e-05
        ],
        [
            -2.890296828340384,
            -2.6937049679734417,
            1.5554300044608669,
            -1.2693991995616116,
            -1.4040064570977588,
            -1.059834991625818e-05
        ]
    ],
    "goal_config": [
        [
            -5.419864200970291,
            -1.1424809226477939,
            1.65246329376028,
            -1.4728706286277875,
            -2.96242404550424,
            -5.840185048051353e-05
        ],
        [
            -3.7130687981823596,
            -2.9272453418783635,
            2.2316581061948852,
            -0.816243783726998,
            -2.6831049463234016,
            1.3549282794801541e-05
        ]
    ],
    "base_poses": [
        [
            [
                0.6239756745038807,
                0.7972729068370881,
                0.0
            ],
            [
                0.0,
                0.0,
                -0.014304810118225892,
                0.9998976809691488
            ]
        ],
        [
            [
                -0.2687958184621463,
                -0.47421069529979526,
                0.0
            ],
            [
                0.0,
                0.0,
                -0.3291025411485356,
                0.9442941900750933
            ]
        ]
    ],
    "difficulty": 0.011473713909526945,
    "dynamic_speed": null,
    "ur5_count": 2,
    "id": "003164",
    "task_path": "/home/hqh2101/workspace-sharing-multiarm/src/data/8f14d7-hard-vlo-tasks/003164.json"
}