{
    "target_eff_poses": [
        [
            [
                -0.16400279104709625,
                -0.3710722029209137,
                0.26341164112091064
            ],
            [
                0.5918301343917847,
                0.6437662839889526,
                -0.4311233162879944,
                0.22233933210372925
            ]
        ],
        [
            [
                0.5836074352264404,
                -1.0842969417572021,
                0.45454418659210205
            ],
            [
                0.34292349219322205,
                0.41476818919181824,
                -0.42448291182518005,
                0.7281380891799927
            ]
        ],
        [
            [
                0.7312342524528503,
                0.20337283611297607,
                0.252375066280365
            ],
            [
                0.8564229607582092,
                0.16556717455387115,
                -0.3945360481739044,
                0.28890928626060486
            ]
        ]
    ],
    "start_goal_config": [
        null,
        null,
        null
    ],
    "start_config": [
        [
            -2.4780926796038867,
            -0.8567517600706394,
            1.2631360045926783,
            -1.866436541418506,
            -1.3317564122470509,
            -1.3269452987035368e-17
        ],
        [
            -3.1930267042614346,
            -3.0885261674271938,
            0.9305618059833228,
            -1.4150737875377108,
            -1.1050426601716994,
            3.993547856384769e-05
        ],
        [
            -2.6480733484748353,
            -0.8782204465393357,
            1.2928656578686288,
            -1.8501353822653048,
            -1.3828915622168065,
            -1.6383053827300185e-08
        ]
    ],
    "goal_config": [
        [
            -3.15487554909567,
            -2.5761713162183564,
            2.3178283222674807,
            -0.7545632334502405,
            -1.922054978667002,
            4.665003592073837e-06
        ],
        [
            -2.7372614316698387,
            -1.1880610985709528,
            1.0662010910810675,
            -1.8831966634307877,
            -1.4077365670306887,
            -7.135657291541493e-06
        ],
        [
            -1.9485155876094127,
            -1.8939339056919058,
            2.1257449230575447,
            -1.253704542446626,
            -1.1297120251503259,
            -1.4778004781971084e-05
        ]
    ],
    "base_poses": [
        [
            [
                -0.2166139013500159,
                -0.31928286541920026,
                0.0
            ],
            [
                -0.0,
                -0.0,
                0.6118678442204176,
                0.7909600123957334
            ]
        ],
        [
            [
                0.22409484852627126,
                -0.4835318180808937,
                0.0
            ],
            [
                -0.0,
                -0.0,
                0.6884102222403963,
                0.7253215603543909
            ]
        ],
        [
            [
                0.791541517062454,
                0.5105233296554141,
                0.0
            ],
            [
                0.0,
                0.0,
                -0.18397764266118172,
                0.9829304283624729
            ]
        ]
    ],
    "difficulty": 0.6780776826859776,
    "dynamic_speed": null,
    "ur5_count": 3,
    "id": "003246",
    "task_path": "/home/huy/programming/projects/workspace-sharing-multiarm/src/data/8f14d7-hard-vlo-tasks/003246.json"
}