{
    "target_eff_poses": [
        [
            [
                0.33696961402893066,
                -0.9019501805305481,
                0.18962731957435608
            ],
            [
                0.6909152269363403,
                0.5854566693305969,
                -0.3889484703540802,
                0.16910234093666077
            ]
        ]
    ],
    "start_goal_config": [
        null
    ],
    "start_config": [
        [
            -2.6281891801795725,
            -1.4517106133950204,
            1.6512196770921521,
            -1.5662188395216292,
            -1.4279789808634966,
            -4.462871436110557e-06
        ]
    ],
    "goal_config": [
        [
            -3.917513972788765,
            -1.673029459848576,
            2.1102908974720296,
            -1.3132286933882382,
            -1.8636205950092481,
            2.8512358306585893e-05
        ]
    ],
    "base_poses": [
        [
            [
                0.4074826757191057,
                -0.5967028887049012,
                0.0
            ],
            [
                -0.0,
                -0.0,
                0.8102137253932264,
                0.5861345572344543
            ]
        ]
    ],
    "difficulty": 0.0,
    "dynamic_speed": null,
    "ur5_count": 1,
    "id": "003244",
    "task_path": "/home/hqh2101/workspace-sharing-multiarm/src/data/8f14d7-hard-vlo-tasks/003244.json"
}