{
    "target_eff_poses": [
        [
            [
                0.7383893132209778,
                0.24224600195884705,
                0.7059087753295898
            ],
            [
                -0.2780039608478546,
                -0.17296256124973297,
                0.9439710974693298,
                -0.041428688913583755
            ]
        ]
    ],
    "start_goal_config": [
        null
    ],
    "start_config": [
        [
            -3.5215553697324395,
            -0.9231171511777645,
            1.1932134295084973,
            -1.8836350537445126,
            -1.6113142908449245,
            5.417563541974554e-06
        ]
    ],
    "goal_config": [
        [
            -3.333776568261468,
            -2.4453990134201073,
            1.3969935423659359,
            -1.4260312569085152,
            -2.083527171732625,
            3.382103092634625e-05
        ]
    ],
    "base_poses": [
        [
            [
                0.7269209583902421,
                0.28939014965176435,
                0.0
            ],
            [
                -0.0,
                -0.0,
                0.3860280717730328,
                0.9224870339485506
            ]
        ]
    ],
    "difficulty": 0.0,
    "dynamic_speed": null
}