{
    "target_eff_poses": [
        [
            [
                -0.40238380432128906,
                -0.0723210796713829,
                0.20078259706497192
            ],
            [
                0.23436617851257324,
                0.9009701013565063,
                0.03597571700811386,
                0.3633609116077423
            ]
        ],
        [
            [
                -0.6588301658630371,
                0.5418786406517029,
                0.7365784645080566
            ],
            [
                -0.07232504338026047,
                -0.06768208742141724,
                0.8627805113792419,
                -0.4957801401615143
            ]
        ],
        [
            [
                -0.08457165211439133,
                -0.10695599019527435,
                0.24763643741607666
            ],
            [
                0.8300156593322754,
                -0.23176461458206177,
                -0.5040278434753418,
                0.057576972991228104
            ]
        ]
    ],
    "start_goal_config": [
        null,
        null,
        null
    ],
    "start_config": [
        [
            -4.198119191920943,
            -1.1931719540982733,
            1.2426645743059912,
            -1.7992557772494886,
            -1.8252797339584654,
            2.036307466470859e-05
        ],
        [
            -4.8548851747034965,
            -1.7861110689442108,
            1.4478321764470543,
            -1.5508305164243184,
            -2.292285482803686,
            3.095095058866259e-05
        ],
        [
            -4.402228862163465,
            -1.9033221411557546,
            1.618779588058642,
            -1.464496055411056,
            -2.0305988760646727,
            2.824846211019205e-05
        ]
    ],
    "goal_config": [
        [
            -2.211132716118234,
            -2.121533926333227,
            2.374570872237635,
            -1.0005981785468132,
            -1.2176228099239073,
            3.8402304240503643e-07
        ],
        [
            -2.860667602090842,
            -2.6816133256450256,
            1.193645856040111,
            -1.455196251459715,
            -1.8014050025047756,
            -1.729830623101992e-05
        ],
        [
            -1.9863704618555105,
            -1.737648938558662,
            2.0202650734931713,
            -1.346722326717779,
            -1.1847679377552405,
            -1.1406389167660505e-05
        ]
    ],
    "base_poses": [
        [
            [
                -0.5569428073454166,
                -0.2040477088305307,
                0.0
            ],
            [
                -0.0,
                -0.0,
                0.8560954007063907,
                0.5168178256304286
            ]
        ],
        [
            [
                -0.7949826206632505,
                0.368499240954288,
                0.0
            ],
            [
                -0.0,
                -0.0,
                0.47626100738750016,
                0.8793039593009027
            ]
        ],
        [
            [
                0.2666653887991195,
                -0.0030162958480335345,
                0.0
            ],
            [
                0.0,
                0.0,
                -0.6106598705606453,
                0.7918929993925037
            ]
        ]
    ],
    "difficulty": 0.6644112395451556,
    "dynamic_speed": null,
    "ur5_count": 3,
    "id": "003214",
    "task_path": "/home/hqh2101/workspace-sharing-multiarm/src/data/8f14d7-hard-vlo-tasks/003214.json"
}