{
    "target_eff_poses": [
        [
            [
                -0.2944488227367401,
                0.6305933594703674,
                0.21328860521316528
            ],
            [
                0.1736973226070404,
                0.8988946080207825,
                -0.24225693941116333,
                0.3211374580860138
            ]
        ]
    ],
    "start_goal_config": [
        null
    ],
    "start_config": [
        [
            -3.4513895677191786,
            -0.7981095531679765,
            1.2175136933679611,
            -1.8999825555164767,
            -1.5893000322638733,
            2.9132862249541417e-06
        ]
    ],
    "goal_config": [
        [
            -4.008590213287508,
            -1.9750423743579406,
            2.2768691113973807,
            -1.1297995090031046,
            -2.0261938700173854,
            1.6716326619938812e-05
        ]
    ],
    "base_poses": [
        [
            [
                -0.4656975834257237,
                0.74293258844889,
                0.0
            ],
            [
                0.0,
                0.0,
                0.9998886763704069,
                -0.014920953931822353
            ]
        ]
    ],
    "difficulty": 0.0
}