{
    "target_eff_poses": [
        [
            [
                0.9806245565414429,
                -0.11500609666109085,
                0.6100823879241943
            ],
            [
                0.5421869158744812,
                0.16910366714000702,
                -0.24455824494361877,
                0.7858934998512268
            ]
        ],
        [
            [
                -0.4691948890686035,
                -0.25458425283432007,
                0.3392166495323181
            ],
            [
                -0.5191313624382019,
                -0.3793080449104309,
                0.7547402381896973,
                0.13036562502384186
            ]
        ],
        [
            [
                -0.08405409008264542,
                -0.5938352346420288,
                0.6999707818031311
            ],
            [
                -0.3874713182449341,
                0.11328359693288803,
                0.6479572653770447,
                0.6458979845046997
            ]
        ]
    ],
    "start_goal_config": [
        null,
        null,
        null
    ],
    "start_config": [
        [
            -3.4190421224917134,
            -2.5610119691633515,
            1.5450271536352076,
            -1.3309372093044012,
            -2.6604171483379755,
            2.6132126961552355e-05
        ],
        [
            -4.708008641670077,
            -2.013062993455939,
            1.9076821229472094,
            -1.3090972408737898,
            -2.273453924530654,
            2.517863653036399e-05
        ],
        [
            -4.640397718661014,
            -1.6401344718225965,
            2.351129594004123,
            -1.2645530161147593,
            -2.3600183598634814,
            1.719864007967585e-05
        ]
    ],
    "goal_config": [
        [
            -1.473211256954585,
            -1.683579958502924,
            1.3347798406814926,
            -1.5848152827899578,
            -0.6040275778935318,
            4.8444428350859766e-05
        ],
        [
            -3.0440858707052567,
            -3.2237659658103675,
            2.0767253349677297,
            -0.5979028389401346,
            -2.3728431374826044,
            -1.738755610716739e-05
        ],
        [
            -3.9366113072686244,
            -2.1771458838364275,
            1.3746035010326614,
            -1.5079340235357133,
            -2.070193501237402,
            3.73137407167948e-05
        ]
    ],
    "base_poses": [
        [
            [
                0.7641842375390724,
                0.32033998407206465,
                0.0
            ],
            [
                0.0,
                0.0,
                -0.048436872831936505,
                0.9988262458257006
            ]
        ],
        [
            [
                -0.613625011629173,
                -0.3086033143306892,
                0.0
            ],
            [
                -0.0,
                -0.0,
                0.18023329259696694,
                0.9836238916576072
            ]
        ],
        [
            [
                0.04240396181829187,
                -0.7265446295283748,
                0.0
            ],
            [
                0.0,
                0.0,
                -0.1361671000802387,
                0.9906858840499032
            ]
        ]
    ],
    "difficulty": 0.4417402743845142,
    "dynamic_speed": null
}