{
    "target_eff_poses": [
        [
            [
                0.45476603507995605,
                0.06950279325246811,
                0.6433396935462952
            ],
            [
                -0.4605785608291626,
                0.03340921550989151,
                0.8505924344062805,
                0.25148287415504456
            ]
        ],
        [
            [
                0.9951848387718201,
                1.016669750213623,
                0.32388874888420105
            ],
            [
                0.05493027716875076,
                0.6775476932525635,
                0.48141545057296753,
                0.5533090829849243
            ]
        ],
        [
            [
                0.7139031887054443,
                -0.746968150138855,
                0.1317245364189148
            ],
            [
                0.3817675709724426,
                0.853537380695343,
                -0.2696264386177063,
                0.2302805483341217
            ]
        ],
        [
            [
                -0.0857795774936676,
                0.4183600842952728,
                0.301592081785202
            ],
            [
                0.6418085098266602,
                0.49726933240890503,
                -0.3743169903755188,
                0.44798633456230164
            ]
        ]
    ],
    "start_goal_config": [
        null,
        null,
        null,
        null
    ],
    "start_config": [
        [
            -3.1325561567272424,
            -3.0996355615403295,
            1.938171351936183,
            -0.9439648207239613,
            -2.6907836697082135,
            2.272923448153747e-05
        ],
        [
            -2.592927694109163,
            -2.309497937402298,
            2.231659552611938,
            -0.9996481530095811,
            -1.4976930921799316,
            -4.7929725433988955e-06
        ],
        [
            -3.2092343516817694,
            -3.0027146747959623,
            1.9640159259352798,
            -0.9464278995949258,
            -2.4930318713434882,
            -1.5863042249299564e-06
        ],
        [
            -4.790553143924655,
            -1.5620534356142657,
            1.0981241490598572,
            -1.7563886961246897,
            -2.1905714755896275,
            -3.810880267978185e-05
        ]
    ],
    "goal_config": [
        [
            -3.470450127395258,
            -2.2000289606235026,
            1.4742670115288716,
            -1.4558047544840576,
            -1.7858635695933887,
            1.6429396391820116e-05
        ],
        [
            -1.3215522432959692,
            -1.076233421425493,
            1.2193033088184573,
            -1.7897910008591313,
            -0.7738746732737967,
            4.047118174915944e-05
        ],
        [
            -4.329367127039179,
            -1.514491398595402,
            2.15066325942338,
            -1.3610923585890216,
            -2.0141280690910084,
            2.3577329428484272e-05
        ],
        [
            -2.336320403947828,
            -1.7491505829038234,
            1.890621205727322,
            -1.3882340827360733,
            -1.3552311624722204,
            -5.561312297611288e-06
        ]
    ],
    "base_poses": [
        [
            [
                0.6646812949198113,
                0.07750157100516175,
                0.0
            ],
            [
                0.0,
                0.0,
                -0.015499673034512005,
                0.9998798728526459
            ]
        ],
        [
            [
                0.5586796576896511,
                0.4438465596111534,
                0.0
            ],
            [
                -0.0,
                -0.0,
                0.8295809898238311,
                0.5583864086122733
            ]
        ],
        [
            [
                0.5739336444287031,
                -0.46054822498447123,
                0.0
            ],
            [
                0.0,
                0.0,
                0.9988307986399151,
                0.04834289697928086
            ]
        ],
        [
            [
                -0.20929057304166343,
                0.7853860476246979,
                0.0
            ],
            [
                -0.0,
                -0.0,
                0.35631966280693916,
                0.9343641141959322
            ]
        ]
    ],
    "difficulty": 0.9312517633781623,
    "dynamic_speed": null,
    "ur5_count": 4,
    "id": "003362",
    "task_path": "/home/huy/programming/projects/workspace-sharing-multiarm/src/data/8f14d7-hard-vlo-tasks/003362.json"
}