{
    "target_eff_poses": [
        [
            [
                1.0045626163482666,
                1.2013146877288818,
                0.2877773344516754
            ],
            [
                -0.46463528275489807,
                0.5117883682250977,
                -0.004693205002695322,
                0.7226096391677856
            ]
        ],
        [
            [
                0.10903158038854599,
                -0.030468322336673737,
                0.5312864780426025
            ],
            [
                -0.5751999616622925,
                -0.14366474747657776,
                0.6996199488639832,
                -0.39879488945007324
            ]
        ],
        [
            [
                1.1434201002120972,
                -0.47114285826683044,
                0.25259190797805786
            ],
            [
                0.2683979272842407,
                0.6758286356925964,
                -0.3432972729206085,
                0.5944453477859497
            ]
        ]
    ],
    "start_goal_config": [
        null,
        null,
        null
    ],
    "start_config": [
        [
            -2.882336936178617,
            -2.782790971655194,
            1.4525704958536407,
            -1.2921027403255219,
            -1.8564943425312714,
            1.8930700580406815e-05
        ],
        [
            -4.286925697095174,
            -2.2112556340009295,
            2.3556011852126324,
            -1.000403683004268,
            -2.346214170567313,
            4.344910599899319e-17
        ],
        [
            -2.4070086394595624,
            -2.5122027920771135,
            1.8884786809166478,
            -1.16003831568148,
            -1.2230865515101703,
            5.553798585037365e-08
        ]
    ],
    "goal_config": [
        [
            -5.091337145482369,
            -1.0217374235830883,
            1.2077004094550938,
            -1.801124047742029,
            -2.314436180407141,
            3.3327814625558966e-05
        ],
        [
            -2.404406715027299,
            -2.2443841005369003,
            1.7052872417267864,
            -1.3332600645783197,
            -1.2974726465804403,
            -3.250795821164761e-07
        ],
        [
            -3.822454723205506,
            -1.1537146054359266,
            1.388565526061174,
            -1.7480486482984647,
            -1.7164755314370472,
            1.4037223551011681e-05
        ]
    ],
    "base_poses": [
        [
            [
                0.49283158052841314,
                0.7143451329629322,
                0.0
            ],
            [
                0.0,
                0.0,
                -0.2285492843685712,
                0.9735323438975276
            ]
        ],
        [
            [
                0.1532623506033708,
                0.21134800750220362,
                0.0
            ],
            [
                -0.0,
                -0.0,
                0.012825633893693553,
                0.9999177481749311
            ]
        ],
        [
            [
                0.6751914227245104,
                -0.024539110632998407,
                0.0
            ],
            [
                0.0,
                0.0,
                0.9939077453333899,
                0.11021521567504819
            ]
        ]
    ],
    "difficulty": 0.5216093357758328
}