{
    "target_eff_poses": [
        [
            [
                0.5871742963790894,
                -0.064124196767807,
                0.3560098111629486
            ],
            [
                -0.5374614596366882,
                -0.4819956421852112,
                0.6005843281745911,
                -0.34367698431015015
            ]
        ]
    ],
    "start_goal_config": [
        null
    ],
    "start_config": [
        [
            -4.046525231101434,
            -1.6537645236720695,
            1.1786700476192185,
            -1.7264901251664972,
            -1.8328102657669127,
            2.2659215946276287e-05
        ]
    ],
    "goal_config": [
        [
            -3.9371559911246283,
            -1.4934265091883785,
            1.5594331175986698,
            -1.594415093585171,
            -1.7820842565438673,
            2.204080850854387e-05
        ]
    ],
    "base_poses": [
        [
            [
                0.6709377655688815,
                0.4489969789595043,
                0.0
            ],
            [
                -0.0,
                -0.0,
                0.8537745390760104,
                0.5206429068234255
            ]
        ]
    ],
    "difficulty": 0.0
}