{
    "target_eff_poses": [
        [
            [
                0.24174228310585022,
                0.4996263086795807,
                0.6545016765594482
            ],
            [
                0.09492144733667374,
                0.33864250779151917,
                -0.5539663434028625,
                0.7546074986457825
            ]
        ],
        [
            [
                -0.7726510167121887,
                -0.3573226034641266,
                0.55706787109375
            ],
            [
                -0.48508626222610474,
                0.031576186418533325,
                0.819465696811676,
                0.3035956025123596
            ]
        ],
        [
            [
                0.817992091178894,
                0.1525506228208542,
                0.24584892392158508
            ],
            [
                -0.07954594492912292,
                0.8727769255638123,
                0.14489617943763733,
                0.459279865026474
            ]
        ],
        [
            [
                0.4921548366546631,
                0.2230040431022644,
                0.4911447763442993
            ],
            [
                -0.46721741557121277,
                0.42512497305870056,
                -0.14299674332141876,
                0.7619242668151855
            ]
        ]
    ],
    "start_goal_config": [
        null,
        null,
        null,
        null
    ],
    "start_config": [
        [
            -2.8690249487352513,
            -2.2189796679442466,
            2.3186430696371967,
            -0.9663970026008011,
            -1.6419294281577195,
            3.8908563882386854e-18
        ],
        [
            -2.944659153060703,
            -1.804285958721698,
            1.448636632722511,
            -1.5681277521913843,
            -1.5213852997560653,
            5.161184769164204e-06
        ],
        [
            -3.8963954893901764,
            -2.0699600273419363,
            2.2339906299353633,
            -1.113586148637891,
            -1.9875524074166653,
            -1.5898952767427704e-06
        ],
        [
            -3.377220128702565,
            -2.649117221760479,
            2.2294130908828715,
            -0.8369741954083938,
            -2.043040996649274,
            2.6272669288733462e-17
        ]
    ],
    "goal_config": [
        [
            -3.1285202184207246,
            -2.5758164107827746,
            1.4934241232984313,
            -1.3404410212528666,
            -1.930760250486198,
            -3.983665191072059e-06
        ],
        [
            -3.17106972477762,
            -2.609170531457185,
            1.7057243927195447,
            -1.2228653992783771,
            -1.860610990361364,
            2.5632445496865422e-05
        ],
        [
            -2.340887870925707,
            -1.9244851697919032,
            2.1404119399361248,
            -1.2208722791079858,
            -1.356083766271216,
            2.615624362207344e-07
        ],
        [
            -3.869972298023183,
            -2.63383838161894,
            1.9654816384941887,
            -1.1057859056075212,
            -2.5888512585612777,
            6.414698325264719e-06
        ]
    ],
    "base_poses": [
        [
            [
                0.2046960573204588,
                0.44416635478548394,
                0.0
            ],
            [
                0.0,
                0.0,
                0.8961368943962523,
                0.4437777219530517
            ]
        ],
        [
            [
                -0.7225667546490044,
                -0.30083085706070634,
                0.0
            ],
            [
                0.0,
                0.0,
                -0.19391301275213763,
                0.9810187273877035
            ]
        ],
        [
            [
                0.6423222429505366,
                -0.0693543810819024,
                0.0
            ],
            [
                0.0,
                0.0,
                0.9796460209062271,
                0.20073284166422786
            ]
        ],
        [
            [
                0.45698186506205096,
                0.19829989527318848,
                0.0
            ],
            [
                0.0,
                0.0,
                -0.7727090559539326,
                0.6347603601728625
            ]
        ]
    ],
    "difficulty": 0.977993040534186,
    "dynamic_speed": null
}