{
    "target_eff_poses": [
        [
            [
                0.4313872456550598,
                -0.6067287921905518,
                0.36308857798576355
            ],
            [
                -0.23105156421661377,
                0.765579104423523,
                -0.2726220488548279,
                0.534959077835083
            ]
        ],
        [
            [
                -0.21502599120140076,
                -0.6339664459228516,
                0.6076510548591614
            ],
            [
                0.26686152815818787,
                0.43114033341407776,
                -0.25039103627204895,
                0.8247467875480652
            ]
        ],
        [
            [
                -0.31915149092674255,
                0.22973306477069855,
                0.28963595628738403
            ],
            [
                0.7876134514808655,
                0.228641539812088,
                -0.3295350968837738,
                0.46775496006011963
            ]
        ]
    ],
    "start_goal_config": [
        null,
        null,
        null
    ],
    "start_config": [
        [
            -3.7538811017921425,
            -2.4541150857179277,
            2.00072811187379,
            -1.118852850397845,
            -2.0551775050562133,
            2.636865820601048e-09
        ],
        [
            -3.931663460471011,
            -1.8628464117849617,
            1.1035195645961644,
            -1.715369139646057,
            -1.8699040943394998,
            2.3330689824164725e-05
        ],
        [
            -4.625567921851467,
            -1.3196293369079959,
            1.6604483804349721,
            -1.596184877011555,
            -2.030297729730843,
            2.8955169931616053e-05
        ]
    ],
    "goal_config": [
        [
            -4.782983741185962,
            -1.994880454101161,
            1.9869970375504555,
            -1.280153661163959,
            -2.3352072272260807,
            2.1223218959694543e-05
        ],
        [
            -2.4947656229497728,
            -2.207674445197657,
            1.5471623229519327,
            -1.4175646522231198,
            -1.3112944426289945,
            -1.3137283382391954e-05
        ],
        [
            -2.219184828468324,
            -2.878794174939488,
            2.2894056142730177,
            -0.6289246663691912,
            -0.8962758750421247,
            -9.027757360925895e-06
        ]
    ],
    "base_poses": [
        [
            [
                0.1503868446233685,
                -0.5756058752472776,
                0.0
            ],
            [
                0.0,
                0.0,
                -0.7441045255197714,
                0.668063211905128
            ]
        ],
        [
            [
                -0.4546558247488324,
                -0.5774133806190813,
                0.0
            ],
            [
                -0.0,
                -0.0,
                0.7331036304405926,
                0.6801169509980053
            ]
        ],
        [
            [
                -0.5090816997053176,
                0.26273197685419136,
                0.0
            ],
            [
                -0.0,
                -0.0,
                0.15792109098301044,
                0.9874517350345462
            ]
        ]
    ],
    "difficulty": 0.6599642957812647,
    "dynamic_speed": null
}