{
    "target_eff_poses": [
        [
            [
                0.38366952538490295,
                0.20774011313915253,
                0.15480205416679382
            ],
            [
                0.9056737422943115,
                0.02153083309531212,
                -0.3957640528678894,
                -0.1505403369665146
            ]
        ],
        [
            [
                -0.026462581008672714,
                0.3656180500984192,
                0.7429184913635254
            ],
            [
                -0.23838818073272705,
                0.3124313950538635,
                -0.13859818875789642,
                0.9090369939804077
            ]
        ],
        [
            [
                0.7061219215393066,
                0.836134672164917,
                0.49479132890701294
            ],
            [
                -0.3195900321006775,
                0.5358263254165649,
                0.38975977897644043,
                0.6773769855499268
            ]
        ]
    ],
    "start_goal_config": [
        null,
        null,
        null
    ],
    "start_config": [
        [
            -3.035159237819865,
            -2.5179666568934085,
            1.3706746642274426,
            -1.4172524301348015,
            -1.7115899258649188,
            -1.8475302146815282e-06
        ],
        [
            -3.678046614131002,
            -2.6146532923345736,
            2.0470763301800883,
            -1.0360302361175913,
            -2.174502952258842,
            1.5463622436549894e-05
        ],
        [
            -3.6563138451539023,
            -1.654908498716627,
            1.1777815024483065,
            -1.7294111966854895,
            -1.7038333643803956,
            1.4958519097775342e-05
        ]
    ],
    "goal_config": [
        [
            -4.305607057677079,
            -1.469432979460502,
            2.0167185066329507,
            -1.4217392586422948,
            -1.958045375516908,
            -2.7506769639904366e-06
        ],
        [
            -4.7470955324365525,
            -1.8163886288843751,
            1.1536186165893252,
            -1.6710310297218085,
            -2.373897260997457,
            3.593358785384218e-05
        ],
        [
            -3.1656264818422604,
            -1.74882179256702,
            1.5090836750008294,
            -1.554413874516717,
            -1.5864669672664349,
            8.100751641546645e-06
        ]
    ],
    "base_poses": [
        [
            [
                0.7557124125151524,
                0.13995180813030927,
                0.0
            ],
            [
                -0.0,
                -0.0,
                0.40058102786242256,
                0.9162613383291281
            ]
        ],
        [
            [
                -0.31435238775321644,
                0.19035705997601338,
                0.0
            ],
            [
                0.0,
                0.0,
                -0.4949618967578004,
                0.8689146797919348
            ]
        ],
        [
            [
                0.5908566978039183,
                0.4114027822402855,
                0.0
            ],
            [
                0.0,
                0.0,
                -0.8566854131189404,
                0.5158392219957982
            ]
        ]
    ],
    "difficulty": 0.8174550926361328,
    "dynamic_speed": null
}