{
    "target_eff_poses": [
        [
            [
                -0.11709039658308029,
                -0.48177310824394226,
                0.33091118931770325
            ],
            [
                0.33372411131858826,
                0.7214903235435486,
                -0.3578132390975952,
                0.4899485111236572
            ]
        ],
        [
            [
                0.0895380973815918,
                0.0355721190571785,
                0.5263574123382568
            ],
            [
                -0.006855799816548824,
                0.008417225442826748,
                0.9985791444778442,
                -0.05217153578996658
            ]
        ]
    ],
    "start_goal_config": [
        null,
        null
    ],
    "start_config": [
        [
            -3.1050272245118093,
            -2.721213565732194,
            1.6668452284158737,
            -1.207838689928373,
            -2.0270846910062015,
            6.031558435326307e-07
        ],
        [
            -3.1009790034015894,
            -2.741927600701741,
            1.5777005020253634,
            -1.2690281815709474,
            -2.7013521984940776,
            3.0384583018333463e-05
        ]
    ],
    "goal_config": [
        [
            -3.1427070785078635,
            -2.420046086962514,
            2.1385949619455102,
            -1.022343863485786,
            -1.7683348816614348,
            8.328055556342243e-12
        ],
        [
            -3.3211503571190457,
            -3.1992437416593384,
            1.2803528317750263,
            -1.2010220155633409,
            -0.6323869462048562,
            3.9682467404382136e-05
        ]
    ],
    "base_poses": [
        [
            [
                -0.2462242535348409,
                -0.42147443753742825,
                0.0
            ],
            [
                -0.0,
                -0.0,
                0.8620721229102138,
                0.506785610392676
            ]
        ],
        [
            [
                -0.07395113574004042,
                0.5342940552975961,
                0.0
            ],
            [
                0.0,
                0.0,
                -0.3214187039881647,
                0.9469371767580828
            ]
        ]
    ],
    "difficulty": 0.23919172932330826,
    "dynamic_speed": null,
    "ur5_count": 2,
    "id": "003403",
    "task_path": "/home/hqh2101/workspace-sharing-multiarm/src/data/8f14d7-hard-vlo-tasks/003403.json"
}