{
    "target_eff_poses": [
        [
            [
                0.9383808970451355,
                0.15976954996585846,
                0.3619803190231323
            ],
            [
                0.19512447714805603,
                0.6343899369239807,
                -0.23606951534748077,
                0.7097514271736145
            ]
        ]
    ],
    "start_goal_config": [
        null
    ],
    "start_config": [
        [
            -3.294835034486968,
            -1.6284489667629867,
            1.8253353900595934,
            -1.4445978090702771,
            -1.6353441813335614,
            1.371468973047785e-05
        ]
    ],
    "goal_config": [
        [
            -3.3489461848105346,
            -1.295182952799122,
            1.3419906801425883,
            -1.7368369360760054,
            -1.5935006701431131,
            4.869397965654606e-06
        ]
    ],
    "base_poses": [
        [
            [
                0.37444154178872546,
                0.43149809133688843,
                0.0
            ],
            [
                0.0,
                0.0,
                0.978843179404655,
                0.20461190124962508
            ]
        ]
    ],
    "difficulty": 0.0,
    "dynamic_speed": null
}