{
    "target_eff_poses": [
        [
            [
                0.7075727581977844,
                0.42252135276794434,
                0.40242087841033936
            ],
            [
                -0.5559725165367126,
                -0.14013074338436127,
                0.7253815531730652,
                -0.3808930814266205
            ]
        ],
        [
            [
                0.018934329971671104,
                -0.6559674143791199,
                0.49312710762023926
            ],
            [
                -0.4954604208469391,
                -0.2780391275882721,
                0.734462320804596,
                -0.37118494510650635
            ]
        ],
        [
            [
                0.37586283683776855,
                -0.3468744456768036,
                0.811776876449585
            ],
            [
                -0.22409136593341827,
                -0.0677027627825737,
                0.9109395742416382,
                0.3396889865398407
            ]
        ],
        [
            [
                -0.5526535511016846,
                0.033869411796331406,
                0.4866167902946472
            ],
            [
                -0.6174402236938477,
                -0.000710303895175457,
                0.7656654119491577,
                -0.1803426295518875
            ]
        ]
    ],
    "start_goal_config": [
        null,
        null,
        null,
        null
    ],
    "start_config": [
        [
            -2.1053694779630656,
            -2.0631901574926306,
            1.5109000816578928,
            -1.4691979490638734,
            -1.0987660172715408,
            -2.1082782961883386e-05
        ],
        [
            -4.900236057834192,
            -1.5641798183935163,
            1.2709226949899208,
            -1.6731343486813908,
            -2.249783919334435,
            3.0335095618226187e-05
        ],
        [
            -2.7849582711495717,
            -3.140448808296691,
            1.855874691204575,
            -0.8777876699049912,
            -1.173895076862684,
            -1.6118629565060652e-09
        ],
        [
            -3.6895972250054707,
            -0.754480968466686,
            1.0699296286427162,
            -1.9714282983491165,
            -1.6419539322794845,
            6.079889632739552e-06
        ]
    ],
    "goal_config": [
        [
            -2.676930421569187,
            -2.9946078847253736,
            1.9593500722605017,
            -0.8851281436395247,
            -1.3341750802535195,
            -1.3217952404508707e-05
        ],
        [
            -2.8981915839750867,
            -2.607589383813832,
            1.8287053629652095,
            -1.1542128429702152,
            -1.6142324107405095,
            2.2757520477435236e-09
        ],
        [
            -3.6498825428463793,
            -2.1984578365253222,
            1.1423033967496996,
            -1.6128421005423272,
            -2.221175792266864,
            3.2424796274549905e-05
        ],
        [
            -2.387512730902745,
            -1.6148428427244435,
            1.4267724241060633,
            -1.622549635932063,
            -1.3406243857908284,
            -7.4771288606697295e-06
        ]
    ],
    "base_poses": [
        [
            [
                0.5488379612974199,
                0.46778990435765566,
                0.0
            ],
            [
                -0.0,
                -0.0,
                0.13248338279282854,
                0.9911852265261871
            ]
        ],
        [
            [
                -0.04029534600852558,
                -0.5585158493392435,
                0.0
            ],
            [
                -0.0,
                -0.0,
                0.359715001809759,
                0.9330622259383374
            ]
        ],
        [
            [
                0.4563317980255204,
                -0.3214907724503821,
                0.0
            ],
            [
                -0.0,
                -0.0,
                0.22058080444046038,
                0.975368703984498
            ]
        ],
        [
            [
                -0.10914941777669451,
                0.2815121057261958,
                0.0
            ],
            [
                0.0,
                0.0,
                -0.2578612824825027,
                0.9661819492189238
            ]
        ]
    ],
    "difficulty": 0.5927132098514146
}