{
    "target_eff_poses": [
        [
            [
                0.516592800617218,
                -0.4654525816440582,
                0.14583531022071838
            ],
            [
                -0.008324629627168179,
                0.7705392837524414,
                -0.09923073649406433,
                0.6295658349990845
            ]
        ]
    ],
    "start_goal_config": [
        null
    ],
    "start_config": [
        [
            -3.6374072619766094,
            -1.6907498157041498,
            1.6840758855919322,
            -1.4907605383919869,
            -1.723134810079277,
            1.8867966191040024e-05
        ]
    ],
    "goal_config": [
        [
            -3.9204133184788605,
            -0.9862597818818027,
            1.3899761008498237,
            -1.7857901705354342,
            -1.737928267209098,
            1.6009438816620883e-05
        ]
    ],
    "base_poses": [
        [
            [
                -0.15323654269587084,
                -0.4557489792841297,
                0.0
            ],
            [
                0.0,
                0.0,
                0.9502826096126147,
                -0.3113887632330987
            ]
        ]
    ],
    "difficulty": 0.0,
    "dynamic_speed": null
}