{
    "target_eff_poses": [
        [
            [
                -0.132139191031456,
                0.6747026443481445,
                0.4715011715888977
            ],
            [
                -0.361805260181427,
                0.3684377372264862,
                0.7311888337135315,
                0.4457728862762451
            ]
        ]
    ],
    "start_goal_config": [
        null
    ],
    "start_config": [
        [
            -4.928277489863633,
            -1.7921821999407719,
            1.2286481827844886,
            -1.6024794027372395,
            -2.6857737615941644,
            -9.299922855623181e-05
        ]
    ],
    "goal_config": [
        [
            -2.724330728500765,
            -2.8640676733330075,
            1.8490418634249646,
            -1.0413235507056604,
            -1.3237975545349894,
            -1.3627569111489361e-05
        ]
    ],
    "base_poses": [
        [
            [
                -0.008316850992192037,
                0.7643735476360412,
                0.0
            ],
            [
                0.0,
                0.0,
                -0.7704985000780286,
                0.6374418101893758
            ]
        ]
    ],
    "difficulty": 0.0,
    "dynamic_speed": null
}