{
    "target_eff_poses": [
        [
            [
                -0.9581056833267212,
                0.46681123971939087,
                0.39143988490104675
            ],
            [
                0.6989074349403381,
                0.29847463965415955,
                -0.6218352913856506,
                -0.18910887837409973
            ]
        ]
    ],
    "start_goal_config": [
        null
    ],
    "start_config": [
        [
            -2.771399573328332,
            -1.9138287777198544,
            1.7219625607529387,
            -1.415152105642781,
            -1.4977681652584112,
            2.863400593833977e-06
        ]
    ],
    "goal_config": [
        [
            -4.869418876590272,
            -1.795539223457531,
            1.793055110030578,
            -1.4125476882313026,
            -2.2696332088015527,
            2.753592569715303e-05
        ]
    ],
    "base_poses": [
        [
            [
                -0.5874723129353923,
                0.5328168581452997,
                0.0
            ],
            [
                -0.0,
                -0.0,
                0.7944593539354359,
                0.6073173263990499
            ]
        ]
    ],
    "difficulty": 0.0,
    "dynamic_speed": null
}