{
    "target_eff_poses": [
        [
            [
                0.40565788745880127,
                0.147521510720253,
                0.3881474435329437
            ],
            [
                0.027342358604073524,
                0.7690516114234924,
                -0.40828248858451843,
                0.49103713035583496
            ]
        ],
        [
            [
                -0.4231986701488495,
                0.2466323971748352,
                0.7445499300956726
            ],
            [
                -0.270603209733963,
                0.1933775544166565,
                0.37324464321136475,
                0.8660643696784973
            ]
        ],
        [
            [
                -0.40786048769950867,
                -1.0549298524856567,
                0.12804289162158966
            ],
            [
                0.6475005149841309,
                0.5460296869277954,
                -0.3741031885147095,
                0.37767913937568665
            ]
        ]
    ],
    "start_goal_config": [
        null,
        null,
        null
    ],
    "start_config": [
        [
            -4.202088121921916,
            -2.1555898032909355,
            1.3648550525923238,
            -1.5116292825658344,
            -2.3572649998760884,
            3.829999720253558e-05
        ],
        [
            -2.279499001398891,
            -2.720135056083156,
            2.2739525520849377,
            -0.7316823648693868,
            -1.1647044417670125,
            1.3231986313182189e-05
        ],
        [
            -3.1523000707210787,
            -1.3012556984938628,
            1.6019081968116424,
            -1.6234642288475771,
            -1.5587714445570462,
            3.2078946051752507e-06
        ]
    ],
    "goal_config": [
        [
            -4.583131826664766,
            -2.0704931489042027,
            1.9568169646849631,
            -1.271669914009953,
            -2.228892141425195,
            2.1229338819688133e-05
        ],
        [
            -3.7607996377764934,
            -2.2264184156189617,
            1.295703847741263,
            -1.532743699107606,
            -2.1142525034213056,
            3.9857460621840334e-05
        ],
        [
            -2.8764311948407304,
            -1.155827971277791,
            1.668181287789141,
            -1.633320313501154,
            -1.4812276420889017,
            -2.368679622669479e-06
        ]
    ],
    "base_poses": [
        [
            [
                0.1919159552312948,
                0.29873269433638616,
                0.0
            ],
            [
                0.0,
                0.0,
                0.9372321378226729,
                -0.34870606509256813
            ]
        ],
        [
            [
                -0.4079040143568552,
                0.11929825056431953,
                0.0
            ],
            [
                0.0,
                0.0,
                -0.5501512758742024,
                0.8350650116332184
            ]
        ],
        [
            [
                -0.4848932279014664,
                -0.5048458194501078,
                0.0
            ],
            [
                -0.0,
                -0.0,
                0.5751501886964804,
                0.8180478350575857
            ]
        ]
    ],
    "difficulty": 0.7656352863726136,
    "dynamic_speed": null
}