{
    "target_eff_poses": [
        [
            [
                -0.12950445711612701,
                1.0240048170089722,
                0.2909749746322632
            ],
            [
                -0.5364271402359009,
                0.40755605697631836,
                0.7244669198989868,
                0.14591650664806366
            ]
        ],
        [
            [
                -0.09532289206981659,
                -0.2470931112766266,
                0.6785480976104736
            ],
            [
                -0.16276532411575317,
                -0.4689495265483856,
                0.8334373831748962,
                -0.2428499162197113
            ]
        ],
        [
            [
                1.0305843353271484,
                0.1292734295129776,
                0.12415169179439545
            ],
            [
                0.3125897943973541,
                0.8309406638145447,
                0.209316685795784,
                0.40989238023757935
            ]
        ]
    ],
    "start_goal_config": [
        null,
        null,
        null
    ],
    "start_config": [
        [
            -3.940772950427436,
            -2.539051928445822,
            2.0411533987478654,
            -1.0794777589332614,
            -2.2924807803248552,
            1.5669753750856725e-05
        ],
        [
            -5.33301158253359,
            -1.0431540375012387,
            1.426205253601274,
            -1.6332061887200975,
            -2.7172417345460156,
            -5.02464666023182e-05
        ],
        [
            -3.5203422748823425,
            -2.2218774121710396,
            1.2555446616434622,
            -1.5549558876750387,
            -1.9155187296451233,
            2.549837534274647e-05
        ]
    ],
    "goal_config": [
        [
            -1.8463880895336309,
            -1.0696744364940671,
            1.2313924508717453,
            -1.8249221021640938,
            -1.1198292500524254,
            -2.4151272741413777e-05
        ],
        [
            -4.909704718998759,
            -1.8285205539477989,
            1.3073557153783522,
            -1.5815854530376814,
            -2.5239688468741552,
            -4.427710681172353e-05
        ],
        [
            -1.391620825396851,
            -1.1811336603795715,
            1.8141663379938597,
            -1.5895563865901208,
            -0.7388548134114555,
            -2.381961031340591e-05
        ]
    ],
    "base_poses": [
        [
            [
                0.45526573929277125,
                0.611163066587256,
                0.0
            ],
            [
                0.0,
                0.0,
                0.8780866913452148,
                -0.4785015804387833
            ]
        ],
        [
            [
                -0.08071163735976383,
                0.10422388487753675,
                0.0
            ],
            [
                0.0,
                0.0,
                0.9973094863956778,
                -0.07330612761010741
            ]
        ],
        [
            [
                0.5521844913069323,
                -0.1312353242333073,
                0.0
            ],
            [
                -0.0,
                -0.0,
                0.6830755612460845,
                0.7303477100863305
            ]
        ]
    ],
    "difficulty": 0.587322486598326,
    "dynamic_speed": null,
    "ur5_count": 3,
    "id": "003502",
    "task_path": "/home/hqh2101/workspace-sharing-multiarm/src/data/8f14d7-hard-vlo-tasks/003502.json"
}