{
    "target_eff_poses": [
        [
            [
                -0.971402645111084,
                -0.027660012245178223,
                0.6122916340827942
            ],
            [
                -0.007989957928657532,
                -0.16047784686088562,
                0.4877588450908661,
                0.8580642938613892
            ]
        ],
        [
            [
                -0.618554949760437,
                -0.7196143269538879,
                0.4836769700050354
            ],
            [
                -0.5739390850067139,
                -0.15482842922210693,
                0.7378864884376526,
                -0.3196023106575012
            ]
        ],
        [
            [
                -0.08268152922391891,
                -0.9595868587493896,
                0.6818711161613464
            ],
            [
                -0.2841395437717438,
                -0.3543033003807068,
                0.8560497760772705,
                -0.24680520594120026
            ]
        ]
    ],
    "start_goal_config": [
        null,
        null,
        null
    ],
    "start_config": [
        [
            -3.044327110521466,
            -2.9866191061948917,
            1.8333933987845197,
            -1.0364743277201713,
            -2.500320593356481,
            1.848060806874354e-05
        ],
        [
            -2.9474245739300673,
            -2.6639160185249047,
            1.5036658508673508,
            -1.3056508616708904,
            -1.56976462332943,
            -1.908815853858651e-07
        ],
        [
            -3.32500197418528,
            -1.9760155136270585,
            2.365245127451104,
            -1.0566724146766784,
            -1.7994991221712753,
            3.8086851771072936e-06
        ]
    ],
    "goal_config": [
        [
            -3.2791597837901487,
            -3.0266255707376346,
            0.9864479709721881,
            -1.424167534830015,
            -1.0041579006000967,
            -3.147260268627805e-17
        ],
        [
            -2.6947763904238573,
            -1.4921860782643446,
            1.3229897677905376,
            -1.6992171456535092,
            -1.425550464676962,
            -1.261682845233015e-06
        ],
        [
            -4.525788791906595,
            -1.9223885437378683,
            1.3143240623688037,
            -1.5906584495898772,
            -2.184958032098193,
            -6.331691928677826e-07
        ]
    ],
    "base_poses": [
        [
            [
                -0.4215138153007789,
                0.04928585916524697,
                0.0
            ],
            [
                0.0,
                0.0,
                0.9546378073904757,
                -0.2977694690540067
            ]
        ],
        [
            [
                -0.26928649710382047,
                -0.2780872206352333,
                0.0
            ],
            [
                -0.0,
                -0.0,
                0.11246817547637135,
                0.9936553273167794
            ]
        ],
        [
            [
                0.006848990523071863,
                -0.6560750755036233,
                0.0
            ],
            [
                0.0,
                0.0,
                0.9579797006549082,
                0.2868360038996715
            ]
        ]
    ],
    "difficulty": 0.6106248727864848
}