{
    "target_eff_poses": [
        [
            [
                -0.47634410858154297,
                0.6363189220428467,
                0.7792109847068787
            ],
            [
                -0.19939222931861877,
                0.025200864300131798,
                0.9588568806648254,
                0.2005022168159485
            ]
        ]
    ],
    "start_goal_config": [
        null
    ],
    "start_config": [
        [
            -4.107445791685238,
            -1.355474294838384,
            1.5502160807766108,
            -1.6318292318458087,
            -1.823111916246258,
            2.6099817431382865e-05
        ]
    ],
    "goal_config": [
        [
            -3.047889694344676,
            -2.3946520683713555,
            1.196512133076471,
            -1.538738127526454,
            -1.6512242957837742,
            6.273540532962302e-06
        ]
    ],
    "base_poses": [
        [
            [
                -0.4561542031156691,
                0.7337631470184818,
                0.0
            ],
            [
                0.0,
                0.0,
                -0.21117032102598232,
                0.9774492802789225
            ]
        ]
    ],
    "difficulty": 0.0,
    "dynamic_speed": null
}