{
    "target_eff_poses": [
        [
            [
                -0.5054264068603516,
                -0.6407254934310913,
                0.49572160840034485
            ],
            [
                0.4935967028141022,
                0.2293427288532257,
                -0.5473693013191223,
                0.6357288360595703
            ]
        ],
        [
            [
                -0.7140997648239136,
                0.3587620258331299,
                0.6248866319656372
            ],
            [
                -0.4905998408794403,
                0.07176963984966278,
                0.864716649055481,
                0.08016337454319
            ]
        ]
    ],
    "start_goal_config": [
        null,
        null
    ],
    "start_config": [
        [
            -2.8815139115619157,
            -2.985317493120147,
            1.615469070962611,
            -1.1259458473673623,
            -1.7117807346135487,
            1.1315297798749652e-05
        ],
        [
            -5.227819348353298,
            -1.29156707318186,
            1.2981309803897687,
            -1.6597895192803684,
            -2.548740901112416,
            -5.0252298363545295e-05
        ]
    ],
    "goal_config": [
        [
            -1.927734597146392,
            -1.2986960979401965,
            1.127609779904486,
            -1.819446443221773,
            -1.1458017866967452,
            -2.074271437438522e-05
        ],
        [
            -2.9351251280299957,
            -1.9243512482719782,
            1.3872383007584355,
            -1.566917466452518,
            -1.5179801315550816,
            3.7184914823827957e-06
        ]
    ],
    "base_poses": [
        [
            [
                -0.4889102974891719,
                0.015020552759843597,
                0.0
            ],
            [
                -0.0,
                -0.0,
                0.04050116471198715,
                0.9991794912111499
            ]
        ],
        [
            [
                -0.35890233133722504,
                0.392075601373993,
                0.0
            ],
            [
                0.0,
                0.0,
                -0.22026045594405755,
                0.9754410958880684
            ]
        ]
    ],
    "difficulty": 0.6598102751948905
}