{
    "target_eff_poses": [
        [
            [
                0.007531479932367802,
                -0.7181800603866577,
                0.6390062570571899
            ],
            [
                0.03837805986404419,
                0.004302628803998232,
                0.999254047870636,
                -2.0778972611879e-05
            ]
        ],
        [
            [
                -0.7491315603256226,
                -0.027303829789161682,
                0.7846560478210449
            ],
            [
                -0.2246043086051941,
                -0.19504866003990173,
                0.8531522750854492,
                0.42853251099586487
            ]
        ],
        [
            [
                -0.34749510884284973,
                0.31335362792015076,
                0.7740039229393005
            ],
            [
                -0.09558384865522385,
                -0.09134780615568161,
                0.9650570154190063,
                -0.22623944282531738
            ]
        ]
    ],
    "start_goal_config": [
        null,
        null,
        null
    ],
    "start_config": [
        [
            -1.646577339479515,
            -1.9509716247174103,
            1.6603365100834426,
            -1.4162477747914457,
            -0.7520041614070482,
            -2.2271926757775587e-05
        ],
        [
            -3.6281542436434577,
            -2.3078242221250873,
            2.2164167677194717,
            -1.0225214953143134,
            -1.9633434578481495,
            1.836078364143043e-13
        ],
        [
            -4.958597036570648,
            -1.6851835270883768,
            1.1792349352282212,
            -1.667103204792459,
            -2.4450530655610017,
            3.697298807896898e-05
        ]
    ],
    "goal_config": [
        [
            -2.902171758650267,
            -2.98073056674852,
            1.1342364112593635,
            -1.3723525836270358,
            -1.6823249517913903,
            7.569994450713602e-06
        ],
        [
            -3.5610945695095473,
            -2.3302101878927206,
            1.294302348082898,
            -1.5015632951240676,
            -2.7513790904665356,
            3.089941949607522e-05
        ],
        [
            -2.826924864470802,
            -2.545938959079121,
            1.1753570532322233,
            -1.5058072972675842,
            -2.1032517001780158,
            -4.122394038646207e-06
        ]
    ],
    "base_poses": [
        [
            [
                -0.4052822377432751,
                -0.6691560432091519,
                0.0
            ],
            [
                0.0,
                0.0,
                -0.0638819497366139,
                0.9979574622687325
            ]
        ],
        [
            [
                -0.7446517352598159,
                -0.03759368911460148,
                0.0
            ],
            [
                -0.0,
                -0.0,
                0.32835710297791265,
                0.9445536580438152
            ]
        ],
        [
            [
                -0.46060225533464316,
                0.2188958667642793,
                0.0
            ],
            [
                -0.0,
                -0.0,
                0.33270108800145437,
                0.9430323356294038
            ]
        ]
    ],
    "difficulty": 0.8134749107310656
}