{
    "target_eff_poses": [
        [
            [
                -0.574015200138092,
                0.7135636806488037,
                0.8059750199317932
            ],
            [
                -0.08886421471834183,
                -0.05934936925768852,
                0.8737877607345581,
                -0.47442153096199036
            ]
        ]
    ],
    "start_goal_config": [
        null
    ],
    "start_config": [
        [
            -3.2690924414094904,
            -2.667680835320161,
            1.7081517992010884,
            -1.2066340286172605,
            -2.1057410850869984,
            2.2491063740140684e-05
        ]
    ],
    "goal_config": [
        [
            -2.9994926075584227,
            -2.4577717451754704,
            1.1005335326821264,
            -1.5702224567686223,
            -1.6622447275750316,
            6.454125326564082e-06
        ]
    ],
    "base_poses": [
        [
            [
                -0.7065348264666449,
                0.6706509378091849,
                0.0
            ],
            [
                -0.0,
                -0.0,
                0.45474655453744695,
                0.8906208908038935
            ]
        ]
    ],
    "difficulty": 0.0,
    "dynamic_speed": null,
    "ur5_count": 1,
    "id": "003501",
    "task_path": "/home/hqh2101/workspace-sharing-multiarm/src/data/8f14d7-hard-vlo-tasks/003501.json"
}