{
    "target_eff_poses": [
        [
            [
                -0.7067911028862,
                0.8822686076164246,
                0.30402764678001404
            ],
            [
                -0.1904153823852539,
                0.832545816898346,
                0.5145726799964905,
                0.07631724327802658
            ]
        ],
        [
            [
                -0.014321575872600079,
                0.31104716658592224,
                0.3831818103790283
            ],
            [
                -0.35266920924186707,
                -0.5689444541931152,
                0.6185289025306702,
                -0.4115198850631714
            ]
        ]
    ],
    "start_goal_config": [
        null,
        null
    ],
    "start_config": [
        [
            -2.7235181713429615,
            -3.152503152534087,
            1.6781417500234914,
            -1.0147413880871723,
            -2.1109214929627584,
            1.780307858073528e-05
        ],
        [
            -2.4467690458999076,
            -1.5887633717824088,
            1.201827229703838,
            -1.730731017816845,
            -1.335938190204323,
            -9.163591691208497e-06
        ]
    ],
    "goal_config": [
        [
            -1.1660067906864393,
            -1.5043456568776292,
            1.8253763789345445,
            -1.415178952971136,
            -0.3720907899199151,
            -2.6644994216197638e-05
        ],
        [
            -3.1604098196067696,
            -2.839416286907266,
            2.0614133007407163,
            -0.8968277997925297,
            -1.9996249977560996,
            1.4013871259524145e-05
        ]
    ],
    "base_poses": [
        [
            [
                -0.4413501178109245,
                0.4386641445654531,
                0.0
            ],
            [
                0.0,
                0.0,
                0.9866480242497462,
                0.16286705082389263
            ]
        ],
        [
            [
                -0.06874723214403533,
                0.2893631110781141,
                0.0
            ],
            [
                -0.0,
                -0.0,
                0.7249065022516209,
                0.6888472711663456
            ]
        ]
    ],
    "difficulty": 0.6567669172932331,
    "dynamic_speed": null
}