{
    "target_eff_poses": [
        [
            [
                -0.1697533279657364,
                -0.5530288815498352,
                0.4455740749835968
            ],
            [
                -0.3583934009075165,
                -0.4952245354652405,
                0.6393209099769592,
                -0.4664500653743744
            ]
        ]
    ],
    "start_goal_config": [
        null
    ],
    "start_config": [
        [
            -1.8619161217463491,
            -1.4106093825094175,
            1.4738312694764757,
            -1.647792717717008,
            -1.1398041474462608,
            -2.0651027540219514e-05
        ]
    ],
    "goal_config": [
        [
            -4.315898100566956,
            -1.3771097781081794,
            1.287543183833334,
            -1.736601794179652,
            -1.8848258611081696,
            2.5355272052012706e-05
        ]
    ],
    "base_poses": [
        [
            [
                -0.24106131964386768,
                0.04199240726803788,
                0.0
            ],
            [
                0.0,
                0.0,
                0.9807946945308924,
                0.19504298803098116
            ]
        ]
    ],
    "difficulty": 0.0,
    "dynamic_speed": null
}