{
    "target_eff_poses": [
        [
            [
                0.3821621239185333,
                -0.3563041388988495,
                0.5303674936294556
            ],
            [
                -0.36210355162620544,
                0.31893306970596313,
                -0.07695399224758148,
                0.8724911212921143
            ]
        ],
        [
            [
                -0.18312156200408936,
                -0.24233831465244293,
                0.23255188763141632
            ],
            [
                0.6983495950698853,
                0.2293798327445984,
                -0.4225721061229706,
                0.5302127599716187
            ]
        ],
        [
            [
                0.1275213211774826,
                0.3659129738807678,
                0.3898821771144867
            ],
            [
                0.704951286315918,
                0.2020512968301773,
                -0.564953625202179,
                -0.3782147169113159
            ]
        ],
        [
            [
                -0.11265450716018677,
                0.645517110824585,
                0.2880169749259949
            ],
            [
                0.4635879099369049,
                0.70063316822052,
                -0.1291697770357132,
                0.5267966985702515
            ]
        ]
    ],
    "start_goal_config": [
        null,
        null,
        null,
        null
    ],
    "start_config": [
        [
            -3.194882383891838,
            -2.807638656753776,
            1.0178671672953152,
            -1.5055233616042067,
            -1.2879639165136187,
            -1.8674515169577958e-05
        ],
        [
            -2.2190444589423564,
            -1.86457334766748,
            1.187385287014505,
            -1.6691296224454042,
            -1.166023227250649,
            -1.7684219208544368e-07
        ],
        [
            -3.2828918090372587,
            -3.0113596111477037,
            1.1736920677540832,
            -1.3448782573255715,
            -1.019278841132931,
            9.112825580091483e-06
        ],
        [
            -1.5811803287064916,
            -1.5464785684497013,
            2.4545601462278346,
            -1.3759300730930188,
            -0.30944377010783514,
            -2.554160629683204e-07
        ]
    ],
    "goal_config": [
        [
            -3.222886518791892,
            -2.8612560085491148,
            1.8218992791012298,
            -1.0951480640224684,
            -2.507472306689634,
            1.1820803989454767e-06
        ],
        [
            -1.5981843661584791,
            -1.058091430505051,
            1.3449444305456106,
            -1.7769303177948923,
            -0.9902606489755812,
            -2.9353410608144418e-05
        ],
        [
            -3.915608029096706,
            -2.653152328840161,
            2.1412916053175435,
            -0.9833014630710795,
            -2.4398657314149057,
            1.1962882240559547e-08
        ],
        [
            -2.0792988396784913,
            -1.9186218901161152,
            2.0469545735063432,
            -1.2749192469878357,
            -1.2267155152175158,
            -2.0056474308021606e-08
        ]
    ],
    "base_poses": [
        [
            [
                0.4492907164212716,
                -0.29851434466362614,
                0.0
            ],
            [
                0.0,
                0.0,
                0.9126756340924524,
                -0.4086847035722525
            ]
        ],
        [
            [
                -0.11894757220451413,
                0.4488317182483865,
                0.0
            ],
            [
                0.0,
                0.0,
                -0.16335393092664607,
                0.9865675310138746
            ]
        ],
        [
            [
                0.1826294187941413,
                0.35857340312490527,
                0.0
            ],
            [
                -0.0,
                -0.0,
                0.22954227228654883,
                0.9732986927113012
            ]
        ],
        [
            [
                -0.41507360358929885,
                0.7474029277804588,
                0.0
            ],
            [
                -0.0,
                -0.0,
                0.5868431332584282,
                0.8097006465030336
            ]
        ]
    ],
    "difficulty": 0.7103602686749441
}