{
    "target_eff_poses": [
        [
            [
                -0.46064770221710205,
                1.3709266185760498,
                0.17011746764183044
            ],
            [
                -0.04804141819477081,
                0.8179712295532227,
                0.43556684255599976,
                0.37268853187561035
            ]
        ],
        [
            [
                -0.2706323564052582,
                0.5714067816734314,
                0.8033583760261536
            ],
            [
                -0.10212650895118713,
                0.0009289814624935389,
                0.6589722633361816,
                0.7452012300491333
            ]
        ],
        [
            [
                0.1341978907585144,
                -0.43595758080482483,
                0.4960998594760895
            ],
            [
                0.3785253167152405,
                0.4363565444946289,
                -0.4391178786754608,
                0.6881040334701538
            ]
        ],
        [
            [
                -1.0536106824874878,
                -0.12586426734924316,
                0.32814353704452515
            ],
            [
                0.7710197567939758,
                0.19256381690502167,
                -0.366121381521225,
                -0.4841517210006714
            ]
        ]
    ],
    "start_goal_config": [
        null,
        null,
        null,
        null
    ],
    "start_config": [
        [
            -2.036773063093342,
            -1.8761414042998095,
            2.1787599818073566,
            -1.2333575125755172,
            -1.1764863968341597,
            -2.2739381673278688e-08
        ],
        [
            -1.7231921146833036,
            -1.0785748249394655,
            1.6126986813805497,
            -1.683859328950857,
            -1.05177924320445,
            -2.5349623242794274e-05
        ],
        [
            -1.024529799003889,
            -1.097895060630288,
            1.4902032290270388,
            -1.585139987229632,
            -0.28969005146722043,
            6.977030387302583e-05
        ],
        [
            -2.496857256995112,
            -2.6920567424107396,
            1.1449096426485197,
            -1.4771046954643547,
            -2.3579430491498456,
            3.202238074286946e-05
        ]
    ],
    "goal_config": [
        [
            -1.347542413091222,
            -1.079924228524232,
            1.5472612169685471,
            -1.688253267941621,
            -0.7664301744660568,
            -2.221780867784974e-05
        ],
        [
            -2.737997737864151,
            -2.5026466910168197,
            1.1141145461231383,
            -1.5484522007792898,
            -2.4083888080828877,
            -1.3068095938439377e-05
        ],
        [
            -2.7031185848087538,
            -1.4738195080324938,
            1.2847052653651334,
            -1.7207642721297263,
            -1.4242511910642879,
            -4.0574632180869936e-06
        ],
        [
            -5.336765780469796,
            -1.2760764852996318,
            1.5171222043592885,
            -1.5456446863911033,
            -2.73887763319465,
            -4.5606449611647063e-05
        ]
    ],
    "base_poses": [
        [
            [
                -0.6669420181799387,
                0.7635608534053222,
                0.0
            ],
            [
                0.0,
                0.0,
                0.906371178861909,
                0.42248229090516143
            ]
        ],
        [
            [
                -0.3697388937402519,
                0.7047196726667793,
                0.0
            ],
            [
                0.0,
                0.0,
                -0.5889280779058652,
                0.8081854484300637
            ]
        ],
        [
            [
                -0.1473954882449784,
                0.06302566981551205,
                0.0
            ],
            [
                -0.0,
                -0.0,
                0.6520469840450682,
                0.7581785611567572
            ]
        ],
        [
            [
                -0.6068997661590508,
                -0.49949630970708675,
                0.0
            ],
            [
                -0.0,
                -0.0,
                0.6876769139172368,
                0.7260168469569183
            ]
        ]
    ],
    "difficulty": 0.8818942027623791,
    "dynamic_speed": null
}