{
    "target_eff_poses": [
        [
            [
                0.602966845035553,
                -0.5416123270988464,
                0.08651137351989746
            ],
            [
                0.025224989280104637,
                0.958173930644989,
                0.01679219864308834,
                0.28457778692245483
            ]
        ]
    ],
    "start_goal_config": [
        null
    ],
    "start_config": [
        [
            -2.454800253762807,
            -2.1606235256431288,
            1.2715992351369652,
            -1.558152312689101,
            -1.1092344800524676,
            -2.868440069010142e-05
        ]
    ],
    "goal_config": [
        [
            -2.7551592886094567,
            -1.4432510526226148,
            2.2171104621864357,
            -1.3520229310517506,
            -1.4855365359461026,
            7.11221712754108e-07
        ]
    ],
    "base_poses": [
        [
            [
                0.32918135976731633,
                -0.6708308774133132,
                0.0
            ],
            [
                0.0,
                0.0,
                0.9843928224389275,
                0.1759851446307961
            ]
        ]
    ],
    "difficulty": 0.0,
    "dynamic_speed": null
}