{
    "target_eff_poses": [
        [
            [
                0.46214473247528076,
                -0.5240961909294128,
                0.19342093169689178
            ],
            [
                0.8003683090209961,
                0.4775981605052948,
                -0.3529731333255768,
                -0.08197901397943497
            ]
        ],
        [
            [
                0.16789580881595612,
                -0.8227144479751587,
                0.3279041051864624
            ],
            [
                -0.5467286705970764,
                0.49661749601364136,
                0.32531455159187317,
                0.5904483795166016
            ]
        ],
        [
            [
                0.3829444944858551,
                -0.10317416489124298,
                0.6209163665771484
            ],
            [
                -0.2061907947063446,
                0.438231498003006,
                0.35295742750167847,
                0.8005370497703552
            ]
        ],
        [
            [
                -0.07173121720552444,
                0.10927770286798477,
                0.1654675155878067
            ],
            [
                0.15027928352355957,
                0.8837687373161316,
                -0.09240344166755676,
                0.433394193649292
            ]
        ]
    ],
    "start_goal_config": [
        null,
        null,
        null,
        null
    ],
    "start_config": [
        [
            -3.7584635303179637,
            -1.8957343508885043,
            2.014339518148419,
            -1.2849423516305907,
            -1.8253454070920705,
            4.03607739640515e-05
        ],
        [
            -1.7524575588318285,
            -2.540723906410804,
            2.537036256460317,
            -0.7282854380722008,
            -0.29718896386240534,
            -7.069935424288547e-17
        ],
        [
            -2.8325762139865294,
            -3.094214505940314,
            1.7973104520051535,
            -0.958534120181164,
            -1.103837080017381,
            2.1718333593626738e-06
        ],
        [
            -2.5148999492958577,
            -2.6472725777390824,
            2.2323142740980972,
            -0.808138115686497,
            -1.4520489685395308,
            -6.085017718039339e-06
        ]
    ],
    "goal_config": [
        [
            -4.62627400672749,
            -1.8480395937242546,
            2.300386094406805,
            -1.193961098825213,
            -2.33700964066093,
            4.241814226469932e-17
        ],
        [
            -2.970208232289188,
            -2.8970103075782068,
            2.1485376871859736,
            -0.7311149566734331,
            -1.9006055774831887,
            -1.2052496061149646e-09
        ],
        [
            -3.040777170770393,
            -2.220622915698168,
            1.518719788344947,
            -1.4285280826517701,
            -1.5953099523307612,
            -1.2228265431892716e-06
        ],
        [
            -3.19408698244037,
            -1.4921222834790226,
            1.9882022096204128,
            -1.414264043980917,
            -1.6124184405220057,
            1.200392906927046e-05
        ]
    ],
    "base_poses": [
        [
            [
                0.6766752853119768,
                -0.4354671035139429,
                0.0
            ],
            [
                -0.0,
                -0.0,
                0.78160852517285,
                0.6237692789622797
            ]
        ],
        [
            [
                0.24282371563700722,
                -0.7975048346321219,
                0.0
            ],
            [
                0.0,
                0.0,
                -0.8349283402570906,
                0.5503586709006589
            ]
        ],
        [
            [
                0.33718641401958527,
                -0.31727675520381204,
                0.0
            ],
            [
                0.0,
                0.0,
                0.9297326874433638,
                -0.36823515570806153
            ]
        ],
        [
            [
                -0.458238323792159,
                0.15133128725140632,
                0.0
            ],
            [
                0.0,
                0.0,
                0.986745969282512,
                0.1622725858076956
            ]
        ]
    ],
    "difficulty": 0.945023963913166
}