{
    "target_eff_poses": [
        [
            [
                -0.2850267291069031,
                0.006239669397473335,
                0.8287588953971863
            ],
            [
                0.09209869801998138,
                0.1429288536310196,
                -0.4378746747970581,
                0.8828108310699463
            ]
        ],
        [
            [
                -0.5120856761932373,
                0.9939562678337097,
                0.24879992008209229
            ],
            [
                0.6932713389396667,
                -0.08328569680452347,
                -0.6658471822738647,
                -0.2628420293331146
            ]
        ]
    ],
    "start_goal_config": [
        null,
        null
    ],
    "start_config": [
        [
            -5.173438302292644,
            -1.540048749365929,
            1.2906348436845125,
            -1.6075563413758496,
            -2.6093871082424656,
            -6.482394766919252e-05
        ],
        [
            -1.9141415253665086,
            -2.4572719938345595,
            2.2872818132628487,
            -0.9560079805704079,
            -0.7954399610351326,
            -1.1520090097097326e-05
        ]
    ],
    "goal_config": [
        [
            -2.975207060797723,
            -2.236651837297061,
            1.0773958136905861,
            -1.6406109150513686,
            -1.4588184386873966,
            -5.612703940856157e-06
        ],
        [
            -4.2217935632216,
            -1.0524402247784999,
            1.273933340533719,
            -1.8171617001951,
            -1.8272064418472294,
            2.2055836552943957e-05
        ]
    ],
    "base_poses": [
        [
            [
                -0.4157308851489745,
                -0.016072513692523716,
                0.0
            ],
            [
                -0.0,
                -0.0,
                0.8255472104046676,
                0.5643330606947207
            ]
        ],
        [
            [
                0.13201266028924297,
                0.732424796960389,
                0.0
            ],
            [
                -0.0,
                -0.0,
                0.28819844934734545,
                0.9575707043314272
            ]
        ]
    ],
    "difficulty": 0.26592745724487876,
    "dynamic_speed": null,
    "ur5_count": 2,
    "id": "003653",
    "task_path": "/home/hqh2101/workspace-sharing-multiarm/src/data/8f14d7-hard-vlo-tasks/003653.json"
}