{
    "target_eff_poses": [
        [
            [
                0.23140335083007812,
                0.7026637196540833,
                0.369294673204422
            ],
            [
                -0.05484858527779579,
                0.6627318263053894,
                -0.20211954414844513,
                0.7189755439758301
            ]
        ],
        [
            [
                -0.5864929556846619,
                0.11986639350652695,
                0.3048730790615082
            ],
            [
                0.5401908755302429,
                0.6276816725730896,
                -0.3047460615634918,
                0.47046706080436707
            ]
        ]
    ],
    "start_goal_config": [
        null,
        null
    ],
    "start_config": [
        [
            -1.2062033318302132,
            -1.434662186041568,
            2.0265373030969696,
            -1.3869573461885933,
            -0.31387468166788435,
            -2.0604683652910346e-05
        ],
        [
            -4.9040600703538715,
            -2.026126306987637,
            1.9571550735997705,
            -1.2765315164985584,
            -2.511476180052165,
            1.917801097764754e-06
        ]
    ],
    "goal_config": [
        [
            -4.444017984459399,
            -1.2907443616700431,
            1.3372592069550564,
            -1.7331158258160553,
            -1.9274208565243514,
            2.608379744426091e-05
        ],
        [
            -2.5035615759574656,
            -2.1012864440838737,
            2.0914022232158147,
            -1.1801988567061268,
            -1.4349684174253652,
            -4.2274153182715285e-06
        ]
    ],
    "base_poses": [
        [
            [
                -0.3868400288629825,
                0.75754264684498,
                0.0
            ],
            [
                0.0,
                0.0,
                -0.8496436144234631,
                0.527357306263442
            ]
        ],
        [
            [
                -0.7692688707251872,
                0.2926100233731481,
                0.0
            ],
            [
                -0.0,
                -0.0,
                0.5721051543636014,
                0.8201802803960845
            ]
        ]
    ],
    "difficulty": 0.49637919684002635,
    "dynamic_speed": null
}