{
    "target_eff_poses": [
        [
            [
                -0.22790353000164032,
                0.0581648014485836,
                0.4845033586025238
            ],
            [
                0.017414504662156105,
                0.531256914138794,
                -0.47809067368507385,
                0.6992081999778748
            ]
        ],
        [
            [
                -0.34824618697166443,
                -0.5260984897613525,
                0.7984583973884583
            ],
            [
                -0.27267879247665405,
                0.10788794606924057,
                0.433716356754303,
                0.8519956469535828
            ]
        ],
        [
            [
                0.02708844095468521,
                -0.023344755172729492,
                0.38232114911079407
            ],
            [
                -0.4274279773235321,
                0.5576955080032349,
                0.4578028619289398,
                0.5446997284889221
            ]
        ],
        [
            [
                0.8204230666160583,
                0.5030605792999268,
                0.32804009318351746
            ],
            [
                0.01241259928792715,
                0.6592121124267578,
                0.08922160416841507,
                0.7465419173240662
            ]
        ]
    ],
    "start_goal_config": [
        null,
        null,
        null,
        null
    ],
    "start_config": [
        [
            -3.074229723961599,
            -1.6907865285236643,
            1.3652604357315306,
            -1.634220108623116,
            -1.5461257446690368,
            6.932876210203933e-07
        ],
        [
            -4.143798334729449,
            -2.0534604614238177,
            1.3626784755167356,
            -1.543905546248747,
            -2.045522047504185,
            3.256687693351336e-05
        ],
        [
            -5.029917853333364,
            -1.255007661471121,
            1.8246380525316812,
            -1.5486978711454495,
            -2.337419242317679,
            2.6639115544306524e-05
        ],
        [
            -3.5662349401030196,
            -0.7972527330863134,
            1.022288153580602,
            -1.9841752424643744,
            -1.6065929661471599,
            3.829177539221106e-06
        ]
    ],
    "goal_config": [
        [
            -3.1883941819969994,
            -2.826664595054151,
            1.8668786140104892,
            -1.0609665816909064,
            -2.1377711370170145,
            -1.0804345000646185e-06
        ],
        [
            -4.152074433754611,
            -2.0492793515798455,
            1.1449727326067396,
            -1.6420207958891002,
            -2.2940025418695633,
            3.441117932440004e-05
        ],
        [
            -2.9886703577747835,
            -1.536657125948949,
            1.5441045331784566,
            -1.5908052527903678,
            -1.5257887199289304,
            3.2838683870867114e-06
        ],
        [
            -2.783612918259495,
            -1.1713181754635553,
            1.2666797618487657,
            -1.7971004816745366,
            -1.433019640190863,
            -5.4450156400163566e-06
        ]
    ],
    "base_poses": [
        [
            [
                -0.21393725669289376,
                -0.0008346971471826503,
                0.0
            ],
            [
                0.0,
                0.0,
                0.9574234460981658,
                0.2886872786624181
            ]
        ],
        [
            [
                -0.3082534669467853,
                -0.7037114299136511,
                0.0
            ],
            [
                0.0,
                0.0,
                -0.23097493814372236,
                0.9729597000644495
            ]
        ],
        [
            [
                0.030608654444376215,
                -0.5393301570743665,
                0.0
            ],
            [
                0.0,
                0.0,
                -0.8253521755117946,
                0.5646182660682774
            ]
        ],
        [
            [
                0.1700349271229682,
                0.31008406897408713,
                0.0
            ],
            [
                0.0,
                0.0,
                0.9916998226196668,
                0.12857473241707043
            ]
        ]
    ],
    "difficulty": 0.8454810495626822,
    "dynamic_speed": null,
    "ur5_count": 4,
    "id": "003698",
    "task_path": "/home/huy/programming/projects/workspace-sharing-multiarm/src/data/8f14d7-hard-vlo-tasks/003698.json"
}