{
    "target_eff_poses": [
        [
            [
                -0.8785154819488525,
                0.175833597779274,
                0.5440351366996765
            ],
            [
                -0.5055631995201111,
                -0.33412984013557434,
                0.7947083115577698,
                0.03466863930225372
            ]
        ],
        [
            [
                0.6799327731132507,
                0.730330765247345,
                0.1334349513053894
            ],
            [
                0.853859007358551,
                -0.4100504517555237,
                -0.014745824970304966,
                -0.3202592432498932
            ]
        ]
    ],
    "start_goal_config": [
        null,
        null
    ],
    "start_config": [
        [
            -2.981738249319776,
            -2.8017129042158024,
            1.71495443931712,
            -1.1496070069842985,
            -1.8460675254780896,
            2.3408935405080413e-05
        ],
        [
            -1.923955044518116,
            -1.016034886598653,
            1.1584529135548778,
            -1.868089678272099,
            -1.1486218920093647,
            -2.183729727533798e-05
        ]
    ],
    "goal_config": [
        [
            -4.749230942182141,
            -1.795826702434428,
            1.4931750147966412,
            -1.536873163559641,
            -2.1984047779575966,
            3.491863649778536e-05
        ],
        [
            -5.12879775603798,
            -1.418679833966385,
            2.154252650141655,
            -1.388270558526665,
            -2.6478560168211467,
            2.789391808364148e-05
        ]
    ],
    "base_poses": [
        [
            [
                -0.5534498960818633,
                0.40914649482113075,
                0.0
            ],
            [
                0.0,
                0.0,
                0.8791317587200493,
                0.47657879811191023
            ]
        ],
        [
            [
                0.5328119937313216,
                0.39759458543570014,
                0.0
            ],
            [
                -0.0,
                -0.0,
                0.007366238187665356,
                0.999972868899433
            ]
        ]
    ],
    "difficulty": 0.09932831263993487
}