{
    "target_eff_poses": [
        [
            [
                -0.1633538007736206,
                0.2101568579673767,
                0.12812069058418274
            ],
            [
                -0.24891169369220734,
                0.9124807119369507,
                -0.03625614568591118,
                0.3226568102836609
            ]
        ],
        [
            [
                -0.11092524975538254,
                -1.2195441722869873,
                0.31600919365882874
            ],
            [
                -0.19867251813411713,
                0.8353034853935242,
                -0.5075018405914307,
                0.07238218188285828
            ]
        ],
        [
            [
                0.6677983403205872,
                0.7982084155082703,
                0.22503772377967834
            ],
            [
                -0.19791273772716522,
                0.8832877278327942,
                -0.05398402363061905,
                0.42156746983528137
            ]
        ]
    ],
    "start_goal_config": [
        null,
        null,
        null
    ],
    "start_config": [
        [
            -2.920925921481416,
            -3.0992418141107003,
            1.4700354113852405,
            -1.146807130674825,
            -1.6144491004974946,
            -2.8490699294110092e-08
        ],
        [
            -2.036460946910893,
            -1.8194844363669125,
            1.201586264376957,
            -1.6679432064862802,
            -1.0763327180020428,
            -2.2108729781184464e-05
        ],
        [
            -4.853775960139306,
            -1.8790464978788057,
            1.3309740604289375,
            -1.5630880222918517,
            -2.5389438245021627,
            -4.1862721191984726e-05
        ]
    ],
    "goal_config": [
        [
            -4.086395093683571,
            -1.5688012454501148,
            2.2180224097247923,
            -1.3105752956550702,
            -1.9489765264446446,
            2.0675524330849207e-05
        ],
        [
            -5.504900766664487,
            -1.1431291697587336,
            1.4687364257180373,
            -1.4022276547895822,
            -3.2334236120515722,
            -0.00011466364424967719
        ],
        [
            -3.742438728972139,
            -2.010801381974706,
            2.253183871317399,
            -1.1203239857551657,
            -1.9185733503379157,
            1.0830859089633405e-05
        ]
    ],
    "base_poses": [
        [
            [
                -0.4267489968783865,
                0.1072650838430208,
                0.0
            ],
            [
                0.0,
                0.0,
                -0.8527226223671105,
                0.5223639816290535
            ]
        ],
        [
            [
                -0.32542087497862815,
                -0.6195182983560017,
                0.0
            ],
            [
                0.0,
                0.0,
                -0.8343469177659201,
                0.5512397126609337
            ]
        ],
        [
            [
                0.48014745202805864,
                0.7155656470775666,
                0.0
            ],
            [
                0.0,
                0.0,
                0.9404107838662462,
                -0.3400405234498857
            ]
        ]
    ],
    "difficulty": 0.5579798739772407,
    "dynamic_speed": null
}