{
    "target_eff_poses": [
        [
            [
                0.44899219274520874,
                0.24390138685703278,
                0.7364262342453003
            ],
            [
                0.13921719789505005,
                0.14158770442008972,
                -0.6718006134033203,
                0.7136213183403015
            ]
        ]
    ],
    "start_goal_config": [
        null
    ],
    "start_config": [
        [
            -4.813107588423549,
            -1.662203735602545,
            1.9600546235570653,
            -1.3899727058250242,
            -2.2192347417565315,
            2.174890269154075e-05
        ]
    ],
    "goal_config": [
        [
            -2.994275999597961,
            -2.5582903116436446,
            1.2710563270743997,
            -1.4545681122808765,
            -1.5490581586821286,
            -1.155352138798943e-06
        ]
    ],
    "base_poses": [
        [
            [
                0.3405135865509936,
                0.15122184459538013,
                0.0
            ],
            [
                -0.0,
                -0.0,
                0.6676500027985902,
                0.7444753009758232
            ]
        ]
    ],
    "difficulty": 0.0,
    "dynamic_speed": null
}