{
    "target_eff_poses": [
        [
            [
                -0.02466290444135666,
                -0.04079129919409752,
                0.40089231729507446
            ],
            [
                0.7232450246810913,
                0.08089569956064224,
                -0.5563241243362427,
                0.4010934829711914
            ]
        ]
    ],
    "start_goal_config": [
        null
    ],
    "start_config": [
        [
            -4.812119351864225,
            -1.6288126330496004,
            1.2454048709734769,
            -1.6763777242792401,
            -2.209953097340763,
            3.4518722830153524e-05
        ]
    ],
    "goal_config": [
        [
            -2.1132035625358565,
            -2.414146942858516,
            2.027856258338736,
            -1.125208094138772,
            -1.057523059653515,
            -1.4960350987290387e-05
        ]
    ],
    "base_poses": [
        [
            [
                -0.04170974765881552,
                0.17717120120113328,
                0.0
            ],
            [
                0.0,
                0.0,
                -0.14565586682704595,
                0.9893353164922709
            ]
        ]
    ],
    "difficulty": 0.0
}