{
    "target_eff_poses": [
        [
            [
                -0.5360326170921326,
                0.4394475817680359,
                0.5919870138168335
            ],
            [
                -0.42215806245803833,
                -0.4475174844264984,
                0.757099986076355,
                0.21979597210884094
            ]
        ]
    ],
    "start_goal_config": [
        null
    ],
    "start_config": [
        [
            -2.548382474054551,
            -2.1973974568839245,
            1.3406297204356892,
            -1.5175598108586117,
            -1.2362932045342205,
            -1.787669113048644e-05
        ]
    ],
    "goal_config": [
        [
            -5.096477149675439,
            -1.7648198551637506,
            1.4530435442605605,
            -1.5045403327509108,
            -2.667886504329586,
            -4.6776839443152245e-05
        ]
    ],
    "base_poses": [
        [
            [
                -0.1900455978431126,
                0.6355065198714787,
                0.0
            ],
            [
                0.0,
                0.0,
                0.9468934687092938,
                0.32154744426862053
            ]
        ]
    ],
    "difficulty": 0.0,
    "dynamic_speed": null
}