{
    "target_eff_poses": [
        [
            [
                0.2024589627981186,
                -0.5456131100654602,
                0.7333952784538269
            ],
            [
                0.0029131253249943256,
                0.1977527141571045,
                -0.18761533498764038,
                0.9621257185935974
            ]
        ],
        [
            [
                -0.0253954716026783,
                -0.3373238146305084,
                0.6971250176429749
            ],
            [
                0.05085870996117592,
                0.2657869756221771,
                -0.5627459287643433,
                0.7810811400413513
            ]
        ]
    ],
    "start_goal_config": [
        null,
        null
    ],
    "start_config": [
        [
            -2.264134400721562,
            -1.3991630023230257,
            1.377170611584982,
            -1.6946019904116165,
            -1.2944982146829462,
            -1.5653961582846217e-05
        ],
        [
            -3.1904764959745626,
            -1.5049639149340561,
            1.557020884350989,
            -1.592956528760588,
            -1.5783931865434546,
            2.2889912953200534e-06
        ]
    ],
    "goal_config": [
        [
            -2.9731902003575246,
            -2.57225734661445,
            1.2766111756184104,
            -1.4477767341020327,
            -1.7486192921314891,
            -1.345602629038772e-05
        ],
        [
            -3.0181142503085616,
            -2.591201250109777,
            1.3861028562399023,
            -1.3884401622002962,
            -2.0060717928145153,
            5.874110304722557e-06
        ]
    ],
    "base_poses": [
        [
            [
                0.2793999177658222,
                -0.6498397442194821,
                0.0
            ],
            [
                0.0,
                0.0,
                0.9824033035503565,
                0.18677191751798786
            ]
        ],
        [
            [
                -0.015382686307219506,
                -0.42699784877794866,
                0.0
            ],
            [
                0.0,
                0.0,
                0.8922766347322498,
                0.45148909965899653
            ]
        ]
    ],
    "difficulty": 0.3859149196010584
}