{
    "target_eff_poses": [
        [
            [
                -0.9104509353637695,
                -0.12633568048477173,
                0.6025781035423279
            ],
            [
                -0.5306100845336914,
                0.09957575052976608,
                0.6411747932434082,
                0.5453737378120422
            ]
        ]
    ],
    "start_goal_config": [
        null
    ],
    "start_config": [
        [
            -2.8947414142391863,
            -2.9081387756736583,
            1.5821992705411307,
            -1.17745652076349,
            -1.726755449213231,
            1.1776387561962224e-05
        ]
    ],
    "goal_config": [
        [
            -4.376427614915683,
            -2.0016797969011844,
            1.4949543662060538,
            -1.4942810862631455,
            -2.090136043286104,
            2.8477380667582605e-05
        ]
    ],
    "base_poses": [
        [
            [
                -0.6879275537739371,
                -0.3303033487299798,
                0.0
            ],
            [
                -0.0,
                -0.0,
                0.1714107922809166,
                0.98519964488911
            ]
        ]
    ],
    "difficulty": 0.0
}