{
    "target_eff_poses": [
        [
            [
                0.5008968114852905,
                -0.24225325882434845,
                0.4640122950077057
            ],
            [
                0.22799921035766602,
                0.6503241062164307,
                -0.5892429947853088,
                0.42176729440689087
            ]
        ],
        [
            [
                -0.5904974341392517,
                0.15437351167201996,
                0.5412378907203674
            ],
            [
                -0.27405455708503723,
                0.4106476604938507,
                0.17000815272331238,
                0.8528538942337036
            ]
        ],
        [
            [
                0.324063241481781,
                0.41742369532585144,
                0.6925428509712219
            ],
            [
                -0.08248037844896317,
                -0.416193425655365,
                0.7932425141334534,
                -0.43674516677856445
            ]
        ],
        [
            [
                -0.3902275860309601,
                -0.6317316293716431,
                0.5131180286407471
            ],
            [
                0.11187584698200226,
                0.3796983063220978,
                -0.4707465171813965,
                0.7884863615036011
            ]
        ]
    ],
    "start_goal_config": [
        null,
        null,
        null,
        null
    ],
    "start_config": [
        [
            -2.1554376001075015,
            -1.346566213316619,
            1.4606120467160575,
            -1.6713586807659886,
            -1.2610523069643378,
            -1.817114096592008e-05
        ],
        [
            -1.857666398631193,
            -1.616909453572716,
            2.1345556430950805,
            -1.354147444260169,
            -1.0649949299076025,
            -1.4413132461657429e-05
        ],
        [
            -4.112279965443314,
            -2.3459100932923436,
            1.9940319203001144,
            -1.1663878019038865,
            -2.1687669751806147,
            -1.0581898413728779e-07
        ],
        [
            -3.811847805757723,
            -1.7608106826020835,
            2.0980215999104828,
            -1.288558917030736,
            -1.8381148484162126,
            2.5468856683472504e-05
        ]
    ],
    "goal_config": [
        [
            -4.381451726804023,
            -2.180301865175283,
            1.8482249806533588,
            -1.288932255233532,
            -2.1831522732169137,
            -3.6574763342500264e-06
        ],
        [
            -3.2041759485248367,
            -2.6685829384981132,
            1.7441572902522569,
            -1.1844998024447464,
            -1.9625173580536992,
            -1.5176475454748284e-05
        ],
        [
            -3.9460799729884166,
            -2.303825351712652,
            1.46703064652983,
            -1.4284224940775399,
            -2.44267675600582,
            3.25370992754838e-05
        ],
        [
            -2.88497510981417,
            -2.953499763355033,
            1.7131012715502953,
            -1.0872347868611618,
            -1.822491420457117,
            1.638379358676136e-06
        ]
    ],
    "base_poses": [
        [
            [
                0.4041277030872443,
                -0.03361737051653024,
                0.0
            ],
            [
                0.0,
                0.0,
                0.9997249882045078,
                0.02345096926561287
            ]
        ],
        [
            [
                -0.5489621338289914,
                0.11173689767252348,
                0.0
            ],
            [
                0.0,
                0.0,
                0.9114878875730437,
                -0.411326914762006
            ]
        ],
        [
            [
                0.28320051592675477,
                0.5142200520985802,
                0.0
            ],
            [
                0.0,
                0.0,
                0.9738217582856702,
                0.22731296287146885
            ]
        ],
        [
            [
                -0.354987449418595,
                -0.7829755625952348,
                0.0
            ],
            [
                -0.0,
                -0.0,
                0.857353527482917,
                0.514728014501444
            ]
        ]
    ],
    "difficulty": 0.6863538041944889,
    "dynamic_speed": null,
    "ur5_count": 4,
    "id": "003819",
    "task_path": "/home/huy/programming/projects/workspace-sharing-multiarm/src/data/8f14d7-hard-vlo-tasks/003819.json"
}