{
    "target_eff_poses": [
        [
            [
                -1.1458100080490112,
                0.2178151160478592,
                0.44319894909858704
            ],
            [
                -0.5664523839950562,
                0.014771963469684124,
                0.8189066648483276,
                0.09113387763500214
            ]
        ],
        [
            [
                0.43232324719429016,
                -0.6371660828590393,
                0.3482089340686798
            ],
            [
                0.3599492311477661,
                0.6968375444412231,
                -0.5093429088592529,
                0.3541523516178131
            ]
        ]
    ],
    "start_goal_config": [
        null,
        null
    ],
    "start_config": [
        [
            -2.936040202864691,
            -1.6574731310333393,
            1.099092720595445,
            -1.7668201046017629,
            -1.4814941871452623,
            6.354567085481298e-07
        ],
        [
            -1.797478290847124,
            -1.3711839579913503,
            1.3894805212468293,
            -1.689773090523875,
            -1.1037434752667383,
            -2.5205711067511123e-05
        ]
    ],
    "goal_config": [
        [
            -3.635840193435096,
            -1.2421348293019367,
            1.1428607800989792,
            -1.837460137408301,
            -1.6555586524854702,
            8.086886197855931e-06
        ],
        [
            -3.76068453124767,
            -2.4256334728900737,
            2.1314531761808264,
            -1.0442294460243806,
            -2.0572187569077744,
            1.7678765418824143e-05
        ]
    ],
    "base_poses": [
        [
            [
                -0.47637983290649777,
                0.22466778535412102,
                0.0
            ],
            [
                -0.0,
                -0.0,
                0.17772718333522458,
                0.9840797977317325
            ]
        ],
        [
            [
                0.36865581056910535,
                -0.5241127863384302,
                0.0
            ],
            [
                0.0,
                0.0,
                0.9169387688722576,
                0.39902793653957186
            ]
        ]
    ],
    "difficulty": 0.15292015423680994
}