{
    "target_eff_poses": [
        [
            [
                -0.715644121170044,
                0.015225954353809357,
                0.46078169345855713
            ],
            [
                -0.5583553314208984,
                -0.03688405454158783,
                0.8159248232841492,
                0.14541515707969666
            ]
        ]
    ],
    "start_goal_config": [
        null
    ],
    "start_config": [
        [
            -3.20713509468441,
            -2.354186719728343,
            1.158003756126775,
            -1.5672758282250099,
            -2.1345363697448168,
            3.9902516514923204e-05
        ]
    ],
    "goal_config": [
        [
            -4.159733586187137,
            -1.2625224370398922,
            1.1389779898158625,
            -1.830303596280275,
            -1.8131353879937187,
            1.7803441802703514e-05
        ]
    ],
    "base_poses": [
        [
            [
                -0.05786193894313274,
                0.020748745141999536,
                0.0
            ],
            [
                -0.0,
                -0.0,
                0.4384525931159936,
                0.8987543177030423
            ]
        ]
    ],
    "difficulty": 0.0,
    "dynamic_speed": null
}