{
    "target_eff_poses": [
        [
            [
                -0.38411960005760193,
                -0.3449544310569763,
                0.14658845961093903
            ],
            [
                -0.5943602919578552,
                -0.41199809312820435,
                0.676777184009552,
                -0.13771727681159973
            ]
        ],
        [
            [
                -0.05396975576877594,
                0.3877086639404297,
                0.3371850848197937
            ],
            [
                -0.0692567527294159,
                0.7966980338096619,
                -0.10469397902488708,
                0.5911978483200073
            ]
        ]
    ],
    "start_goal_config": [
        null,
        null
    ],
    "start_config": [
        [
            -1.1945294762034566,
            -1.0979118273660489,
            1.9846633137717924,
            -1.5395047804502666,
            -0.2061931545339413,
            -2.2732778063961304e-05
        ],
        [
            -1.4225547182841103,
            -1.4485433725729673,
            1.935070218653256,
            -1.4690175407308814,
            -0.7442692855121371,
            -1.9389206340368246e-06
        ]
    ],
    "goal_config": [
        [
            -4.620999745320026,
            -0.8483254925855356,
            1.207023123954475,
            -1.8834517517445144,
            -1.976179705761407,
            2.9446198451484255e-05
        ],
        [
            -3.5271774440885286,
            -2.196338003613575,
            2.0672613464508705,
            -1.1589164880833505,
            -1.8327788735736432,
            2.5723198507604773e-10
        ]
    ],
    "base_poses": [
        [
            [
                0.08414032681166606,
                0.22757344191885975,
                0.0
            ],
            [
                0.0,
                0.0,
                0.9099477842436368,
                0.41472283509603836
            ]
        ],
        [
            [
                -0.25586312768166086,
                0.3298575602419611,
                0.0
            ],
            [
                0.0,
                0.0,
                0.9889922185717294,
                -0.1479675356440346
            ]
        ]
    ],
    "difficulty": 0.69557039405624,
    "dynamic_speed": null,
    "ur5_count": 2,
    "id": "003880",
    "task_path": "/home/hqh2101/workspace-sharing-multiarm/src/data/8f14d7-hard-vlo-tasks/003880.json"
}