{
    "target_eff_poses": [
        [
            [
                0.6910679936408997,
                0.4702734053134918,
                0.16882815957069397
            ],
            [
                -0.02689564973115921,
                0.7237072587013245,
                0.3619817793369293,
                0.5869358777999878
            ]
        ]
    ],
    "start_goal_config": [
        null
    ],
    "start_config": [
        [
            -3.012379487685541,
            -3.1713225727394305,
            1.3849389017744191,
            -1.1496310073317069,
            -1.4423521354913698,
            -7.4891805700989324e-06
        ]
    ],
    "goal_config": [
        [
            -1.7288706763140695,
            -0.8859755090114809,
            1.2289274134599704,
            -1.864764103400272,
            -1.0553131471020853,
            -2.5995888725071103e-05
        ]
    ],
    "base_poses": [
        [
            [
                0.18302691777993707,
                -0.07815384625900834,
                0.0
            ],
            [
                0.0,
                0.0,
                0.9165285519080918,
                0.3999692657408269
            ]
        ]
    ],
    "difficulty": 0.0,
    "dynamic_speed": null,
    "ur5_count": 1,
    "id": "003885",
    "task_path": "/home/hqh2101/workspace-sharing-multiarm/src/data/8f14d7-hard-vlo-tasks/003885.json"
}