{
    "target_eff_poses": [
        [
            [
                -0.2684721350669861,
                0.462340772151947,
                0.18206952512264252
            ],
            [
                0.932063102722168,
                0.22000126540660858,
                -0.09459951519966125,
                -0.27186164259910583
            ]
        ],
        [
            [
                0.25303739309310913,
                -0.1862231343984604,
                0.4947035014629364
            ],
            [
                -0.27397963404655457,
                -0.6284679770469666,
                0.6921829581260681,
                -0.22549037635326385
            ]
        ]
    ],
    "start_goal_config": [
        null,
        null
    ],
    "start_config": [
        [
            -3.7070902179047187,
            -0.6971119530085947,
            1.0228056252659536,
            -2.003190165299939,
            -1.641304363811359,
            5.628661807182131e-06
        ],
        [
            -2.221948172731597,
            -1.3866061805729761,
            1.4326405811380465,
            -1.6738270484633724,
            -1.2837659828504544,
            -2.1278109379267552e-06
        ]
    ],
    "goal_config": [
        [
            -5.294295135651355,
            -1.49816626553105,
            2.1715759598208373,
            -1.257352772974984,
            -3.0385193741021235,
            1.971742157388304e-05
        ],
        [
            -4.854117450044718,
            -1.9889108737678214,
            1.73734700951972,
            -1.3791742686536688,
            -2.4155607588659405,
            2.6842723436510006e-05
        ]
    ],
    "base_poses": [
        [
            [
                -0.08230292745073786,
                0.13219148621514099,
                0.0
            ],
            [
                -0.0,
                -0.0,
                0.543234089162829,
                0.839581279193046
            ]
        ],
        [
            [
                0.27063424852302154,
                0.1204922376741816,
                0.0
            ],
            [
                0.0,
                0.0,
                0.9997404991426817,
                -0.022780131122132962
            ]
        ]
    ],
    "difficulty": 0.6977334712686918,
    "dynamic_speed": null
}