{
    "target_eff_poses": [
        [
            [
                -0.9569324851036072,
                0.13581441342830658,
                0.2521705627441406
            ],
            [
                0.6458519697189331,
                -0.5245926380157471,
                -0.4775535762310028,
                -0.28217101097106934
            ]
        ],
        [
            [
                0.6831532716751099,
                0.3056603670120239,
                0.21337200701236725
            ],
            [
                0.028445163741707802,
                0.7969181537628174,
                0.360207200050354,
                0.4841105341911316
            ]
        ],
        [
            [
                -0.36438652873039246,
                -0.528119683265686,
                0.7361870408058167
            ],
            [
                -0.04994496330618858,
                -0.013598460704088211,
                -0.8484771251678467,
                0.5266945958137512
            ]
        ],
        [
            [
                0.18317092955112457,
                0.05052648112177849,
                0.36305636167526245
            ],
            [
                0.18727733194828033,
                0.742813229560852,
                -0.22128960490226746,
                0.6034788489341736
            ]
        ]
    ],
    "start_goal_config": [
        null,
        null,
        null,
        null
    ],
    "start_config": [
        [
            -3.5309557586778384,
            -1.2020130543397292,
            1.0912975320978655,
            -1.8701116143265724,
            -1.621422445979989,
            5.546265807065044e-06
        ],
        [
            -3.398672115303683,
            -2.5589920565021225,
            1.810152823831995,
            -1.1864704648940247,
            -1.9614229861953894,
            1.2124105879726307e-08
        ],
        [
            -3.3090376104145856,
            -1.6656340646775958,
            2.1542334024317715,
            -1.2901426794758892,
            -1.6837269992374404,
            2.0771433493724473e-05
        ],
        [
            -4.577700166271694,
            -1.5172109545732333,
            1.5800330119021844,
            -1.5766130416878108,
            -2.0190902759240363,
            2.502510632549899e-06
        ]
    ],
    "goal_config": [
        [
            -2.5537438563655996,
            -1.5742028437791713,
            1.8502287749449398,
            -1.452000409154301,
            -1.4223068130926249,
            4.392848027021283e-06
        ],
        [
            -1.4758170813022702,
            -1.1728221978582911,
            1.549285219613696,
            -1.6720038938190587,
            -0.8954352473180407,
            -2.7743720603114517e-05
        ],
        [
            -3.200810640713855,
            -2.7729583824109523,
            1.0361897816938672,
            -1.5083901181704815,
            -1.28124906915105,
            -1.829833735994978e-05
        ],
        [
            -3.0480108635183707,
            -2.303578953706574,
            2.0411678949922143,
            -1.1338115366434998,
            -1.67528959893207,
            -9.209325358547847e-10
        ]
    ],
    "base_poses": [
        [
            [
                -0.6927124342481641,
                -0.20763463348958777,
                0.0
            ],
            [
                0.0,
                0.0,
                -0.7844715312220107,
                0.6201648302686905
            ]
        ],
        [
            [
                0.30321461174260333,
                -0.18785508185548083,
                0.0
            ],
            [
                -0.0,
                -0.0,
                0.8623547617400659,
                0.506304517957557
            ]
        ],
        [
            [
                -0.7079035661525238,
                -0.6826526933144287,
                0.0
            ],
            [
                -0.0,
                -0.0,
                0.42627884572225055,
                0.9045918116419724
            ]
        ],
        [
            [
                -0.007235332431415387,
                0.06465735399062777,
                0.0
            ],
            [
                0.0,
                0.0,
                0.9407335502672162,
                0.3391465574079134
            ]
        ]
    ],
    "difficulty": 0.8305276027461675,
    "dynamic_speed": null
}