{
    "target_eff_poses": [
        [
            [
                0.2094835788011551,
                -0.07274975627660751,
                0.4581291973590851
            ],
            [
                -0.11925450712442398,
                0.5565913915634155,
                -0.06219567731022835,
                0.8198268413543701
            ]
        ],
        [
            [
                0.8273404240608215,
                -0.8982656598091125,
                0.207070991396904
            ],
            [
                0.22886274755001068,
                0.8819980025291443,
                -0.36974430084228516,
                0.18163324892520905
            ]
        ],
        [
            [
                0.14824602007865906,
                -0.48891451954841614,
                0.4299827516078949
            ],
            [
                -0.6788387298583984,
                -0.13710469007492065,
                0.719754695892334,
                -0.04830649495124817
            ]
        ],
        [
            [
                -0.43900907039642334,
                -0.7190293669700623,
                0.3948892056941986
            ],
            [
                -0.6827141046524048,
                -0.20246629416942596,
                0.6959720849990845,
                0.09236698597669601
            ]
        ]
    ],
    "start_goal_config": [
        null,
        null,
        null,
        null
    ],
    "start_config": [
        [
            -2.8473240895879277,
            -2.261945751526165,
            1.9606503407836737,
            -1.1954692630402342,
            -1.5737457024120716,
            2.4237840284057246e-06
        ],
        [
            -3.1323394599118473,
            -3.1175790490549593,
            1.5376380282204831,
            -1.1227611841880167,
            -0.7155634871491393,
            -4.7446074115335953e-17
        ],
        [
            -1.9743528863516164,
            -1.7865379400876193,
            1.2331681591826968,
            -1.6598391447633463,
            -1.069653612158313,
            -2.0487396827460417e-05
        ],
        [
            -2.6047185799062578,
            -2.3033879109931625,
            2.2351898240509627,
            -0.9993893233581379,
            -1.504196449786372,
            -5.644757571199812e-15
        ]
    ],
    "goal_config": [
        [
            -4.280850365285667,
            -1.278360735868481,
            1.1623267438993519,
            -1.8144274938293556,
            -1.8575919893732393,
            2.4477307555721023e-05
        ],
        [
            -4.966778858567176,
            -1.66274661914786,
            2.136951727073059,
            -1.3233873722898875,
            -2.431094319776137,
            4.2801619592272376e-07
        ],
        [
            -3.148416380889302,
            -2.332188683774712,
            1.917399082796279,
            -1.1967786314330557,
            -1.703070160339521,
            2.4594515699480617e-09
        ],
        [
            -4.491123268472602,
            -1.5926541691574465,
            1.5904847937212807,
            -1.554442281678133,
            -1.9910403895745443,
            4.165436212978175e-06
        ]
    ],
    "base_poses": [
        [
            [
                -0.41946462379134264,
                -0.2314600737292558,
                0.0
            ],
            [
                0.0,
                0.0,
                -0.8036961547361618,
                0.5950399069493637
            ]
        ],
        [
            [
                0.751516576711676,
                -0.5820658729501931,
                0.0
            ],
            [
                0.0,
                0.0,
                0.9739933928073531,
                -0.22657641264620035
            ]
        ],
        [
            [
                0.2837877674415479,
                -0.3565750131004555,
                0.0
            ],
            [
                -0.0,
                -0.0,
                0.13613943117156851,
                0.9906896866730176
            ]
        ],
        [
            [
                0.022364684100263488,
                -0.5894915607879186,
                0.0
            ],
            [
                -0.0,
                -0.0,
                0.6837897595088486,
                0.7296790834269755
            ]
        ]
    ],
    "difficulty": 0.9112426035502958,
    "dynamic_speed": null,
    "ur5_count": 4,
    "id": "003831",
    "task_path": "/home/huy/programming/projects/workspace-sharing-multiarm/src/data/8f14d7-hard-vlo-tasks/003831.json"
}