{
    "target_eff_poses": [
        [
            [
                -0.8152973055839539,
                0.18899227678775787,
                0.46140486001968384
            ],
            [
                -0.5414490699768066,
                0.14109447598457336,
                0.8287261724472046,
                0.011763148941099644
            ]
        ],
        [
            [
                1.3745434284210205,
                0.5675053596496582,
                0.36077043414115906
            ],
            [
                -0.16951507329940796,
                0.6639410853385925,
                -0.1545374095439911,
                0.711733877658844
            ]
        ],
        [
            [
                0.2093857228755951,
                -0.622020423412323,
                0.3818287253379822
            ],
            [
                0.5628228783607483,
                0.43606799840927124,
                -0.36183181405067444,
                0.6017913818359375
            ]
        ],
        [
            [
                0.33747339248657227,
                0.05490666627883911,
                0.6309012770652771
            ],
            [
                -0.36175402998924255,
                -0.14177964627742767,
                0.921353280544281,
                -0.011867580004036427
            ]
        ]
    ],
    "start_goal_config": [
        null,
        null,
        null,
        null
    ],
    "start_config": [
        [
            -3.0502362178509688,
            -2.283039237032855,
            1.7861921767427322,
            -1.2808394163189494,
            -1.6360462802779385,
            -5.095770292613362e-09
        ],
        [
            -4.1805705187841955,
            -1.1092835448532585,
            1.2348313347873932,
            -1.8214858880477551,
            -1.8138063616634772,
            1.682952776727657e-05
        ],
        [
            -2.4832029156194686,
            -1.2660242019306907,
            1.561841973680911,
            -1.6497450213592681,
            -1.370306441871492,
            -8.997410355670265e-06
        ],
        [
            -4.700223093430361,
            -1.7740852572040937,
            1.157855781824086,
            -1.686669334993617,
            -2.2502736685500833,
            -1.2464205541863496e-05
        ]
    ],
    "goal_config": [
        [
            -2.439556855644218,
            -1.2658628315335976,
            1.1417349997196717,
            -1.8298267017373804,
            -1.3300737011174457,
            4.257588320178085e-06
        ],
        [
            -4.671500580840883,
            -1.3090613806094704,
            1.3821022033966102,
            -1.7047544537905697,
            -2.0345833570236773,
            2.9921411211429735e-05
        ],
        [
            -1.9889363373329676,
            -1.538087000129847,
            1.5625988180959194,
            -1.581453857217656,
            -1.200521562127841,
            -9.403071495066706e-06
        ],
        [
            -3.1670459648914666,
            -2.580450651386009,
            1.5488341279327331,
            -1.3118716358802363,
            -1.9314404011644988,
            2.580398422942985e-09
        ]
    ],
    "base_poses": [
        [
            [
                -0.14968134742408945,
                0.1507925419125078,
                0.0
            ],
            [
                0.0,
                0.0,
                -0.4667135737945912,
                0.8844085255332406
            ]
        ],
        [
            [
                0.7740548592283627,
                0.4947327393627645,
                0.0
            ],
            [
                0.0,
                0.0,
                -0.7087647862004036,
                0.7054448793791732
            ]
        ],
        [
            [
                -0.004382451958519162,
                -0.14484781515741907,
                0.0
            ],
            [
                -0.0,
                -0.0,
                0.26478633748609465,
                0.9643071064140821
            ]
        ],
        [
            [
                0.30830272559200944,
                0.11135103866602092,
                0.0
            ],
            [
                -0.0,
                -0.0,
                0.20447620492024096,
                0.978871534789635
            ]
        ]
    ],
    "difficulty": 0.9568325025862879,
    "dynamic_speed": null
}