{
    "target_eff_poses": [
        [
            [
                -0.36831775307655334,
                0.9893937706947327,
                0.7965056300163269
            ],
            [
                -0.003200978273525834,
                -0.012399774976074696,
                -0.24528387188911438,
                0.969366729259491
            ]
        ],
        [
            [
                0.6848204135894775,
                -0.115522600710392,
                0.7297145128250122
            ],
            [
                -0.074348583817482,
                0.3593955338001251,
                0.40991219878196716,
                0.8350324034690857
            ]
        ],
        [
            [
                -0.11481890082359314,
                0.21368734538555145,
                0.7530302405357361
            ],
            [
                -0.20097066462039948,
                0.06735298037528992,
                0.7197878956794739,
                0.6610444784164429
            ]
        ],
        [
            [
                0.5932408571243286,
                0.14475873112678528,
                0.6760791540145874
            ],
            [
                0.0971611738204956,
                0.02716073766350746,
                -0.7582943439483643,
                0.644058883190155
            ]
        ]
    ],
    "start_goal_config": [
        null,
        null,
        null,
        null
    ],
    "start_config": [
        [
            -3.0181406126764982,
            -2.7614989059231734,
            1.7008258082279921,
            -1.172750471485722,
            -1.868534333261581,
            1.829551628264028e-05
        ],
        [
            -3.149979237815811,
            -3.0646117105792614,
            1.9822767281648894,
            -0.8960693617353435,
            -2.479026732973535,
            1.6674178327207696e-05
        ],
        [
            -2.5282907840914106,
            -2.470303251881323,
            2.1220667790901544,
            -1.0184268023455716,
            -1.4415514669745608,
            -6.433416716026716e-12
        ],
        [
            -2.612059744079409,
            -2.7797476550011706,
            1.0797943073455059,
            -1.4786150635993454,
            -2.071428728669099,
            -3.1089834519869976e-05
        ]
    ],
    "goal_config": [
        [
            -3.0088448709021254,
            -2.605054431055944,
            1.012113602018247,
            -1.5742639647518204,
            -1.5660079608641297,
            -2.858976962070188e-07
        ],
        [
            -2.4964399924137806,
            -1.7841780116656631,
            1.1193333849301947,
            -1.7251694906632942,
            -1.3184454811776942,
            -8.57837976427167e-06
        ],
        [
            -3.0386258646631084,
            -2.4933572800462014,
            1.2586366741059096,
            -1.4797063313052152,
            -1.9903587862344438,
            2.7716109495767454e-05
        ],
        [
            -3.1958633426375513,
            -2.841453448424953,
            1.2680459580460304,
            -1.3660555126110847,
            -1.139132092577224,
            -2.999739150494192e-05
        ]
    ],
    "base_poses": [
        [
            [
                -0.20477676672603562,
                0.7748380955009739,
                0.0
            ],
            [
                0.0,
                0.0,
                0.9502990438003626,
                0.3113386056243532
            ]
        ],
        [
            [
                0.4752654675646619,
                -0.45756334890447087,
                0.0
            ],
            [
                0.0,
                0.0,
                0.9999712520118159,
                -0.007582555632591101
            ]
        ],
        [
            [
                -0.09568180782948077,
                0.2952685527168819,
                0.0
            ],
            [
                0.0,
                0.0,
                -0.551850189238241,
                0.8339432646395782
            ]
        ],
        [
            [
                0.3052534571624179,
                0.010653813084641306,
                0.0
            ],
            [
                -0.0,
                -0.0,
                0.49290009183866923,
                0.8700859149908309
            ]
        ]
    ],
    "difficulty": 0.9028496191103169,
    "dynamic_speed": null
}