{
    "target_eff_poses": [
        [
            [
                0.33896753191947937,
                0.38887980580329895,
                0.45109647512435913
            ],
            [
                -0.6824159622192383,
                -0.11427384614944458,
                0.696603536605835,
                0.1897193342447281
            ]
        ]
    ],
    "start_goal_config": [
        null
    ],
    "start_config": [
        [
            -2.872298557881925,
            -2.166137910938867,
            2.1676551878728216,
            -1.1043269543652967,
            -1.6046372415357766,
            4.86386685526957e-06
        ]
    ],
    "goal_config": [
        [
            -4.072068235876381,
            -2.166215974317995,
            1.844538969314854,
            -1.2916211216265738,
            -2.002612603233822,
            2.4134255664215252e-05
        ]
    ],
    "base_poses": [
        [
            [
                0.5766130915009551,
                0.4200615324991932,
                0.0
            ],
            [
                -0.0,
                -0.0,
                0.4034245292923764,
                0.915012922949848
            ]
        ]
    ],
    "difficulty": 0.0,
    "dynamic_speed": null,
    "ur5_count": 1,
    "id": "003832",
    "task_path": "/home/hqh2101/workspace-sharing-multiarm/src/data/8f14d7-hard-vlo-tasks/003832.json"
}