{
    "target_eff_poses": [
        [
            [
                -0.03936807066202164,
                0.2929060459136963,
                0.305867075920105
            ],
            [
                0.29327648878097534,
                0.7623574137687683,
                -0.4410313069820404,
                0.37187567353248596
            ]
        ],
        [
            [
                -0.9351679682731628,
                0.25925636291503906,
                0.37779656052589417
            ],
            [
                -0.609910249710083,
                0.2601264715194702,
                0.7298403978347778,
                0.16636322438716888
            ]
        ],
        [
            [
                0.7072152495384216,
                -1.0341840982437134,
                0.6177754402160645
            ],
            [
                -0.08517510443925858,
                0.01501594576984644,
                0.5947835445404053,
                0.7992198467254639
            ]
        ],
        [
            [
                0.1700432300567627,
                -0.18408691883087158,
                0.3614501655101776
            ],
            [
                -0.5791031122207642,
                0.5302331447601318,
                0.20027238130569458,
                0.585989236831665
            ]
        ]
    ],
    "start_goal_config": [
        null,
        null,
        null,
        null
    ],
    "start_config": [
        [
            -2.942515213672804,
            -1.678625256370444,
            1.275788446467681,
            -1.6782194533245696,
            -1.5001056383252471,
            2.042325749028859e-06
        ],
        [
            -4.337668037751796,
            -2.3291011459344433,
            1.8303331408655854,
            -1.2562531375705748,
            -2.4717496477409426,
            2.7502096799551957e-06
        ],
        [
            -4.485423731897309,
            -2.007581448814135,
            2.3058278507284506,
            -1.1230686045530274,
            -2.308868085031323,
            4.3262843590878155e-09
        ],
        [
            -3.223203652670269,
            -3.069857195516401,
            1.0948900840335243,
            -1.3517429629865583,
            -1.1088448981335102,
            3.12507275619939e-05
        ]
    ],
    "goal_config": [
        [
            -3.41827969274888,
            -2.6472823952237126,
            2.243626774297204,
            -0.8261669312606404,
            -2.0738139850318396,
            1.0651319951245243e-05
        ],
        [
            -2.5855864454555273,
            -1.339540930966095,
            1.3637227819066522,
            -1.715958223975151,
            -1.3917711439741807,
            -6.6120162105791635e-06
        ],
        [
            -2.4974500576023364,
            -2.9955101956496644,
            1.3131263930814645,
            -1.2859938857952293,
            -2.327433273579787,
            3.0350577335286324e-05
        ],
        [
            -4.297299370791266,
            -2.0679676775374443,
            1.986964308787925,
            -1.2546037646661818,
            -2.070891838574128,
            2.40478339904244e-05
        ]
    ],
    "base_poses": [
        [
            [
                -0.09562894551412371,
                0.3133368461217767,
                0.0
            ],
            [
                0.0,
                0.0,
                0.8868069478974218,
                0.4621400622764268
            ]
        ],
        [
            [
                -0.3725918628203658,
                0.014833721725628912,
                0.0
            ],
            [
                0.0,
                0.0,
                -0.5577181306131301,
                0.8300304131689366
            ]
        ],
        [
            [
                0.5658097423550148,
                -0.7082535798490966,
                0.0
            ],
            [
                0.0,
                0.0,
                -0.7673935728518654,
                0.641176344187501
            ]
        ],
        [
            [
                0.1113301697607898,
                -0.43532472765906827,
                0.0
            ],
            [
                0.0,
                0.0,
                -0.4018712754721426,
                0.9156961712000292
            ]
        ]
    ],
    "difficulty": 0.8947615912724537
}