{
    "target_eff_poses": [
        [
            [
                0.2328040897846222,
                -0.1602746546268463,
                0.5507081747055054
            ],
            [
                0.22811315953731537,
                0.12180183082818985,
                0.9600781202316284,
                -0.10667096078395844
            ]
        ]
    ],
    "start_goal_config": [
        null
    ],
    "start_config": [
        [
            -4.153556503648649,
            -1.651319925912814,
            1.1489509742414763,
            -1.7395837839077812,
            -1.8736792108426892,
            2.2121621360206713e-05
        ]
    ],
    "goal_config": [
        [
            -2.7740977491993024,
            -3.1123173915559295,
            0.8688329425047606,
            -1.4212512946296465,
            -1.9506158026803393,
            -2.0128495975645114e-05
        ]
    ],
    "base_poses": [
        [
            [
                -0.30632213662372776,
                -0.45609708562250284,
                0.0
            ],
            [
                -0.0,
                -0.0,
                0.11655191799423806,
                0.993184600369873
            ]
        ]
    ],
    "difficulty": 0.0,
    "dynamic_speed": null
}