{
    "target_eff_poses": [
        [
            [
                -0.12150974571704865,
                -0.7501830458641052,
                0.586845338344574
            ],
            [
                0.14415472745895386,
                0.4166994094848633,
                -0.6905196905136108,
                0.5733791589736938
            ]
        ]
    ],
    "start_goal_config": [
        null
    ],
    "start_config": [
        [
            -2.075990118995581,
            -0.9444548782137725,
            1.1018037080735887,
            -1.909932292328042,
            -1.2015000830575113,
            -2.1797530320778978e-05
        ]
    ],
    "goal_config": [
        [
            -3.247671922114981,
            -2.6534663508811795,
            1.6606810064999873,
            -1.2355275108499484,
            -2.1155688033732765,
            2.0853846261736802e-05
        ]
    ],
    "base_poses": [
        [
            [
                -0.15420609105880723,
                -0.7819239684220346,
                0.0
            ],
            [
                -0.0,
                -0.0,
                0.8512751198033056,
                0.5247196112247642
            ]
        ]
    ],
    "difficulty": 0.0,
    "dynamic_speed": null
}