{
    "target_eff_poses": [
        [
            [
                0.34898024797439575,
                -0.11579659581184387,
                0.29452356696128845
            ],
            [
                0.7033178210258484,
                0.34938278794288635,
                -0.606856107711792,
                0.12248005717992783
            ]
        ]
    ],
    "start_goal_config": [
        null
    ],
    "start_config": [
        [
            -4.746722009901393,
            -1.0366345252614817,
            1.2265254450150778,
            -1.8275943069997767,
            -2.0478256453642865,
            2.8650993029639436e-05
        ]
    ],
    "goal_config": [
        [
            -4.064516137717067,
            -1.5149637549306103,
            1.7067799154673706,
            -1.5269815154446547,
            -1.832693835014142,
            2.6195725825529785e-05
        ]
    ],
    "base_poses": [
        [
            [
                0.6750897600863148,
                0.2329969645443739,
                0.0
            ],
            [
                -0.0,
                -0.0,
                0.7114631740011649,
                0.7027233823064295
            ]
        ]
    ],
    "difficulty": 0.0
}