{
    "target_eff_poses": [
        [
            [
                -0.5113974213600159,
                -0.34624817967414856,
                0.222883403301239
            ],
            [
                0.1947806477546692,
                0.859327495098114,
                -0.2863525450229645,
                0.37632301449775696
            ]
        ]
    ],
    "start_goal_config": [
        null
    ],
    "start_config": [
        [
            -5.250187089812446,
            -1.526717292747247,
            1.4368325838729505,
            -1.5336289147749889,
            -2.700772933289048,
            -5.5690987105077965e-05
        ]
    ],
    "goal_config": [
        [
            -4.331929914149252,
            -1.688989737569015,
            2.046890696609107,
            -1.3430071205384284,
            -1.9983379055268997,
            2.219121802421641e-05
        ]
    ],
    "base_poses": [
        [
            [
                -0.7661839022812984,
                -0.1282124433164038,
                0.0
            ],
            [
                0.0,
                0.0,
                0.9874646318376807,
                -0.15784042850193206
            ]
        ]
    ],
    "difficulty": 0.0
}