{
    "target_eff_poses": [
        [
            [
                -0.36853837966918945,
                0.09979254007339478,
                0.18461143970489502
            ],
            [
                0.8932731747627258,
                0.13168106973171234,
                -0.3938266634941101,
                0.17211559414863586
            ]
        ],
        [
            [
                -0.4311598539352417,
                0.21903923153877258,
                0.5578795075416565
            ],
            [
                0.3048168420791626,
                0.447279155254364,
                -0.5881301760673523,
                0.6009417772293091
            ]
        ]
    ],
    "start_goal_config": [
        null,
        null
    ],
    "start_config": [
        [
            -2.7259173521083135,
            -2.0385346686373014,
            2.16060326114902,
            -1.1591870663433086,
            -1.5301634700086193,
            2.5100636697875953e-12
        ],
        [
            -3.3897309511864258,
            -3.1229389915718664,
            1.23257218802348,
            -1.275856490938981,
            -0.4421713371157138,
            3.812637896463215e-05
        ]
    ],
    "goal_config": [
        [
            -2.247125688915235,
            -1.6429414644798193,
            2.0951663287153277,
            -1.3407525210408877,
            -1.3051421944858994,
            -6.142167311485873e-06
        ],
        [
            -3.25261696933676,
            -2.3682925123361036,
            1.6800048521463553,
            -1.3094102843373008,
            -1.7472315841802788,
            1.575527371275241e-05
        ]
    ],
    "base_poses": [
        [
            [
                -0.17597684895911958,
                0.3890214698476282,
                0.0
            ],
            [
                0.0,
                0.0,
                -0.1672577880527083,
                0.9859131971607416
            ]
        ],
        [
            [
                -0.5429426798618171,
                0.33732317718052784,
                0.0
            ],
            [
                -0.0,
                -0.0,
                0.807503294082143,
                0.5898630604186771
            ]
        ]
    ],
    "difficulty": 0.38835741909220434
}