{
    "target_eff_poses": [
        [
            [
                -0.44177594780921936,
                0.16725777089595795,
                0.1411946564912796
            ],
            [
                0.6616744995117188,
                0.48587125539779663,
                -0.36711978912353516,
                0.4374231696128845
            ]
        ]
    ],
    "start_goal_config": [
        null
    ],
    "start_config": [
        [
            -3.070547160302451,
            -2.3487703778595588,
            1.2546878166899638,
            -1.5221372244448503,
            -1.6380483853760914,
            5.831301608472192e-06
        ]
    ],
    "goal_config": [
        [
            -2.386425061911376,
            -1.1081827751840692,
            1.5762260675167752,
            -1.683645407052006,
            -1.3316227208859694,
            -1.4308137001598687e-05
        ]
    ],
    "base_poses": [
        [
            [
                -0.5435347755241878,
                0.7596560752463151,
                0.0
            ],
            [
                -0.0,
                -0.0,
                0.3666253077406211,
                0.9303686816118085
            ]
        ]
    ],
    "difficulty": 0.0,
    "dynamic_speed": null
}