{
    "target_eff_poses": [
        [
            [
                0.7013176083564758,
                -0.6559402346611023,
                0.415005087852478
            ],
            [
                0.11693330854177475,
                0.7109293341636658,
                -0.18418091535568237,
                0.6685682535171509
            ]
        ],
        [
            [
                -0.7060418725013733,
                0.28401267528533936,
                0.8054029941558838
            ],
            [
                -0.17053912580013275,
                -0.23270243406295776,
                0.9341493248939514,
                -0.2100740373134613
            ]
        ],
        [
            [
                0.27855774760246277,
                -0.047382209450006485,
                0.40705859661102295
            ],
            [
                -0.02467655949294567,
                0.7012667655944824,
                0.2774513065814972,
                0.6562291979789734
            ]
        ]
    ],
    "start_goal_config": [
        null,
        null,
        null
    ],
    "start_config": [
        [
            -3.076682383285163,
            -2.5932036679600188,
            1.59801704885968,
            -1.282200449737963,
            -1.77532187889511,
            -6.593636894431663e-08
        ],
        [
            -3.4819396411424934,
            -1.6328461755713846,
            1.90612527860324,
            -1.4086549566769693,
            -1.6945244522134058,
            1.5037371093642616e-05
        ],
        [
            -5.256250538424771,
            -0.973356822205514,
            1.3134634293423817,
            -1.7263244367724664,
            -2.555842537679344,
            3.667755826205254e-05
        ]
    ],
    "goal_config": [
        [
            -3.2910204091311823,
            -2.0077953654433744,
            1.8190971984008633,
            -1.3439012200203193,
            -1.6765940743455834,
            -9.59660273000796e-07
        ],
        [
            -4.266499631077142,
            -1.9885580157014158,
            1.105713606176927,
            -1.6733990616842753,
            -2.2879849762961486,
            3.4163085992419645e-05
        ],
        [
            -2.005837085611583,
            -1.6187578368704427,
            1.5846476130421674,
            -1.5519106938911584,
            -1.2059678979998403,
            -1.8803763890139606e-05
        ]
    ],
    "base_poses": [
        [
            [
                0.39340486662376417,
                -0.6191066139033805,
                0.0
            ],
            [
                0.0,
                0.0,
                0.990047084750946,
                0.14073652680151344
            ]
        ],
        [
            [
                -0.6435972691369121,
                0.48652370252125543,
                0.0
            ],
            [
                0.0,
                0.0,
                0.9095726422674578,
                0.41554495357132576
            ]
        ],
        [
            [
                -0.08038198253879525,
                -0.38576382634562734,
                0.0
            ],
            [
                0.0,
                0.0,
                0.9392704618332419,
                0.34317779579624386
            ]
        ]
    ],
    "difficulty": 0.7378312347303139
}