{
    "target_eff_poses": [
        [
            [
                0.21837908029556274,
                0.39967092871665955,
                0.300448477268219
            ],
            [
                0.029053447768092155,
                0.8481841683387756,
                -0.33252474665641785,
                0.411298930644989
            ]
        ],
        [
            [
                -0.2604702115058899,
                0.30283138155937195,
                0.43411681056022644
            ],
            [
                -0.5895986557006836,
                0.26898521184921265,
                0.7135710120201111,
                0.2661518454551697
            ]
        ],
        [
            [
                0.00035895276232622564,
                0.09861820936203003,
                0.26219844818115234
            ],
            [
                0.8417092561721802,
                -0.466947466135025,
                0.16891396045684814,
                -0.21202294528484344
            ]
        ],
        [
            [
                -0.48660996556282043,
                -0.4122646152973175,
                0.23036950826644897
            ],
            [
                -0.40166810154914856,
                0.8067464828491211,
                -0.09843551367521286,
                0.4220582842826843
            ]
        ]
    ],
    "start_goal_config": [
        null,
        null,
        null,
        null
    ],
    "start_config": [
        [
            -3.3232659566648723,
            -2.6572454794025195,
            1.6165599960586887,
            -1.2711885943784544,
            -2.6445835820691466,
            -2.909495697830127e-05
        ],
        [
            -3.2079660481531675,
            -2.7471412793087016,
            2.179646352673716,
            -0.8221349608109431,
            -1.9851592563191827,
            5.238468717254177e-06
        ],
        [
            -3.003170185852134,
            -1.0587545741699294,
            1.4103190003419328,
            -1.7612329910593745,
            -1.494676151339656,
            -1.2386059586641667e-06
        ],
        [
            -1.8033795208019312,
            -2.024988328340403,
            2.1442757296252477,
            -1.2059304093714893,
            -0.9727043583922644,
            -1.2587110539816963e-05
        ]
    ],
    "goal_config": [
        [
            -4.434724561928853,
            -2.102792839995499,
            2.153965670118616,
            -1.165790285637733,
            -2.2164430747233546,
            3.618754040193841e-17
        ],
        [
            -2.9266717723981612,
            -1.515765908491285,
            1.4303742779354316,
            -1.646135934937662,
            -1.4997887999503428,
            4.485238427646527e-06
        ],
        [
            -5.178347008350951,
            -1.9826649970071588,
            2.3665428185920523,
            -0.9329037833368845,
            -3.307815742585543,
            8.556554251845854e-06
        ],
        [
            -4.632141393395721,
            -1.8709736070942011,
            2.201876186855734,
            -1.227382017934365,
            -2.2618717533945087,
            1.8365527010067376e-05
        ]
    ],
    "base_poses": [
        [
            [
                0.035364896451500316,
                0.5173680644635539,
                0.0
            ],
            [
                0.0,
                0.0,
                0.9583860862375847,
                -0.2854752348386894
            ]
        ],
        [
            [
                0.19696532405946832,
                0.013089873674767327,
                0.0
            ],
            [
                0.0,
                0.0,
                -0.479395844801746,
                0.8775987830363146
            ]
        ],
        [
            [
                -0.24844157334512063,
                0.016503572191240545,
                0.0
            ],
            [
                0.0,
                0.0,
                -0.34911248620809754,
                0.9370808246750122
            ]
        ],
        [
            [
                -0.7303083787300528,
                -0.49707755865376096,
                0.0
            ],
            [
                0.0,
                0.0,
                -0.6511517596872285,
                0.7589475514528167
            ]
        ]
    ],
    "difficulty": 0.9398778769375293,
    "dynamic_speed": null,
    "ur5_count": 4,
    "id": "003988",
    "task_path": "/home/huy/programming/projects/workspace-sharing-multiarm/src/data/8f14d7-hard-vlo-tasks/003988.json"
}