{
    "target_eff_poses": [
        [
            [
                -0.6080847382545471,
                0.5150784850120544,
                0.4130399525165558
            ],
            [
                0.3422525227069855,
                0.5070450901985168,
                -0.23855409026145935,
                0.7542283535003662
            ]
        ],
        [
            [
                0.7324978709220886,
                0.030322270467877388,
                0.16473078727722168
            ],
            [
                0.8337825536727905,
                0.3448764979839325,
                0.03889450430870056,
                0.4293648600578308
            ]
        ],
        [
            [
                0.3520413935184479,
                0.5239661335945129,
                0.5018309950828552
            ],
            [
                0.4181217551231384,
                0.45031869411468506,
                -0.5502457022666931,
                0.5653466582298279
            ]
        ]
    ],
    "start_goal_config": [
        null,
        null,
        null
    ],
    "start_config": [
        [
            -2.6856913034914105,
            -1.486380579692032,
            1.526582413850538,
            -1.6106450482705015,
            -1.4381416870267494,
            -3.2628316120780526e-06
        ],
        [
            -3.218017401445852,
            -1.9250271477907894,
            1.2628999544217434,
            -1.625969583649736,
            -1.6066335618350898,
            9.35319335780785e-06
        ],
        [
            -2.7053019832963114,
            -2.080382893355277,
            1.8104934226080842,
            -1.3280633937145403,
            -1.489108612466234,
            2.2894505418696363e-09
        ]
    ],
    "goal_config": [
        [
            -2.5881452235225235,
            -2.854157052812036,
            1.9824180203179746,
            -0.9533220076120292,
            -1.2833811805482955,
            -9.838276271759042e-06
        ],
        [
            -1.1123096925620028,
            -1.1799635289044166,
            1.7997547150082323,
            -1.5112433102493328,
            -0.30186566196996467,
            -2.2470658934369715e-05
        ],
        [
            -2.950944278731458,
            -2.3060622478644444,
            1.770092299801394,
            -1.2821133885684042,
            -1.5943184353973407,
            1.5551749355941654e-09
        ]
    ],
    "base_poses": [
        [
            [
                -0.7024539541945093,
                0.39911736084957883,
                0.0
            ],
            [
                -0.0,
                -0.0,
                0.7473258787898721,
                0.6644576968407736
            ]
        ],
        [
            [
                0.279671856643646,
                0.39205457859634363,
                0.0
            ],
            [
                -0.0,
                -0.0,
                0.012021875243668765,
                0.9999277346466722
            ]
        ],
        [
            [
                0.23719706293843168,
                0.6941215070383,
                0.0
            ],
            [
                -0.0,
                -0.0,
                0.6558970444334506,
                0.754850360736129
            ]
        ]
    ],
    "difficulty": 0.7804006395184802,
    "dynamic_speed": null
}