{
    "target_eff_poses": [
        [
            [
                -0.8942453861236572,
                -0.5034292340278625,
                0.3950066864490509
            ],
            [
                0.6517439484596252,
                -0.4152795374393463,
                -0.6172332763671875,
                0.14763368666172028
            ]
        ]
    ],
    "start_goal_config": [
        null
    ],
    "start_config": [
        [
            -4.263656063665142,
            -1.877782650875806,
            1.599487171583073,
            -1.480302454334103,
            -1.960562234761986,
            3.793477606807014e-05
        ]
    ],
    "goal_config": [
        [
            -1.5652290390176502,
            -1.920134892530862,
            1.8855165078159166,
            -1.3404614240930501,
            -0.7687123133212228,
            -2.0399479688516954e-05
        ]
    ],
    "base_poses": [
        [
            [
                -0.5239237194335127,
                -0.4169920702748666,
                0.0
            ],
            [
                0.0,
                0.0,
                -0.8160000221230304,
                0.5780518695542938
            ]
        ]
    ],
    "difficulty": 0.0,
    "dynamic_speed": null,
    "ur5_count": 1,
    "id": "003972",
    "task_path": "/home/huy/programming/projects/workspace-sharing-multiarm/src/data/8f14d7-hard-vlo-tasks/003972.json"
}