{
    "target_eff_poses": [
        [
            [
                0.28362157940864563,
                0.23621515929698944,
                0.7230976819992065
            ],
            [
                -0.06770510971546173,
                -0.26536571979522705,
                0.8478220701217651,
                -0.4540867209434509
            ]
        ],
        [
            [
                -0.3630087673664093,
                -0.8439857363700867,
                0.38704678416252136
            ],
            [
                -0.6905851364135742,
                0.04573307931423187,
                0.7216638326644897,
                0.014212568290531635
            ]
        ],
        [
            [
                -0.5924140214920044,
                -0.11190596222877502,
                0.2469041347503662
            ],
            [
                -0.4554527699947357,
                0.7023360729217529,
                0.5186704993247986,
                0.1739763468503952
            ]
        ]
    ],
    "start_goal_config": [
        null,
        null,
        null
    ],
    "start_config": [
        [
            -3.100248982154437,
            -3.221737973022357,
            2.083272222901891,
            -0.6374735459813848,
            -2.458408615670552,
            1.1304407686016421e-05
        ],
        [
            -4.571203180298873,
            -1.5729148820618575,
            1.3243403688267064,
            -1.6693399183378472,
            -2.0271832665660785,
            3.687456675402908e-05
        ],
        [
            -2.091612203646208,
            -1.6207853727884494,
            1.5448381763067989,
            -1.5684556193011328,
            -1.2403790786266902,
            -1.5552704641708985e-05
        ]
    ],
    "goal_config": [
        [
            -3.102804733193664,
            -2.548073872886427,
            1.3722630821272477,
            -1.4109340252774274,
            -2.4001055502409794,
            3.3940259601289e-05
        ],
        [
            -2.9992748751376292,
            -1.5067058753242897,
            1.5079037143937235,
            -1.6140066451260477,
            -1.5243612530227089,
            2.7080398850889362e-06
        ],
        [
            -1.5234907032885217,
            -1.465189350682104,
            1.813019818043164,
            -1.5055408426368513,
            -0.8989486352069062,
            -1.9091426713508987e-05
        ]
    ],
    "base_poses": [
        [
            [
                0.28915088520314924,
                0.15838442914583606,
                0.0
            ],
            [
                -0.0,
                -0.0,
                0.7751662011487958,
                0.631757358957175
            ]
        ],
        [
            [
                0.16444231524032094,
                -0.7737510730788858,
                0.0
            ],
            [
                0.0,
                0.0,
                -0.11381968246968796,
                0.9935014241975194
            ]
        ],
        [
            [
                -0.2939388158545567,
                -0.5095098042004151,
                0.0
            ],
            [
                0.0,
                0.0,
                0.9947845735972265,
                -0.10199829475527587
            ]
        ]
    ],
    "difficulty": 0.6522270249953016,
    "dynamic_speed": null
}