{
    "target_eff_poses": [
        [
            [
                -1.0203300714492798,
                0.5119622349739075,
                0.48468101024627686
            ],
            [
                -0.5493550896644592,
                0.11039339751005173,
                0.8242955803871155,
                -0.08098895847797394
            ]
        ],
        [
            [
                0.3212968707084656,
                -0.1675761640071869,
                0.39161089062690735
            ],
            [
                -0.31727468967437744,
                0.3964563012123108,
                0.4739048182964325,
                0.7194257974624634
            ]
        ]
    ],
    "start_goal_config": [
        null,
        null
    ],
    "start_config": [
        [
            -4.90968417567221,
            -1.3254833201447922,
            1.1222395163517893,
            -1.7892347020116137,
            -2.1935316225198895,
            -3.589773176061359e-05
        ],
        [
            -3.028779569590751,
            -3.119715815545523,
            1.5848338384993044,
            -1.075597072303977,
            -1.1954601084325556,
            -3.301564424407253e-05
        ]
    ],
    "goal_config": [
        [
            -2.2539376841976964,
            -1.340316563786429,
            1.1816967555164106,
            -1.7933824685832884,
            -1.2745439226017221,
            -1.3240328915026295e-05
        ],
        [
            -2.80198199456548,
            -3.1476630337145397,
            1.8960227208440479,
            -0.8247385155477348,
            -1.6632223389959784,
            3.0041150794854497e-06
        ]
    ],
    "base_poses": [
        [
            [
                -0.3901731560835975,
                0.5963367571103777,
                0.0
            ],
            [
                0.0,
                0.0,
                -0.4741691101676128,
                0.8804337879493576
            ]
        ],
        [
            [
                0.46193860211700555,
                -0.04872955902025122,
                0.0
            ],
            [
                0.0,
                0.0,
                0.8965430450810096,
                -0.44295662125864077
            ]
        ]
    ],
    "difficulty": 0.18372333427309465,
    "dynamic_speed": null
}