{
    "target_eff_poses": [
        [
            [
                0.1364198625087738,
                -0.19286951422691345,
                0.6985929012298584
            ],
            [
                -0.24561041593551636,
                0.21023181080818176,
                0.43962809443473816,
                0.8379769325256348
            ]
        ],
        [
            [
                0.7964596152305603,
                -0.3063419461250305,
                0.22919021546840668
            ],
            [
                0.8941378593444824,
                0.1862064003944397,
                -0.1994757503271103,
                0.35504114627838135
            ]
        ],
        [
            [
                0.27467650175094604,
                0.7350091338157654,
                0.4422941207885742
            ],
            [
                -0.3248389661312103,
                0.6273706555366516,
                -0.249364972114563,
                0.6623464226722717
            ]
        ],
        [
            [
                -0.6305003762245178,
                -0.23990251123905182,
                0.36541756987571716
            ],
            [
                -0.02261335775256157,
                0.7325859665870667,
                -0.15552251040935516,
                0.6622833013534546
            ]
        ]
    ],
    "start_goal_config": [
        null,
        null,
        null,
        null
    ],
    "start_config": [
        [
            -2.286345877495799,
            -2.2013208134028828,
            1.772432677857063,
            -1.3142741134210727,
            -1.2610319605538958,
            -4.824605889667667e-06
        ],
        [
            -1.8450194240353741,
            -1.502266290798503,
            2.0136233207491165,
            -1.4306024651229952,
            -1.0943240401856675,
            -1.2823499494807582e-05
        ],
        [
            -2.8589882447623776,
            -1.1898144947976732,
            1.5086004200427958,
            -1.6895457790350952,
            -1.4692039023159391,
            -3.435338292157862e-06
        ],
        [
            -5.26154316927871,
            -1.3433308628479967,
            1.6889841479317382,
            -1.516798444851333,
            -2.6039025835901892,
            3.197809049302129e-05
        ]
    ],
    "goal_config": [
        [
            -3.2276221684008304,
            -2.4680871172591896,
            1.4018886711681893,
            -1.4169562738102908,
            -1.9505274205852556,
            2.8621030916999937e-05
        ],
        [
            -1.6613804122164273,
            -1.9702760128714774,
            2.2937659768460694,
            -1.1623417506882154,
            -0.7172118247581285,
            -1.2132454148153425e-05
        ],
        [
            -4.2203143935313205,
            -2.4318344768686506,
            2.003296806385774,
            -1.1440157047779707,
            -2.4086390946319884,
            1.8880594261807368e-05
        ],
        [
            -3.1343358455870987,
            -2.6209663948743476,
            2.0944160876245066,
            -0.9697874804825147,
            -1.832302423528721,
            8.164665508411634e-06
        ]
    ],
    "base_poses": [
        [
            [
                0.19343119502845185,
                -0.21703412929483012,
                0.0
            ],
            [
                0.0,
                0.0,
                -0.7544096701432641,
                0.6564038768885597
            ]
        ],
        [
            [
                0.6653620768314319,
                -0.03417850309022974,
                0.0
            ],
            [
                0.0,
                0.0,
                -0.10778783853845626,
                0.9941739193235798
            ]
        ],
        [
            [
                0.1478300197324025,
                0.707387884907458,
                0.0
            ],
            [
                0.0,
                0.0,
                -0.8263423945952433,
                0.563168044987106
            ]
        ],
        [
            [
                -0.6998616567921666,
                -0.302931322549839,
                0.0
            ],
            [
                0.0,
                0.0,
                0.9946466071428157,
                0.10333502261714136
            ]
        ]
    ],
    "difficulty": 0.843010146561443,
    "dynamic_speed": null,
    "ur5_count": 4,
    "id": "004003",
    "task_path": "/home/hqh2101/workspace-sharing-multiarm/src/data/8f14d7-hard-vlo-tasks/004003.json"
}