{
    "target_eff_poses": [
        [
            [
                -0.46630021929740906,
                -0.42143508791923523,
                0.3714718520641327
            ],
            [
                -0.39963001012802124,
                0.6603710651397705,
                0.05017700046300888,
                0.6337887644767761
            ]
        ]
    ],
    "start_goal_config": [
        null
    ],
    "start_config": [
        [
            -4.519410415918839,
            -1.171607096860871,
            1.1204886342880973,
            -1.8502794329359462,
            -1.939527807177536,
            2.689751753239176e-05
        ]
    ],
    "goal_config": [
        [
            -4.346884853528555,
            -1.9586398641660523,
            1.9049575597717374,
            -1.3243211638885322,
            -2.035991305449226,
            2.686816301329818e-05
        ]
    ],
    "base_poses": [
        [
            [
                -0.6815193154803941,
                -0.6387369835474903,
                0.0
            ],
            [
                0.0,
                0.0,
                -0.6103743785381999,
                0.7921130714892327
            ]
        ]
    ],
    "difficulty": 0.0
}