{
    "target_eff_poses": [
        [
            [
                -0.5587119460105896,
                0.04987486079335213,
                0.11349505186080933
            ],
            [
                -0.06111089885234833,
                0.9604132175445557,
                -0.07946460694074631,
                0.25991785526275635
            ]
        ],
        [
            [
                -0.00012734733172692358,
                0.4597027599811554,
                0.5477157831192017
            ],
            [
                -0.057400479912757874,
                0.23138360679149628,
                -0.293522447347641,
                0.9257490634918213
            ]
        ],
        [
            [
                -0.42143335938453674,
                0.23755989968776703,
                0.12109927833080292
            ],
            [
                0.9103419780731201,
                0.1931939721107483,
                -0.35270217061042786,
                -0.09774836897850037
            ]
        ],
        [
            [
                0.614925742149353,
                -0.3128867447376251,
                0.12374952435493469
            ],
            [
                0.1656898558139801,
                0.8700114488601685,
                0.023523373529314995,
                0.4637603461742401
            ]
        ]
    ],
    "start_goal_config": [
        null,
        null,
        null,
        null
    ],
    "start_config": [
        [
            -3.315590112699137,
            -2.433722827985664,
            2.1682850670195397,
            -0.9964811827112603,
            -1.8619953528294197,
            8.30806127901654e-06
        ],
        [
            -3.7121252419817354,
            -1.4315686320126235,
            1.1872610182203591,
            -1.7751423622482745,
            -1.694003865456157,
            1.4014077537054915e-05
        ],
        [
            -5.125500988008226,
            -1.9448147957325623,
            2.105572138411305,
            -1.1188639124471438,
            -3.2004655915147193,
            9.058046075923161e-17
        ],
        [
            -3.1991826714186984,
            -2.7489222473835975,
            2.091226090970643,
            -0.9152531365395845,
            -1.9544824996871883,
            -1.2836948591727052e-14
        ]
    ],
    "goal_config": [
        [
            -3.919062123916497,
            -1.5966754939192251,
            2.308468577366683,
            -1.2623062998233585,
            -1.9310455083314595,
            7.088504104110279e-09
        ],
        [
            -2.6762235906918805,
            -3.060988735976929,
            1.5403345891561202,
            -1.1395299651749045,
            -2.1209365118928236,
            -3.979978723702862e-05
        ],
        [
            -4.468475489805271,
            -1.4326969824200364,
            2.094812663274895,
            -1.4115227995496487,
            -2.0502710505031683,
            -7.162699763071951e-08
        ],
        [
            -2.3428520560389496,
            -1.270385112812437,
            1.8464002639919184,
            -1.5418274255617657,
            -1.3319320768869516,
            -1.0742899278472682e-05
        ]
    ],
    "base_poses": [
        [
            [
                -0.7989132102846972,
                0.04183269376943666,
                0.0
            ],
            [
                0.0,
                0.0,
                0.9631940474591822,
                -0.2688070440654386
            ]
        ],
        [
            [
                0.2586165957183544,
                0.40186545696089504,
                0.0
            ],
            [
                0.0,
                0.0,
                0.9651823432569214,
                0.2615779888772719
            ]
        ],
        [
            [
                -0.07116915648773503,
                0.2653554528427269,
                0.0
            ],
            [
                -0.0,
                -0.0,
                0.5914232845295114,
                0.8063612704714461
            ]
        ],
        [
            [
                0.13936333157515113,
                -0.3883111159974627,
                0.0
            ],
            [
                0.0,
                0.0,
                0.8924124096539019,
                0.4512206678507937
            ]
        ]
    ],
    "difficulty": 0.9527884886673563,
    "dynamic_speed": null,
    "ur5_count": 4,
    "id": "004037",
    "task_path": "/home/hqh2101/workspace-sharing-multiarm/src/data/8f14d7-hard-vlo-tasks/004037.json"
}