{
    "target_eff_poses": [
        [
            [
                0.15661093592643738,
                -0.6839815974235535,
                0.673710823059082
            ],
            [
                0.022633837535977364,
                0.3518979251384735,
                -0.5187692642211914,
                0.7788029313087463
            ]
        ],
        [
            [
                -0.1428356170654297,
                0.39871305227279663,
                0.09333670884370804
            ],
            [
                0.9541859030723572,
                -0.21588408946990967,
                -0.11286111921072006,
                -0.173740416765213
            ]
        ],
        [
            [
                -0.8941839933395386,
                0.5088651776313782,
                0.15282480418682098
            ],
            [
                0.6619997620582581,
                -0.3318556547164917,
                -0.5187978744506836,
                -0.4271731376647949
            ]
        ],
        [
            [
                0.24062630534172058,
                0.1362345814704895,
                0.6633241176605225
            ],
            [
                -0.19701991975307465,
                0.41386178135871887,
                0.07482945919036865,
                0.8856083154678345
            ]
        ]
    ],
    "start_goal_config": [
        null,
        null,
        null,
        null
    ],
    "start_config": [
        [
            -1.3674381948885388,
            -0.7341863625030779,
            1.1788432160825169,
            -1.8939183716862757,
            -0.799807342543596,
            -2.8748524357709142e-05
        ],
        [
            -3.186224607591154,
            -2.282112681132171,
            1.2097170898765939,
            -1.562397117811701,
            -1.7264236707186245,
            2.9004585263405108e-06
        ],
        [
            -5.085550987766009,
            -1.8845770707152694,
            2.0604880496827485,
            -1.2597173150853047,
            -2.6469188296672783,
            1.3040358143946301e-06
        ],
        [
            -2.8244685371525646,
            -1.1582359121398735,
            1.5062467426374497,
            -1.6981581397082441,
            -1.4580114486715055,
            -4.4617268258143403e-07
        ]
    ],
    "goal_config": [
        [
            -3.2688691427292245,
            -2.5206571021495945,
            1.469429906390387,
            -1.3695988038901505,
            -2.094214280077216,
            3.192457898258118e-05
        ],
        [
            -4.495243690068651,
            -1.5678377497619695,
            2.425030998243722,
            -1.2745754220195373,
            -2.3429980011158458,
            -1.8533373405444636e-08
        ],
        [
            -4.134401526918871,
            -0.9246075181977265,
            1.2904923644585917,
            -1.839781200566809,
            -1.7949551226113059,
            1.623362782237682e-05
        ],
        [
            -4.12736106683444,
            -1.8848952658539324,
            1.3071905224021467,
            -1.611568249319305,
            -1.9308257217725782,
            2.6396245449338533e-05
        ]
    ],
    "base_poses": [
        [
            [
                0.13288059833224009,
                -0.7214349127864464,
                0.0
            ],
            [
                0.0,
                0.0,
                0.9658051104524606,
                0.25926914321590644
            ]
        ],
        [
            [
                -0.05238328090018585,
                0.20692555944044422,
                0.0
            ],
            [
                -0.0,
                -0.0,
                0.06816836403314541,
                0.9976738315426764
            ]
        ],
        [
            [
                -0.5354400550787176,
                -0.1023302567609985,
                0.0
            ],
            [
                0.0,
                0.0,
                -0.08026262482807839,
                0.9967737511871524
            ]
        ],
        [
            [
                -0.025282208831439057,
                -0.09244256605007595,
                0.0
            ],
            [
                0.0,
                0.0,
                -0.7267621886733941,
                0.6868891621758622
            ]
        ]
    ],
    "difficulty": 0.977804946863538,
    "dynamic_speed": null
}