{
    "target_eff_poses": [
        [
            [
                0.46682360768318176,
                0.4796493947505951,
                0.37871649861335754
            ],
            [
                -0.4152704179286957,
                0.5480406284332275,
                0.22208493947982788,
                0.6912888288497925
            ]
        ],
        [
            [
                0.2986806631088257,
                -0.3888893723487854,
                0.11300988495349884
            ],
            [
                0.9615961909294128,
                -0.04643719643354416,
                -0.24791797995567322,
                -0.1082267165184021
            ]
        ],
        [
            [
                -0.8892689347267151,
                0.3834277093410492,
                0.34054142236709595
            ],
            [
                0.7190049886703491,
                -0.22556860744953156,
                -0.5837259888648987,
                -0.30234864354133606
            ]
        ]
    ],
    "start_goal_config": [
        null,
        null,
        null
    ],
    "start_config": [
        [
            -4.027826122453058,
            -2.5017947903985824,
            1.9960871000160278,
            -1.1212357694859028,
            -2.336043553266517,
            1.8815253924519505e-05
        ],
        [
            -2.2434700360105353,
            -0.9607104972510381,
            1.1139758312480972,
            -1.9041087543439865,
            -1.2587592431567207,
            -1.7170098723995355e-05
        ],
        [
            -4.67802563830988,
            -1.8246203579602964,
            1.3645400530396226,
            -1.5870108972394716,
            -2.1930654113624213,
            3.2737773523762494e-05
        ]
    ],
    "goal_config": [
        [
            -3.117009839237378,
            -2.7755072813077075,
            2.0686189918109257,
            -0.9183351679649633,
            -1.908383475750436,
            9.6032139637702e-06
        ],
        [
            -3.92460924899081,
            -1.5960783745065081,
            2.3102663550268336,
            -1.2620282686381339,
            -1.9341180796361137,
            2.0088775473286352e-05
        ],
        [
            -3.7535738726371837,
            -1.5883559028072018,
            1.6747687993448293,
            -1.5210852811603073,
            -1.7447094371009428,
            2.2355524603575382e-05
        ]
    ],
    "base_poses": [
        [
            [
                0.5194426488224599,
                0.43957132262030574,
                0.0
            ],
            [
                0.0,
                0.0,
                0.8927635554021724,
                -0.4505255088734399
            ]
        ],
        [
            [
                0.5338189224145518,
                -0.4350901042704054,
                0.0
            ],
            [
                -0.0,
                -0.0,
                0.16089341461622228,
                0.986971787404854
            ]
        ],
        [
            [
                -0.5019985517180912,
                0.12098506355413507,
                0.0
            ],
            [
                0.0,
                0.0,
                -0.0848530676132106,
                0.9963934749468344
            ]
        ]
    ],
    "difficulty": 0.41662748048528164,
    "dynamic_speed": null
}