{
    "target_eff_poses": [
        [
            [
                -0.6911582350730896,
                0.02918098121881485,
                0.225480854511261
            ],
            [
                0.8373150825500488,
                -0.1618385910987854,
                -0.47933879494667053,
                -0.20723426342010498
            ]
        ],
        [
            [
                -0.48916518688201904,
                1.0225117206573486,
                0.43722277879714966
            ],
            [
                -0.5310283303260803,
                0.2761480212211609,
                0.45316678285598755,
                0.6605989933013916
            ]
        ],
        [
            [
                0.748956561088562,
                -0.35862892866134644,
                0.6716057658195496
            ],
            [
                -0.18160009384155273,
                -0.4558138847351074,
                0.8395495414733887,
                -0.2332630455493927
            ]
        ],
        [
            [
                0.2484148144721985,
                -0.4184890687465668,
                0.3179592788219452
            ],
            [
                0.037550538778305054,
                0.8278766870498657,
                0.33394700288772583,
                0.4490986466407776
            ]
        ]
    ],
    "start_goal_config": [
        null,
        null,
        null,
        null
    ],
    "start_config": [
        [
            -3.2066371516991965,
            -2.2162879080893605,
            1.9757144743565849,
            -1.2017116446237288,
            -1.7063955750893862,
            9.396277766914168e-06
        ],
        [
            -2.6732949422204726,
            -3.0383743924425524,
            1.0649784613136757,
            -1.3758305410192564,
            -2.0512442432116185,
            -3.0002344169301215e-05
        ],
        [
            -2.8243774890066815,
            -2.7310249252566328,
            1.4140258654347841,
            -1.3317619085269352,
            -2.134413949184292,
            -3.605218268099758e-05
        ],
        [
            -3.0629271012214745,
            -2.5139711990419644,
            1.3154089526792816,
            -1.4458236616597657,
            -1.9477073949255357,
            2.1591288113339397e-05
        ]
    ],
    "goal_config": [
        [
            -3.848350263279311,
            -1.5436311230165007,
            1.8879938394376636,
            -1.4432572423142678,
            -1.7879245826024184,
            1.8787064244529792e-05
        ],
        [
            -4.737407622215765,
            -1.2601353966970485,
            1.1923374766774415,
            -1.790424032702656,
            -2.060799475179635,
            3.720513489619384e-05
        ],
        [
            -4.997858851564835,
            -1.6892218429995656,
            1.2164096758727,
            -1.6431356714773127,
            -2.491430978452942,
            -5.6104814844829595e-05
        ],
        [
            -1.8849370587890684,
            -2.3204152641788065,
            2.2016166220003464,
            -1.0691255617552977,
            -0.8860846144202377,
            -1.082409528288798e-05
        ]
    ],
    "base_poses": [
        [
            [
                -0.30896264753708547,
                -0.13346959409529835,
                0.0
            ],
            [
                -0.0,
                -0.0,
                0.05386579570274996,
                0.9985481841420121
            ]
        ],
        [
            [
                -0.3632662623165008,
                0.38855971548242896,
                0.0
            ],
            [
                -0.0,
                -0.0,
                0.073322802938707,
                0.9973082605539831
            ]
        ],
        [
            [
                0.7887385568735601,
                0.060263252659002675,
                0.0
            ],
            [
                0.0,
                0.0,
                0.9960729597292176,
                -0.08853620104949468
            ]
        ],
        [
            [
                0.2311562308374442,
                -0.661078228951304,
                0.0
            ],
            [
                0.0,
                0.0,
                0.945619874048996,
                0.32527381358412627
            ]
        ]
    ],
    "difficulty": 0.8233248754816277
}