{
    "target_eff_poses": [
        [
            [
                -1.0062220096588135,
                -0.4612376093864441,
                0.45192623138427734
            ],
            [
                -0.6228264570236206,
                0.17879608273506165,
                0.6392830014228821,
                -0.41404882073402405
            ]
        ]
    ],
    "start_goal_config": [
        null
    ],
    "start_config": [
        [
            -2.6458233330034435,
            -2.8584284682441727,
            0.9545535848806863,
            -1.511642995203076,
            -2.0376256822493337,
            -3.07158570013236e-05
        ]
    ],
    "goal_config": [
        [
            -1.3191615497107274,
            -1.3444519864046909,
            1.2992805111785761,
            -1.6865866014063353,
            -0.7165058755363638,
            4.006406081090917e-05
        ]
    ],
    "base_poses": [
        [
            [
                -0.49787462534740445,
                -0.09009856694958585,
                0.0
            ],
            [
                0.0,
                0.0,
                -0.6915332143943622,
                0.7223446638478068
            ]
        ]
    ],
    "difficulty": 0.0
}