{
    "target_eff_poses": [
        [
            [
                -0.06736651808023453,
                -0.47056251764297485,
                0.29699236154556274
            ],
            [
                -0.3494606912136078,
                0.7290747761726379,
                0.3404063880443573,
                0.4800528585910797
            ]
        ],
        [
            [
                -0.8336057066917419,
                -0.6624453067779541,
                0.6585249900817871
            ],
            [
                -0.18972404301166534,
                0.18789704144001007,
                0.5140758752822876,
                0.8151230216026306
            ]
        ]
    ],
    "start_goal_config": [
        null,
        null
    ],
    "start_config": [
        [
            -2.2979691480722213,
            -1.740108202139701,
            1.805152108043994,
            -1.4273840560414384,
            -1.3374686276485603,
            -7.388870673978385e-06
        ],
        [
            -3.381972724798251,
            -2.197854699081684,
            1.331285703317908,
            -1.5247836872504308,
            -1.7641842737976654,
            1.4861727173152006e-05
        ]
    ],
    "goal_config": [
        [
            -2.473681481023596,
            -2.7327193101593164,
            2.2274037587510374,
            -0.7530771977186154,
            -1.4009574621219696,
            -5.734481815619704e-06
        ],
        [
            -2.9358281665421186,
            -2.7088997703556448,
            1.4341726667263703,
            -1.326258346677475,
            -1.798391874741856,
            1.7176454284325316e-05
        ]
    ],
    "base_poses": [
        [
            [
                0.04534280051710926,
                -0.5376852540465729,
                0.0
            ],
            [
                0.0,
                0.0,
                0.9804757938605944,
                -0.19663981706011982
            ]
        ],
        [
            [
                -0.7310158886578929,
                -0.5683051140145253,
                0.0
            ],
            [
                0.0,
                0.0,
                -0.8399603897055344,
                0.5426477160421176
            ]
        ]
    ],
    "difficulty": 0.3666886109282423,
    "dynamic_speed": null
}