{
    "target_eff_poses": [
        [
            [
                -0.849701464176178,
                -0.7965362071990967,
                0.4154341518878937
            ],
            [
                -0.5187927484512329,
                -0.5097774863243103,
                0.6551195979118347,
                -0.20444881916046143
            ]
        ],
        [
            [
                -0.32969221472740173,
                0.7920783758163452,
                0.7925536036491394
            ],
            [
                -0.03644846752285957,
                0.10206014662981033,
                0.13245587050914764,
                0.9852465391159058
            ]
        ],
        [
            [
                -0.3790700137615204,
                0.11036675423383713,
                0.5873259902000427
            ],
            [
                -0.46556994318962097,
                0.08342128992080688,
                0.7813562750816345,
                -0.4071460962295532
            ]
        ]
    ],
    "start_goal_config": [
        null,
        null,
        null
    ],
    "start_config": [
        [
            -2.935062519936201,
            -2.8208409399075176,
            1.5385632347840952,
            -1.2410622122640371,
            -0.8017920181343559,
            -2.1487284345803254e-05
        ],
        [
            -3.1810437422561804,
            -2.2205704444820342,
            1.080454410240351,
            -1.6434105759120314,
            -1.7144702450952822,
            1.074337050574561e-05
        ],
        [
            -1.5774481499970838,
            -1.3648698204264682,
            1.860640242289899,
            -1.524186900853868,
            -0.9310032862493213,
            1.7141832628800705e-05
        ]
    ],
    "goal_config": [
        [
            -4.450913350680764,
            -1.8796519045512945,
            1.771488605555411,
            -1.4045486316522542,
            -2.044927443492606,
            2.8503163747030188e-05
        ],
        [
            -2.9480055469219733,
            -2.5031351168478815,
            1.1237616286706813,
            -1.5450423356041576,
            -1.7802249533305086,
            1.2903869812546486e-05
        ],
        [
            -2.5267925853767816,
            -2.59503464655397,
            1.680693783362316,
            -1.2418818461187713,
            -0.9131150242970664,
            -3.0767897513802914e-05
        ]
    ],
    "base_poses": [
        [
            [
                -0.729061604000858,
                -0.46576298391434057,
                0.0
            ],
            [
                0.0,
                0.0,
                0.9299365193098367,
                0.3677200974299687
            ]
        ],
        [
            [
                -0.18353407311190306,
                0.7751315182782004,
                0.0
            ],
            [
                0.0,
                0.0,
                0.9899971714598209,
                -0.14108720885166692
            ]
        ],
        [
            [
                -0.4238589914904166,
                0.2939843010197021,
                0.0
            ],
            [
                0.0,
                0.0,
                -0.1552507068050579,
                0.987875102447941
            ]
        ]
    ],
    "difficulty": 0.8239443242734882,
    "dynamic_speed": null
}