{
    "target_eff_poses": [
        [
            [
                0.32063522934913635,
                -0.47596263885498047,
                0.5193236470222473
            ],
            [
                0.3517082631587982,
                0.46710774302482605,
                -0.5926270484924316,
                0.5539898872375488
            ]
        ],
        [
            [
                -0.41989266872406006,
                0.6233398914337158,
                0.13537786900997162
            ],
            [
                0.9046338200569153,
                0.0864906907081604,
                -0.41460326313972473,
                -0.0475519597530365
            ]
        ],
        [
            [
                0.7572401762008667,
                0.06656002998352051,
                0.6212252974510193
            ],
            [
                -0.30301517248153687,
                -0.11904507875442505,
                0.9360858201980591,
                -0.13324198126792908
            ]
        ]
    ],
    "start_goal_config": [
        null,
        null,
        null
    ],
    "start_config": [
        [
            -2.1522449625236453,
            -1.455702510606916,
            2.0982893058656944,
            -1.4082918575134185,
            -1.2448043745699549,
            6.577389381475385e-07
        ],
        [
            -4.567303499136524,
            -1.488089365044023,
            1.5135590875494844,
            -1.610767641302003,
            -2.00807151495835,
            3.718687729562692e-05
        ],
        [
            -1.4008680902066397,
            -1.4263507189068758,
            1.7612150756209084,
            -1.5257574702024121,
            -0.7881865851959431,
            -2.6572851957494606e-05
        ]
    ],
    "goal_config": [
        [
            -3.7867252186695635,
            -1.6302664424544622,
            1.3791751171990876,
            -1.6414466968393746,
            -1.7444983088480663,
            1.6821724741462997e-05
        ],
        [
            -3.805950183499392,
            -1.408790765407485,
            1.9891685807037132,
            -1.4413620817515111,
            -1.7802870216167674,
            2.6416255744253824e-05
        ],
        [
            -2.954571209152975,
            -2.732969695394949,
            1.526666619613948,
            -1.272074780457382,
            -1.8037696286341314,
            1.6080196455456346e-05
        ]
    ],
    "base_poses": [
        [
            [
                0.18296510953032374,
                -0.0029303876537969398,
                0.0
            ],
            [
                0.0,
                0.0,
                0.917256718714975,
                0.3982965126287664
            ]
        ],
        [
            [
                -0.032918067095959125,
                0.6981775407357678,
                0.0
            ],
            [
                -0.0,
                -0.0,
                0.3171835341931788,
                0.9483641735307827
            ]
        ],
        [
            [
                0.6379730889633544,
                0.08991255334977521,
                0.0
            ],
            [
                -0.0,
                -0.0,
                0.1636292375820136,
                0.9865219068060926
            ]
        ]
    ],
    "difficulty": 0.7556663218282704
}