{
    "target_eff_poses": [
        [
            [
                0.34455156326293945,
                -0.5276167988777161,
                0.5972998738288879
            ],
            [
                -0.24491874873638153,
                0.48680931329727173,
                -0.042330000549554825,
                0.8374005556106567
            ]
        ],
        [
            [
                0.464096337556839,
                0.6397151350975037,
                0.34980788826942444
            ],
            [
                0.6373228430747986,
                -0.4284041225910187,
                -0.5109636187553406,
                -0.38627156615257263
            ]
        ]
    ],
    "start_goal_config": [
        null,
        null
    ],
    "start_config": [
        [
            -2.678815861048957,
            -3.029901467459339,
            1.618084084436092,
            -1.1245596923710923,
            -2.352690446474819,
            2.846427656763526e-05
        ],
        [
            -1.1833299961964334,
            -1.7627221790277756,
            2.1579569174513895,
            -1.163296418139083,
            -0.03668908789482623,
            -2.154228510822564e-05
        ]
    ],
    "goal_config": [
        [
            -4.339593234857913,
            -2.033261203804153,
            1.5198710683708054,
            -1.475530226343708,
            -2.087448289915567,
            3.390359232680193e-05
        ],
        [
            -3.2243922677885166,
            -1.767979668888268,
            1.7971483765718173,
            -1.4195648723660528,
            -1.6262840941468315,
            1.4276687044660826e-05
        ]
    ],
    "base_poses": [
        [
            [
                0.1024576078976841,
                -0.6835868407605732,
                0.0
            ],
            [
                0.0,
                0.0,
                -0.6917913364174726,
                0.7220974635447264
            ]
        ],
        [
            [
                0.6837810956552812,
                0.31490101404230364,
                0.0
            ],
            [
                0.0,
                0.0,
                -0.5464813759607264,
                0.8374712566578456
            ]
        ]
    ],
    "difficulty": 0.14002443379381638
}