{
    "target_eff_poses": [
        [
            [
                0.4723462462425232,
                -0.10969588160514832,
                0.07629748433828354
            ],
            [
                0.1331849992275238,
                0.950234591960907,
                -0.04740188643336296,
                0.2776133418083191
            ]
        ]
    ],
    "start_goal_config": [
        null
    ],
    "start_config": [
        [
            -2.571950850028104,
            -2.3014000985322953,
            1.964317220167882,
            -1.1830994571441042,
            -1.447832999152621,
            -5.462019764047116e-06
        ]
    ],
    "goal_config": [
        [
            -3.1046161665234635,
            -1.3936233265743103,
            2.1934817048676796,
            -1.3708440279759557,
            -1.6006472753101815,
            8.638940296394988e-06
        ]
    ],
    "base_poses": [
        [
            [
                0.16402442673704842,
                -0.1219720493953872,
                0.0
            ],
            [
                0.0,
                0.0,
                0.985130357262102,
                0.17180855392163522
            ]
        ]
    ],
    "difficulty": 0.0
}