{
    "target_eff_poses": [
        [
            [
                0.08012045174837112,
                -1.1022799015045166,
                0.224655881524086
            ],
            [
                0.48042547702789307,
                0.7366244792938232,
                -0.3812068700790405,
                0.28505635261535645
            ]
        ],
        [
            [
                0.35082149505615234,
                0.6583518981933594,
                0.5357182621955872
            ],
            [
                -0.5819732546806335,
                0.12654821574687958,
                0.7704119086265564,
                0.2275044023990631
            ]
        ]
    ],
    "start_goal_config": [
        null,
        null
    ],
    "start_config": [
        [
            -3.878366848191985,
            -1.5107360159781213,
            1.3077740534675888,
            -1.7012620766719924,
            -1.7555497714675554,
            1.7781851356755667e-05
        ],
        [
            -3.8767902360113324,
            -2.019161595445352,
            1.7633799905794532,
            -1.369035714314163,
            -1.8614573498085665,
            3.1672150799896846e-05
        ]
    ],
    "goal_config": [
        [
            -4.125126828315675,
            -1.7029715250765192,
            2.0457159199083486,
            -1.3349343604098656,
            -1.9215812304628912,
            2.8971129795255403e-05
        ],
        [
            -3.263179514147343,
            -1.9713284415043444,
            1.5740889495663395,
            -1.4683933791541695,
            -1.6438277038625564,
            1.1494743281008335e-05
        ]
    ],
    "base_poses": [
        [
            [
                -0.0051288945911164285,
                -0.7811815150419341,
                0.0
            ],
            [
                0.0,
                0.0,
                0.9659936259198623,
                0.2585658807387342
            ]
        ],
        [
            [
                0.6830625863596305,
                0.5899552946192339,
                0.0
            ],
            [
                0.0,
                0.0,
                -0.1886901115138044,
                0.982036680484445
            ]
        ]
    ],
    "difficulty": 0.014470964104491637
}