{
    "target_eff_poses": [
        [
            [
                -1.0442242622375488,
                1.1842316389083862,
                0.23949474096298218
            ],
            [
                -0.5562783479690552,
                0.47724035382270813,
                0.5590224266052246,
                0.3876723349094391
            ]
        ],
        [
            [
                0.3931643068790436,
                0.445630818605423,
                0.48541539907455444
            ],
            [
                -0.17389056086540222,
                0.5621951818466187,
                -0.26750001311302185,
                0.7629825472831726
            ]
        ],
        [
            [
                0.7038652896881104,
                0.20408420264720917,
                0.5977256894111633
            ],
            [
                -0.07722270488739014,
                0.43531063199043274,
                -0.15673595666885376,
                0.8831620216369629
            ]
        ]
    ],
    "start_goal_config": [
        null,
        null,
        null
    ],
    "start_config": [
        [
            -3.3525749434642096,
            -0.9006584264265934,
            1.3672519476863798,
            -1.8151032373987546,
            -1.5766605277547907,
            2.4341832971854996e-06
        ],
        [
            -5.177933413120047,
            -1.3057083172104622,
            1.46609781975744,
            -1.6223116352345683,
            -2.45629573894725,
            2.0960613925093355e-05
        ],
        [
            -4.252620400803789,
            -0.8193301876556616,
            1.0531297763759195,
            -1.9602735195443928,
            -1.8122576172228304,
            1.852975298420888e-05
        ]
    ],
    "goal_config": [
        [
            -2.8920732130324462,
            -1.1356944036970726,
            1.3910203184826506,
            -1.7516437926223414,
            -1.4680633020994605,
            -3.4701341235697095e-06
        ],
        [
            -3.5181205732550365,
            -2.67302142053924,
            1.8973234814329734,
            -1.1075394222330626,
            -2.2079827173842452,
            2.502063046752929e-05
        ],
        [
            -3.2272198096902054,
            -2.572672362172574,
            1.623948912541446,
            -1.2769641089270585,
            -1.9220311369871865,
            3.105232843906858e-05
        ]
    ],
    "base_poses": [
        [
            [
                -0.763172560213151,
                0.5926033974240226,
                0.0
            ],
            [
                0.0,
                0.0,
                -0.7050308699867456,
                0.7091766157775738
            ]
        ],
        [
            [
                0.3689617709620654,
                0.4147015818336086,
                0.0
            ],
            [
                0.0,
                0.0,
                0.9856427155193118,
                -0.16884441756752555
            ]
        ],
        [
            [
                0.6839322862373032,
                0.13966241492394127,
                0.0
            ],
            [
                0.0,
                0.0,
                0.9990844080705351,
                -0.04278253791383153
            ]
        ]
    ],
    "difficulty": 0.7709019091507571,
    "dynamic_speed": null,
    "ur5_count": 3,
    "id": "004235",
    "task_path": "/home/hqh2101/workspace-sharing-multiarm/src/data/8f14d7-hard-vlo-tasks/004235.json"
}