{
    "target_eff_poses": [
        [
            [
                0.6343453526496887,
                0.05639328435063362,
                0.6381034255027771
            ],
            [
                -0.42703914642333984,
                0.3970244824886322,
                -0.2994959354400635,
                0.7551895976066589
            ]
        ],
        [
            [
                -0.4475301504135132,
                0.09380903095006943,
                0.23594675958156586
            ],
            [
                0.6881812810897827,
                0.4787251353263855,
                -0.5395417809486389,
                -0.07825265824794769
            ]
        ]
    ],
    "start_goal_config": [
        null,
        null
    ],
    "start_config": [
        [
            -3.0712162834343064,
            -1.5328611374893357,
            1.4228652471009184,
            -1.6456157511506118,
            -1.539429095626712,
            1.4630326063239856e-06
        ],
        [
            -1.2058373770752113,
            -1.6531487199226893,
            1.9900987421381426,
            -1.3114276141559702,
            -0.2870381781417209,
            -2.197806090502154e-05
        ]
    ],
    "goal_config": [
        [
            -5.0388786609054135,
            -1.7969193209935332,
            1.406778712422735,
            -1.506363324888161,
            -2.770164356329819,
            4.360396978826068e-05
        ],
        [
            -5.033139989792,
            -1.3785168911683319,
            1.7577019221728525,
            -1.5324078922327256,
            -2.32261932928448,
            1.7619405058577067e-06
        ]
    ],
    "base_poses": [
        [
            [
                0.29306988709123005,
                -0.09277982120425887,
                0.0
            ],
            [
                0.0,
                0.0,
                -0.389438233752784,
                0.9210525837820075
            ]
        ],
        [
            [
                -0.015165487439334435,
                0.3328222437086903,
                0.0
            ],
            [
                0.0,
                0.0,
                0.9237102274872974,
                0.3830919153876329
            ]
        ]
    ],
    "difficulty": 0.5554406094234929,
    "dynamic_speed": null,
    "ur5_count": 2,
    "id": "004226",
    "task_path": "/home/hqh2101/workspace-sharing-multiarm/src/data/8f14d7-hard-vlo-tasks/004226.json"
}