{
    "target_eff_poses": [
        [
            [
                0.673184335231781,
                0.26143303513526917,
                0.3864927291870117
            ],
            [
                0.7088872790336609,
                0.23916958272457123,
                -0.44589075446128845,
                0.4913838803768158
            ]
        ],
        [
            [
                -0.3609546422958374,
                -0.8255659937858582,
                0.7982360124588013
            ],
            [
                -0.013366387225687504,
                0.008433118462562561,
                0.4362773299217224,
                0.8996734619140625
            ]
        ]
    ],
    "start_goal_config": [
        null,
        null
    ],
    "start_config": [
        [
            -2.9002940846429457,
            -2.840757689007732,
            1.619106711974116,
            -1.183472073158852,
            -1.3084121848266885,
            -2.3662176365757757e-05
        ],
        [
            -3.3890479502859447,
            -2.4644318778409775,
            1.542340305733203,
            -1.3503176540515645,
            -1.9787715057991278,
            3.44958412163338e-05
        ]
    ],
    "goal_config": [
        [
            -2.0671783076059915,
            -2.357388715453853,
            2.043214707567555,
            -1.1368824401375335,
            -1.0622949093679386,
            -1.4494608107032136e-05
        ],
        [
            -2.6264064600820367,
            -2.5813478064960074,
            1.0362093849488991,
            -1.5648259375675853,
            -2.1280974241180344,
            3.271169500219538e-05
        ]
    ],
    "base_poses": [
        [
            [
                0.5761693360247793,
                0.4702513215547308,
                0.0
            ],
            [
                -0.0,
                -0.0,
                0.042420043071421915,
                0.9990998648512663
            ]
        ],
        [
            [
                -0.29471522303110886,
                -0.5947632478058552,
                0.0
            ],
            [
                0.0,
                0.0,
                0.8903988839982696,
                -0.4551810929450344
            ]
        ]
    ],
    "difficulty": 0.03134541013637289
}