{
    "target_eff_poses": [
        [
            [
                -0.8278288841247559,
                0.7014561295509338,
                0.5499670505523682
            ],
            [
                -0.5761643052101135,
                -0.15761248767375946,
                0.6914561986923218,
                0.40630200505256653
            ]
        ],
        [
            [
                0.2895115613937378,
                -1.1136409044265747,
                0.587419331073761
            ],
            [
                0.36764442920684814,
                0.30424389243125916,
                -0.5354952812194824,
                0.6967912316322327
            ]
        ],
        [
            [
                0.08827034384012222,
                0.4508287310600281,
                0.10138993710279465
            ],
            [
                0.8503471612930298,
                -0.23373982310295105,
                -0.4460815191268921,
                -0.15260015428066254
            ]
        ]
    ],
    "start_goal_config": [
        null,
        null,
        null
    ],
    "start_config": [
        [
            -4.61465890206223,
            -1.5553165894863645,
            2.1093222424317717,
            -1.370068817985532,
            -2.138380868782655,
            1.7015770437618178e-05
        ],
        [
            -3.235431364366597,
            -2.5230607583653017,
            1.846861469903673,
            -1.1749066305388032,
            -1.8146378646232912,
            1.404772890229886e-05
        ],
        [
            -3.636520334123762,
            -2.1351857158827436,
            1.2230945292608744,
            -1.5927448077285753,
            -1.8997614720641123,
            2.344560787750949e-05
        ]
    ],
    "goal_config": [
        [
            -5.013818481727545,
            -1.6037572009592183,
            1.3568542485519361,
            -1.6143213068962603,
            -2.3690797520907574,
            3.378839444148981e-05
        ],
        [
            -2.4997970028775853,
            -1.4494243690444313,
            1.1085032238381394,
            -1.8057204553832742,
            -1.3465565131954507,
            -8.593718959931829e-06
        ],
        [
            -3.4049028574236,
            -1.1844609603983776,
            1.7828942343498964,
            -1.5803249989391253,
            -1.6321514113491875,
            8.141514612662475e-06
        ]
    ],
    "base_poses": [
        [
            [
                -0.35738139143643366,
                0.5908110592717355,
                0.0
            ],
            [
                -0.0,
                -0.0,
                0.7201433498653595,
                0.6938253062873235
            ]
        ],
        [
            [
                0.13101149282362956,
                -0.5494525182250938,
                0.0
            ],
            [
                -0.0,
                -0.0,
                0.46402154788929006,
                0.8858239120132326
            ]
        ],
        [
            [
                0.5509365900113021,
                0.25817010188556333,
                0.0
            ],
            [
                0.0,
                0.0,
                -0.16649192971533291,
                0.9860428171938908
            ]
        ]
    ],
    "difficulty": 0.45358788676761025,
    "dynamic_speed": null
}