{
    "target_eff_poses": [
        [
            [
                0.21194016933441162,
                -0.744947612285614,
                0.364039808511734
            ],
            [
                0.6760836243629456,
                0.34678658843040466,
                -0.6396836638450623,
                -0.11599551886320114
            ]
        ]
    ],
    "start_goal_config": [
        null
    ],
    "start_config": [
        [
            -3.1922946220638972,
            -2.6012828471368055,
            2.268897854625432,
            -0.8028482787634621,
            -1.9270030953368047,
            -1.2718229173358461e-05
        ]
    ],
    "goal_config": [
        [
            -4.890174787809096,
            -1.608774322978802,
            1.6934712708413473,
            -1.5001504310644227,
            -2.2241175261807697,
            3.0483117862355868e-05
        ]
    ],
    "base_poses": [
        [
            [
                0.6359563521384473,
                -0.5848079251211715,
                0.0
            ],
            [
                -0.0,
                -0.0,
                0.8529350362331531,
                0.5220170724851341
            ]
        ]
    ],
    "difficulty": 0.0
}