{
    "target_eff_poses": [
        [
            [
                0.2464732676744461,
                0.6516958475112915,
                0.7842158079147339
            ],
            [
                0.024873943999409676,
                0.09985512495040894,
                -0.6530714631080627,
                0.7502719163894653
            ]
        ],
        [
            [
                -0.6665186285972595,
                -0.6647064685821533,
                0.608678936958313
            ],
            [
                -0.020992400124669075,
                0.30307695269584656,
                -0.4125870168209076,
                0.8587639927864075
            ]
        ],
        [
            [
                -0.026129795238375664,
                -0.004415296018123627,
                0.4403359889984131
            ],
            [
                -0.5062138438224792,
                -0.41708454489707947,
                0.7448837757110596,
                -0.1222137063741684
            ]
        ],
        [
            [
                -0.6820518374443054,
                0.053344838321208954,
                0.47563257813453674
            ],
            [
                0.6665636897087097,
                0.042220380157232285,
                -0.5944684147834778,
                -0.4477919042110443
            ]
        ]
    ],
    "start_goal_config": [
        null,
        null,
        null,
        null
    ],
    "start_config": [
        [
            -4.360119315622523,
            -1.960272549336625,
            1.1080604138642,
            -1.6762305222899982,
            -2.3108057593294977,
            -3.810134509922658e-05
        ],
        [
            -2.9745221676474536,
            -3.0431708268046846,
            0.9054160908768131,
            -1.4559329692337017,
            -1.5569766052030063,
            5.271809246227119e-07
        ],
        [
            -2.0004252598527525,
            -1.596153433115792,
            1.4290641384045253,
            -1.622515227537153,
            -1.1898026717357044,
            -2.163028734098227e-05
        ],
        [
            -3.069616293947132,
            -2.679538915455968,
            1.5350021404612306,
            -1.2918140414710995,
            -2.274836327186384,
            1.9918419009597918e-06
        ]
    ],
    "goal_config": [
        [
            -2.8071430517543856,
            -2.544404502326611,
            1.1353941738535942,
            -1.5264211184681493,
            -2.0427648534605325,
            -3.443168548668369e-05
        ],
        [
            -2.8457805317663047,
            -2.8282356867116825,
            1.5394754010261407,
            -1.2354670239736307,
            -2.087833948644562,
            3.2976040054094684e-06
        ],
        [
            -3.5815932189903763,
            -2.599417104912088,
            1.9729930464599459,
            -1.08440598472938,
            -2.09733706285339,
            -9.535645684038117e-07
        ],
        [
            -4.194157567179562,
            -2.3630034551847494,
            1.8979506965962063,
            -1.2137581556911368,
            -2.279641080791843,
            2.383245316066279e-05
        ]
    ],
    "base_poses": [
        [
            [
                0.29460199884311566,
                0.4955460320321208,
                0.0
            ],
            [
                -0.0,
                -0.0,
                0.7976019679224238,
                0.6031841350419261
            ]
        ],
        [
            [
                -0.5454198343067043,
                -0.7612090761473029,
                0.0
            ],
            [
                0.0,
                0.0,
                0.9436626932912335,
                0.3309089320195743
            ]
        ],
        [
            [
                -0.01751910748742813,
                0.07195129587318294,
                0.0
            ],
            [
                -0.0,
                -0.0,
                0.6019111947979526,
                0.7985630304346057
            ]
        ],
        [
            [
                -0.5409716625193003,
                -0.010188432437179373,
                0.0
            ],
            [
                -0.0,
                -0.0,
                0.2329653777248201,
                0.9724850295925033
            ]
        ]
    ],
    "difficulty": 0.8961722938023136,
    "dynamic_speed": null,
    "ur5_count": 4,
    "id": "004251",
    "task_path": "/home/hqh2101/workspace-sharing-multiarm/src/data/8f14d7-hard-vlo-tasks/004251.json"
}