{
    "target_eff_poses": [
        [
            [
                0.6041030287742615,
                -0.05111267417669296,
                0.5269416570663452
            ],
            [
                0.04086573049426079,
                0.15109209716320038,
                -0.5210717916488647,
                0.8390383124351501
            ]
        ],
        [
            [
                0.37245187163352966,
                0.950281023979187,
                0.544365644454956
            ],
            [
                -0.4454663395881653,
                0.4809729754924774,
                -0.2264888435602188,
                0.7203662395477295
            ]
        ],
        [
            [
                -0.1769123375415802,
                0.24182374775409698,
                0.45778584480285645
            ],
            [
                0.3475673794746399,
                0.5785880088806152,
                -0.3122060000896454,
                0.6685508489608765
            ]
        ]
    ],
    "start_goal_config": [
        null,
        null,
        null
    ],
    "start_config": [
        [
            -3.540713034223578,
            -2.3981785249796572,
            1.4132935977518615,
            -1.4312828280579195,
            -2.239573894672834,
            2.9193525013877574e-05
        ],
        [
            -2.7542315770657817,
            -3.099195587028774,
            1.95561105986119,
            -0.7989961807636998,
            -1.561143932676122,
            -3.874065302341624e-06
        ],
        [
            -3.624800924435659,
            -1.5909749940032105,
            1.291075477422786,
            -1.691378564915827,
            -1.689271174817773,
            1.4656226076268022e-05
        ]
    ],
    "goal_config": [
        [
            -2.785260504060159,
            -3.148382107715096,
            1.451843698773854,
            -1.1307134494676019,
            -1.8624426933919167,
            1.8112330654954743e-05
        ],
        [
            -5.125595887912453,
            -1.7418967336272364,
            1.5183091707923333,
            -1.4880949156920162,
            -2.622511675675704,
            3.319462848648126e-05
        ],
        [
            -2.687300509926517,
            -1.9167942130013071,
            1.6874137055724285,
            -1.430398860128619,
            -1.466742041992229,
            7.225494296030067e-09
        ]
    ],
    "base_poses": [
        [
            [
                0.7744260866727632,
                -0.33877398388652813,
                0.0
            ],
            [
                -0.0,
                -0.0,
                0.8320050439020871,
                0.5547680658811268
            ]
        ],
        [
            [
                -0.0022689443785608443,
                0.7768536194141049,
                0.0
            ],
            [
                0.0,
                0.0,
                -0.3499821398865675,
                0.9367563726820433
            ]
        ],
        [
            [
                -0.47064149279069467,
                0.45823526651085267,
                0.0
            ],
            [
                -0.0,
                -0.0,
                0.7543944826671731,
                0.6564213315556772
            ]
        ]
    ],
    "difficulty": 0.5624941220727923,
    "dynamic_speed": null
}