{
    "target_eff_poses": [
        [
            [
                -0.5530406832695007,
                -0.2894872725009918,
                0.6321905851364136
            ],
            [
                -0.3778078258037567,
                -0.1929289847612381,
                0.9049696326255798,
                -0.03270662575960159
            ]
        ],
        [
            [
                -0.07897710800170898,
                -0.9397753477096558,
                0.20376653969287872
            ],
            [
                0.7912963628768921,
                0.41268083453178406,
                -0.2083856463432312,
                0.4001501500606537
            ]
        ],
        [
            [
                -0.8592233657836914,
                0.6216164231300354,
                0.8180209994316101
            ],
            [
                -0.10255046933889389,
                0.10572616755962372,
                0.58186274766922,
                0.7998381853103638
            ]
        ],
        [
            [
                0.05367302894592285,
                -0.07377830892801285,
                0.5758658647537231
            ],
            [
                -0.5313636660575867,
                0.22433841228485107,
                0.4282139241695404,
                0.6956707239151001
            ]
        ]
    ],
    "start_goal_config": [
        null,
        null,
        null,
        null
    ],
    "start_config": [
        [
            -3.768107007150271,
            -2.2068195028296875,
            2.321091647057668,
            -0.9938452642578229,
            -2.038264104594651,
            4.5288881262490394e-13
        ],
        [
            -1.4156317701066714,
            -1.4307887922063747,
            1.2867841948306822,
            -1.6844023855380084,
            -0.791997540022342,
            -3.070560785955559e-05
        ],
        [
            -3.438564993292719,
            -2.6313067358906794,
            2.3189382372378375,
            -0.7474026941413183,
            -2.1247378812830924,
            4.2826648151767525e-06
        ],
        [
            -5.159045706330438,
            -1.7100573377373363,
            1.5703681730431853,
            -1.4736311248474634,
            -2.6182760639787386,
            2.417684045399731e-05
        ]
    ],
    "goal_config": [
        [
            -3.3858205500099046,
            -2.4868565101598348,
            1.5579452635883333,
            -1.3364891333315285,
            -2.0068006232999434,
            -6.078871163332931e-06
        ],
        [
            -1.6907277030815773,
            -1.6226226562355586,
            2.0649345814735787,
            -1.378432070619946,
            -0.9608508611809106,
            -1.206748681747749e-05
        ],
        [
            -3.0730105829644634,
            -2.343466639673114,
            1.0993997983522157,
            -1.601865696535183,
            -1.7120516828021946,
            1.008186876622756e-05
        ],
        [
            -4.657543226557847,
            -1.8908133057495733,
            1.4946959264758577,
            -1.5159197675013816,
            -2.1903285183146095,
            -1.4016831439025031e-05
        ]
    ],
    "base_poses": [
        [
            [
                -0.539364396498432,
                -0.219771008642902,
                0.0
            ],
            [
                -0.0,
                -0.0,
                0.3674263001614905,
                0.9300526404186154
            ]
        ],
        [
            [
                -0.2627954338106532,
                -0.5943589841043327,
                0.0
            ],
            [
                -0.0,
                -0.0,
                0.06022060663942958,
                0.9981850923230516
            ]
        ],
        [
            [
                -0.766280522072769,
                0.625881543400935,
                0.0
            ],
            [
                0.0,
                0.0,
                -0.7867524079789577,
                0.6172687004371045
            ]
        ],
        [
            [
                0.14045894527288483,
                -0.41738162044786975,
                0.0
            ],
            [
                -0.0,
                -0.0,
                0.04869047156285133,
                0.9988139155913814
            ]
        ]
    ],
    "difficulty": 0.5841644616324039
}