{
    "target_eff_poses": [
        [
            [
                0.36725059151649475,
                -0.6348087191581726,
                0.28408557176589966
            ],
            [
                0.7004516124725342,
                -0.48517391085624695,
                -0.19448000192642212,
                -0.48595401644706726
            ]
        ]
    ],
    "start_goal_config": [
        null
    ],
    "start_config": [
        [
            -3.1393159910678934,
            -2.402526279235772,
            1.2072165356326119,
            -1.5307202187085898,
            -1.9566885247021164,
            2.5736883073075393e-05
        ]
    ],
    "goal_config": [
        [
            -3.5497114528174154,
            -2.604425295638083,
            2.3016471649999195,
            -0.7989476269587655,
            -2.155125567428959,
            9.734540706146795e-06
        ]
    ],
    "base_poses": [
        [
            [
                0.39377204679145605,
                -0.6867109812825988,
                0.0
            ],
            [
                0.0,
                0.0,
                -0.6395284871599374,
                0.7687673992248383
            ]
        ]
    ],
    "difficulty": 0.0,
    "dynamic_speed": null
}