{
    "target_eff_poses": [
        [
            [
                -0.3959023356437683,
                0.06388778239488602,
                0.19915562868118286
            ],
            [
                -0.5417841672897339,
                0.7242729663848877,
                0.33865565061569214,
                0.2592507600784302
            ]
        ]
    ],
    "start_goal_config": [
        null
    ],
    "start_config": [
        [
            -4.696221644018823,
            -1.6107295823161178,
            2.0481085296946255,
            -1.374377324875901,
            -2.165863707932752,
            2.7531011079618188e-05
        ]
    ],
    "goal_config": [
        [
            -2.233655902733912,
            -1.7639230764757057,
            2.1573224114178386,
            -1.2746258222606923,
            -1.295617868106707,
            -8.715650627054166e-06
        ]
    ],
    "base_poses": [
        [
            [
                -0.2544894991437182,
                -0.21184990865287046,
                0.0
            ],
            [
                0.0,
                0.0,
                0.947374506564815,
                -0.3201273876304139
            ]
        ]
    ],
    "difficulty": 0.0
}