{
    "target_eff_poses": [
        [
            [
                -0.11075127869844437,
                0.8100581169128418,
                0.7921366691589355
            ],
            [
                -0.09788502752780914,
                0.19036754965782166,
                0.19452176988124847,
                0.9572564959526062
            ]
        ]
    ],
    "start_goal_config": [
        null
    ],
    "start_config": [
        [
            -4.415259806909919,
            -1.0623067416162426,
            1.2602058200324135,
            -1.818135005570208,
            -1.8969171909131708,
            2.2301634209469055e-05
        ]
    ],
    "goal_config": [
        [
            -3.216546283006036,
            -2.3133040804386096,
            1.174575582179458,
            -1.5713999393350155,
            -1.8452990788273296,
            2.217893621431901e-05
        ]
    ],
    "base_poses": [
        [
            [
                -0.08806224723121114,
                0.7335290637617475,
                0.0
            ],
            [
                0.0,
                0.0,
                0.9304312881165954,
                -0.3664663942214799
            ]
        ]
    ],
    "difficulty": 0.0,
    "dynamic_speed": null,
    "ur5_count": 1,
    "id": "004300",
    "task_path": "/home/hqh2101/workspace-sharing-multiarm/src/data/8f14d7-hard-vlo-tasks/004300.json"
}