{
    "target_eff_poses": [
        [
            [
                -0.8772276043891907,
                0.7700104117393494,
                0.5568625926971436
            ],
            [
                -0.01347493939101696,
                0.03838331624865532,
                -0.21952010691165924,
                0.9747595191001892
            ]
        ],
        [
            [
                -0.14587123692035675,
                0.5540934801101685,
                0.6912888288497925
            ],
            [
                -0.05374782904982567,
                0.1896216869354248,
                -0.5544198155403137,
                0.8085625767707825
            ]
        ]
    ],
    "start_goal_config": [
        null,
        null
    ],
    "start_config": [
        [
            -2.0989531655509497,
            -1.4306217299956203,
            2.174355453438801,
            -1.4005408799827075,
            -1.1920896113584714,
            -1.4924465060351995e-05
        ],
        [
            -3.8107712556246076,
            -0.969834368918643,
            1.0709359119243618,
            -1.9263715727428719,
            -1.6842510344076898,
            8.200962276992243e-06
        ]
    ],
    "goal_config": [
        [
            -2.629959819268151,
            -3.1320689014117864,
            1.2935630919426537,
            -1.2217237901083946,
            -2.129574077700253,
            -3.429796267079688e-05
        ],
        [
            -2.665466542274963,
            -2.7526171685348024,
            1.3638255694736212,
            -1.3560362552161267,
            -2.4480215185731997,
            -2.1257119372201668e-05
        ]
    ],
    "base_poses": [
        [
            [
                -0.46414840694385584,
                0.7775410239276119,
                0.0
            ],
            [
                0.0,
                0.0,
                0.9804743133526388,
                0.1966471989520102
            ]
        ],
        [
            [
                0.049288697971394235,
                0.47866837462592016,
                0.0
            ],
            [
                0.0,
                0.0,
                0.9208637664868213,
                0.38988450029682503
            ]
        ]
    ],
    "difficulty": 0.5011755854415499,
    "dynamic_speed": null
}