{
    "target_eff_poses": [
        [
            [
                -0.3121727705001831,
                -0.11910593509674072,
                0.6268860101699829
            ],
            [
                -0.37882187962532043,
                0.22909680008888245,
                0.8251196146011353,
                0.3509790599346161
            ]
        ],
        [
            [
                1.2797634601593018,
                -0.8218927979469299,
                0.5777864456176758
            ],
            [
                0.18828116357326508,
                0.0004641183477360755,
                0.9759577512741089,
                -0.10980231314897537
            ]
        ]
    ],
    "start_goal_config": [
        null,
        null
    ],
    "start_config": [
        [
            -2.584404191827683,
            -1.0789740313617013,
            1.2460673993267801,
            -1.8254114333857234,
            -1.3725630473273895,
            -1.0223175591707668e-05
        ],
        [
            -3.038466107638952,
            -2.516293593034072,
            1.5880854581805142,
            -1.3104130173020205,
            -1.6755106180992665,
            7.5158329616845345e-06
        ]
    ],
    "goal_config": [
        [
            -2.7779806387183634,
            -2.4076073867182446,
            1.5460029211281963,
            -1.3627504988599248,
            -1.4290590162321906,
            -8.147800459055107e-06
        ],
        [
            -3.021926924470719,
            -3.0955825331201003,
            0.969678915380303,
            -1.3945153453392138,
            -1.4612110728112362,
            5.710511414236789e-06
        ]
    ],
    "base_poses": [
        [
            [
                -0.1541925417253559,
                -0.12018387724535062,
                0.0
            ],
            [
                0.0,
                0.0,
                -0.6090470227580558,
                0.7931341148062844
            ]
        ],
        [
            [
                0.7230208792771682,
                -0.7617314359279281,
                0.0
            ],
            [
                0.0,
                0.0,
                -0.002589872158338087,
                0.999996646275478
            ]
        ]
    ],
    "difficulty": 0.17443609022556392,
    "dynamic_speed": null,
    "ur5_count": 2,
    "id": "004311",
    "task_path": "/home/huy/programming/projects/workspace-sharing-multiarm/src/data/8f14d7-hard-vlo-tasks/004311.json"
}