{
    "target_eff_poses": [
        [
            [
                0.6925957798957825,
                -0.31097590923309326,
                0.5184899568557739
            ],
            [
                -0.17491166293621063,
                0.6418415904045105,
                -0.4281068444252014,
                0.6116942167282104
            ]
        ],
        [
            [
                0.842170000076294,
                0.5277677774429321,
                0.6234071254730225
            ],
            [
                -0.04256729781627655,
                -0.04605923965573311,
                -0.7996532917022705,
                0.5971777439117432
            ]
        ],
        [
            [
                0.004668706096708775,
                -0.16847066581249237,
                0.2697468400001526
            ],
            [
                0.7328162789344788,
                0.25507840514183044,
                -0.43424081802368164,
                0.4575481712818146
            ]
        ],
        [
            [
                -0.46259742975234985,
                0.4113618731498718,
                0.48213303089141846
            ],
            [
                -0.21663416922092438,
                0.1514740288257599,
                0.7678795456886292,
                0.5835120677947998
            ]
        ]
    ],
    "start_goal_config": [
        null,
        null,
        null,
        null
    ],
    "start_config": [
        [
            -3.2030079572518737,
            -2.506800425540336,
            1.4637374011188005,
            -1.3755647124082429,
            -1.920718114687184,
            2.598198885209975e-05
        ],
        [
            -1.3849741982916923,
            -1.4294290414805995,
            1.3898222153636646,
            -1.6444364750604932,
            -0.7799431251245817,
            -2.817298469627811e-05
        ],
        [
            -2.7703873318060936,
            -3.0295429275393024,
            1.8935360485893287,
            -0.9169889632453695,
            -1.4478349822783818,
            -1.171447144978107e-05
        ],
        [
            -3.336325548993463,
            -2.34555457788561,
            1.3857184503919548,
            -1.4590656841005236,
            -1.8516435761996621,
            2.5663030283938848e-05
        ]
    ],
    "goal_config": [
        [
            -4.926650058745883,
            -1.9217752801868324,
            1.6587726924019621,
            -1.4229192587012125,
            -2.4474920271881433,
            2.4744887381901283e-05
        ],
        [
            -2.8541685009965687,
            -3.0157165480703823,
            1.1141325339504204,
            -1.365528477288233,
            -1.7542186717026385,
            -1.1840319745344693e-05
        ],
        [
            -1.7679984198018959,
            -1.3320199985965109,
            1.5896691035810186,
            -1.6228359987466157,
            -1.094229253099609,
            1.265553178787075e-05
        ],
        [
            -2.895098771644656,
            -3.175626891335619,
            1.5995083849313214,
            -1.0304372264649015,
            -1.6104072667707496,
            1.7663123949106803e-06
        ]
    ],
    "base_poses": [
        [
            [
                0.37302509378743864,
                -0.206091078447049,
                0.0
            ],
            [
                0.0,
                0.0,
                -0.7516445451643963,
                0.6595684026123507
            ]
        ],
        [
            [
                0.7119286829433837,
                0.10497402211694862,
                0.0
            ],
            [
                -0.0,
                -0.0,
                0.5559012672856732,
                0.8312483269337644
            ]
        ],
        [
            [
                0.07681704069928874,
                0.4012370860445944,
                0.0
            ],
            [
                0.0,
                0.0,
                -0.11330226508189517,
                0.9935605652034062
            ]
        ],
        [
            [
                -0.4451805554969333,
                0.6972206398220113,
                0.0
            ],
            [
                0.0,
                0.0,
                -0.6840122165464914,
                0.7294705529458717
            ]
        ]
    ],
    "difficulty": 0.8999341672152732,
    "dynamic_speed": null,
    "ur5_count": 4,
    "id": "004354",
    "task_path": "/home/hqh2101/workspace-sharing-multiarm/src/data/8f14d7-hard-vlo-tasks/004354.json"
}