{
    "target_eff_poses": [
        [
            [
                0.9848071336746216,
                -0.5452484488487244,
                0.43718916177749634
            ],
            [
                0.3149525821208954,
                0.6089630722999573,
                -0.3636833429336548,
                0.6306372284889221
            ]
        ]
    ],
    "start_goal_config": [
        null
    ],
    "start_config": [
        [
            -2.9878831999134086,
            -2.712238591765927,
            1.5272515622490748,
            -1.282282441893607,
            -2.1264446564881037,
            2.753681614143849e-05
        ]
    ],
    "goal_config": [
        [
            -3.2282479069145,
            -1.7860486571761298,
            1.6407445134236804,
            -1.4854645107870517,
            -1.6165931002836451,
            9.033772500155694e-06
        ]
    ],
    "base_poses": [
        [
            [
                0.6821759100953377,
                -0.26463053108914536,
                0.0
            ],
            [
                0.0,
                0.0,
                0.8974356404329538,
                0.4411454083187245
            ]
        ]
    ],
    "difficulty": 0.0
}