{
    "target_eff_poses": [
        [
            [
                -0.7014657258987427,
                0.5613934993743896,
                0.4156881868839264
            ],
            [
                -0.6137369275093079,
                0.17593230307102203,
                0.7555772066116333,
                0.14655329287052155
            ]
        ]
    ],
    "start_goal_config": [
        null
    ],
    "start_config": [
        [
            -3.583687148961592,
            -2.290089737450834,
            1.8124384590525502,
            -1.267764305868348,
            -1.85916756702565,
            2.182759403721563e-05
        ]
    ],
    "goal_config": [
        [
            -2.6862089797117705,
            -2.733014332510912,
            1.982709012515517,
            -1.0063060557413928,
            -1.4832062306926883,
            -9.587246924415171e-06
        ]
    ],
    "base_poses": [
        [
            [
                -0.6344552048753416,
                0.6625225208934977,
                0.0
            ],
            [
                0.0,
                0.0,
                -0.44670042925220593,
                0.8946835901624076
            ]
        ]
    ],
    "difficulty": 0.0,
    "dynamic_speed": null
}