{
    "target_eff_poses": [
        [
            [
                -0.6313260197639465,
                0.5264161229133606,
                0.5749430656433105
            ],
            [
                0.3205806612968445,
                0.3834575414657593,
                -0.4541468322277069,
                0.7375222444534302
            ]
        ],
        [
            [
                0.8953233361244202,
                0.5888203978538513,
                0.4579562842845917
            ],
            [
                -0.3129976689815521,
                -0.08954509347677231,
                0.9454907178878784,
                0.007841533981263638
            ]
        ],
        [
            [
                -0.06609061360359192,
                0.053706277161836624,
                0.4831160604953766
            ],
            [
                0.4918944537639618,
                0.39375609159469604,
                -0.4740010201931,
                0.61507648229599
            ]
        ],
        [
            [
                0.5783183574676514,
                0.11390828341245651,
                0.2522290050983429
            ],
            [
                0.8752442002296448,
                -0.16246441006660461,
                -0.38659989833831787,
                -0.24102602899074554
            ]
        ]
    ],
    "start_goal_config": [
        null,
        null,
        null,
        null
    ],
    "start_config": [
        [
            -2.7181417636965093,
            -2.302632849276802,
            1.5678023419749467,
            -1.3820183862656088,
            -1.4281672885864796,
            -7.197743313135147e-06
        ],
        [
            -2.3955782204072027,
            -2.2778702299765183,
            1.6884096670541966,
            -1.3318387508753597,
            -1.2658095654470043,
            -1.687242334333704e-17
        ],
        [
            -3.3418615894287265,
            -2.4730094055407603,
            1.438733882707143,
            -1.398336850369745,
            -2.11618162263587,
            1.2129419964926205e-06
        ],
        [
            -4.799510712672529,
            -2.278996139787852,
            2.3000247781757532,
            -1.0210240943223832,
            -3.035943673383827,
            1.2137702030609055e-05
        ]
    ],
    "goal_config": [
        [
            -2.733857588439432,
            -2.4598463096229892,
            1.657609394089127,
            -1.2925905801130377,
            -1.4264021986564894,
            -1.0248223416996454e-05
        ],
        [
            -2.800650801060044,
            -3.1896530284475766,
            1.6851125188913918,
            -0.9738507041781996,
            -1.8577525310276704,
            1.4071760651710557e-05
        ],
        [
            -2.4671765126839786,
            -2.376049691077682,
            1.8304330416707424,
            -1.2326512324970311,
            -1.3316142759386471,
            -1.871279841070402e-05
        ],
        [
            -3.295414926324082,
            -2.456593474388675,
            2.334682413529167,
            -0.8241401314052695,
            -1.9447558674503522,
            -1.2020333572122703e-05
        ]
    ],
    "base_poses": [
        [
            [
                -0.7807904002725371,
                0.570275895826112,
                0.0
            ],
            [
                -0.0,
                -0.0,
                0.6763468153628939,
                0.7365833186737747
            ]
        ],
        [
            [
                0.6427753617936707,
                0.5939072366597358,
                0.0
            ],
            [
                0.0,
                0.0,
                -0.0352765917762197,
                0.9993775873375658
            ]
        ],
        [
            [
                -0.20873502368671115,
                0.19860722018148036,
                0.0
            ],
            [
                -0.0,
                -0.0,
                0.44162677308303216,
                0.8971988593930935
            ]
        ],
        [
            [
                0.6687837769248419,
                0.11471050269268468,
                0.0
            ],
            [
                0.0,
                0.0,
                -0.28940428473754665,
                0.9572069577555049
            ]
        ]
    ],
    "difficulty": 0.746922281740438,
    "dynamic_speed": null
}