{
    "target_eff_poses": [
        [
            [
                -0.040968362241983414,
                -0.6115551590919495,
                0.4101637601852417
            ],
            [
                -0.6371626257896423,
                0.15979774296283722,
                0.7537809610366821,
                -0.017402369529008865
            ]
        ]
    ],
    "start_goal_config": [
        null
    ],
    "start_config": [
        [
            -2.9032124433386683,
            -1.0421353953881047,
            1.34219457465855,
            -1.793543715567087,
            -1.463310603654341,
            -4.914467352098357e-06
        ]
    ],
    "goal_config": [
        [
            -2.5107309391124066,
            -2.70479234766469,
            2.0057825511189513,
            -1.0091920317268017,
            -1.3019846988749668,
            -1.1137390352508462e-05
        ]
    ],
    "base_poses": [
        [
            [
                0.016202011221618795,
                -0.477186384883324,
                0.0
            ],
            [
                0.0,
                0.0,
                -0.4139223479930709,
                0.9103121936082714
            ]
        ]
    ],
    "difficulty": 0.0,
    "dynamic_speed": null,
    "ur5_count": 1,
    "id": "004518",
    "task_path": "/home/hqh2101/workspace-sharing-multiarm/src/data/8f14d7-hard-vlo-tasks/004518.json"
}