{
    "target_eff_poses": [
        [
            [
                -0.6746869683265686,
                -0.05460086464881897,
                0.2789199650287628
            ],
            [
                0.831748902797699,
                0.2122981697320938,
                -0.3810957968235016,
                -0.34334996342658997
            ]
        ],
        [
            [
                -0.234789177775383,
                -0.7574516534805298,
                0.7519712448120117
            ],
            [
                -0.17826974391937256,
                -0.24588455259799957,
                0.929551362991333,
                -0.20903335511684418
            ]
        ],
        [
            [
                0.27215564250946045,
                -0.11046857386827469,
                0.26809507608413696
            ],
            [
                0.8524356484413147,
                0.21481460332870483,
                -0.408514142036438,
                -0.24561037123203278
            ]
        ],
        [
            [
                -0.5971558690071106,
                0.2663731575012207,
                0.1658412218093872
            ],
            [
                0.9124834537506104,
                -0.27814149856567383,
                -0.24011412262916565,
                -0.179879292845726
            ]
        ]
    ],
    "start_goal_config": [
        null,
        null,
        null,
        null
    ],
    "start_config": [
        [
            -4.6512233032746435,
            -1.658345148404436,
            1.8751597570262977,
            -1.4232062701763433,
            -2.1027237036262587,
            7.67269861285719e-06
        ],
        [
            -4.172717189547905,
            -2.3188209900487577,
            1.6546666883602579,
            -1.3383768713490247,
            -2.4484283293530478,
            3.35210502381731e-05
        ],
        [
            -4.372798700177241,
            -2.383700787088274,
            2.3316454654765635,
            -0.962059617262351,
            -2.528318370599579,
            1.374823278938217e-05
        ],
        [
            -2.808100951668431,
            -2.0821536414208603,
            1.6195916083693938,
            -1.4176796357411257,
            -1.5032833175701859,
            1.0658550937011443e-06
        ]
    ],
    "goal_config": [
        [
            -5.183926239403666,
            -1.5707950736433451,
            1.9003371820612627,
            -1.4067825643273064,
            -2.554043037451909,
            9.109358955570322e-06
        ],
        [
            -3.5516274428817396,
            -2.336918405798582,
            1.309192065286234,
            -1.496678603114343,
            -2.293111544651728,
            3.082033756434474e-05
        ],
        [
            -4.771971182110269,
            -1.9261048558524831,
            2.1603766802685653,
            -1.2279671892582134,
            -2.3589698306281175,
            2.169655010890064e-05
        ],
        [
            -3.6014220912141184,
            -1.9377115080154514,
            2.392895535271326,
            -1.06460896219568,
            -1.9178761456882158,
            1.9449952539560407e-11
        ]
    ],
    "base_poses": [
        [
            [
                -0.3020578161952253,
                -0.24914886509149992,
                0.0
            ],
            [
                -0.0,
                -0.0,
                0.7028898496900283,
                0.7112987130613477
            ]
        ],
        [
            [
                -0.23937755888333356,
                -0.709380571997595,
                0.0
            ],
            [
                -0.0,
                -0.0,
                0.7085029705562801,
                0.7057078295675392
            ]
        ],
        [
            [
                0.5287562481497285,
                -0.1705502317119727,
                0.0
            ],
            [
                -0.0,
                -0.0,
                0.6193916997056574,
                0.7850821118429184
            ]
        ],
        [
            [
                -0.4539198824507388,
                0.18064704180512225,
                0.0
            ],
            [
                0.0,
                0.0,
                -0.23721342913756027,
                0.9714575590507285
            ]
        ]
    ],
    "difficulty": 0.9734097528892229,
    "dynamic_speed": null,
    "ur5_count": 4,
    "id": "004566",
    "task_path": "/home/hqh2101/workspace-sharing-multiarm/src/data/8f14d7-hard-vlo-tasks/004566.json"
}