{
    "target_eff_poses": [
        [
            [
                -0.30703213810920715,
                -0.21771569550037384,
                0.4795486629009247
            ],
            [
                -0.577063262462616,
                -0.2189510613679886,
                0.7314095497131348,
                -0.28999748826026917
            ]
        ],
        [
            [
                -0.35628554224967957,
                -0.23299917578697205,
                0.7975900173187256
            ],
            [
                -0.1894005835056305,
                0.044840630143880844,
                0.7962947487831116,
                0.5727401971817017
            ]
        ],
        [
            [
                -0.6188915371894836,
                -0.0817163735628128,
                0.26867562532424927
            ],
            [
                -0.3456921875476837,
                0.6742918491363525,
                0.3594578504562378,
                0.5446260571479797
            ]
        ]
    ],
    "start_goal_config": [
        null,
        null,
        null
    ],
    "start_config": [
        [
            -3.232053887299331,
            -2.6451464146277788,
            1.9707110978553828,
            -1.0566344612720584,
            -1.8915859967202577,
            1.9463059857409187e-05
        ],
        [
            -3.301327906563197,
            -2.170255757606233,
            1.3997729634273994,
            -1.4989958225982263,
            -1.7003359211105993,
            1.1614636129398846e-05
        ],
        [
            -2.9477863209783175,
            -2.9656343228553737,
            2.01991255784203,
            -0.8477488100291652,
            -1.8898189425975975,
            6.3347274418410576e-06
        ]
    ],
    "goal_config": [
        [
            -3.1193693118150243,
            -1.5940142284428005,
            1.4166336473378471,
            -1.6338410966271766,
            -1.5559638316792788,
            9.21160304071045e-06
        ],
        [
            -3.2006174673912775,
            -2.3447322389878447,
            1.163253161385435,
            -1.5683403716041984,
            -1.9618595874533935,
            2.1708371813860176e-17
        ],
        [
            -2.799596186913742,
            -1.3065989885107927,
            1.5352434656802716,
            -1.6505462717593105,
            -1.4611531126444082,
            1.6079068529821033e-07
        ]
    ],
    "base_poses": [
        [
            [
                -0.013409828306701455,
                0.2008926623334888,
                0.0
            ],
            [
                -0.0,
                -0.0,
                0.35129449473160773,
                0.9362650148175272
            ]
        ],
        [
            [
                -0.3119018556984001,
                -0.19321367480017015,
                0.0
            ],
            [
                0.0,
                0.0,
                -0.38802628978397513,
                0.921648305177459
            ]
        ],
        [
            [
                -0.7902802566612094,
                -0.6365633946993546,
                0.0
            ],
            [
                0.0,
                0.0,
                0.9367538850779353,
                -0.34998879809415956
            ]
        ]
    ],
    "difficulty": 0.8887740723344293,
    "dynamic_speed": null,
    "ur5_count": 3,
    "id": "004525",
    "task_path": "/home/huy/programming/projects/workspace-sharing-multiarm/src/data/8f14d7-hard-vlo-tasks/004525.json"
}