{
    "target_eff_poses": [
        [
            [
                -0.09006793051958084,
                -0.4800264835357666,
                0.6071658134460449
            ],
            [
                -0.4906143546104431,
                0.06284665316343307,
                0.8265242576599121,
                0.26871079206466675
            ]
        ],
        [
            [
                -0.14218159019947052,
                0.016260821372270584,
                0.7072944641113281
            ],
            [
                0.12942983210086823,
                0.36886152625083923,
                -0.5308860540390015,
                0.7518969774246216
            ]
        ],
        [
            [
                -0.661298394203186,
                0.6799830198287964,
                0.7572516798973083
            ],
            [
                -0.021704688668251038,
                0.23195737600326538,
                -0.17856213450431824,
                0.9559499025344849
            ]
        ]
    ],
    "start_goal_config": [
        null,
        null,
        null
    ],
    "start_config": [
        [
            -3.058395719207303,
            -3.08386253595264,
            1.5089563428147512,
            -1.136316940982307,
            -1.2579548551267705,
            -2.4202525662438616e-05
        ],
        [
            -2.982676862688099,
            -2.789188003030876,
            2.2700284986580086,
            -0.6291048901908969,
            -1.912356258438201,
            1.896038502013812e-17
        ],
        [
            -4.1007778644784265,
            -1.466836013396047,
            1.17576225879728,
            -1.769388585235406,
            -1.8179083486047527,
            1.9778225777556396e-05
        ]
    ],
    "goal_config": [
        [
            -3.8270626314015903,
            -1.6528080204545654,
            1.2440152488204146,
            -1.6979927872002085,
            -1.7577336219680126,
            1.7855625115471344e-05
        ],
        [
            -3.6540615300624233,
            -2.1121373073121474,
            1.323877113137389,
            -1.5500834374212493,
            -1.848134933868168,
            2.507956420926832e-05
        ],
        [
            -3.118904619933455,
            -2.4249271151720087,
            1.2547573904720788,
            -1.5011539106273746,
            -1.8487949421927865,
            1.9381314230710367e-05
        ]
    ],
    "base_poses": [
        [
            [
                0.3727114119264341,
                -0.6048513382640975,
                0.0
            ],
            [
                -0.0,
                -0.0,
                0.1215761787964812,
                0.992582103782476
            ]
        ],
        [
            [
                -0.32533338436106907,
                0.14673307890961473,
                0.0
            ],
            [
                0.0,
                0.0,
                0.9759248823703455,
                0.21810690949721748
            ]
        ],
        [
            [
                -0.6549061867159808,
                0.6056163213969528,
                0.0
            ],
            [
                0.0,
                0.0,
                0.9983756723262586,
                0.05697382650911908
            ]
        ]
    ],
    "difficulty": 0.2770879978288893
}