{
    "target_eff_poses": [
        [
            [
                0.37221115827560425,
                -0.794701099395752,
                0.13748221099376678
            ],
            [
                0.6137728691101074,
                0.4897240698337555,
                -0.4602740705013275,
                0.4142475724220276
            ]
        ],
        [
            [
                0.17146709561347961,
                0.7903372049331665,
                0.8057582378387451
            ],
            [
                -0.0156561192125082,
                0.1014631912112236,
                -0.440534770488739,
                0.8918459415435791
            ]
        ]
    ],
    "start_goal_config": [
        null,
        null
    ],
    "start_config": [
        [
            -1.7690003611102423,
            -1.9305027330260909,
            1.5589426367763575,
            -1.473512859164911,
            -0.9154778318601403,
            -2.0078443038269106e-05
        ],
        [
            -3.251524841260498,
            -1.4457435638429783,
            1.3477596969669672,
            -1.6997571087309211,
            -1.577370386430306,
            4.7117612732664824e-06
        ]
    ],
    "goal_config": [
        [
            -3.0709973522644636,
            -1.0069797086439143,
            1.4345122904661205,
            -1.7630700654901486,
            -1.5114344677750808,
            -1.2524202055248017e-06
        ],
        [
            -2.821168110524695,
            -2.480862954975788,
            1.104494673633829,
            -1.5595107863674635,
            -2.182844924175807,
            3.871959161408899e-05
        ]
    ],
    "base_poses": [
        [
            [
                0.3627105835484692,
                -0.13841751549258974,
                0.0
            ],
            [
                -0.0,
                -0.0,
                0.6192889315952629,
                0.7851631799846435
            ]
        ],
        [
            [
                0.2910687351002885,
                0.7164783463052788,
                0.0
            ],
            [
                0.0,
                0.0,
                0.9514175379068696,
                0.3079036676677147
            ]
        ]
    ],
    "difficulty": 0.1754528801139833
}