{
    "target_eff_poses": [
        [
            [
                -0.3101658225059509,
                -0.27219897508621216,
                0.34493473172187805
            ],
            [
                0.1291993260383606,
                0.7307578921318054,
                -0.3329939842224121,
                0.5817347764968872
            ]
        ],
        [
            [
                0.6165891885757446,
                -0.8218826651573181,
                0.1302659958600998
            ],
            [
                0.1683538407087326,
                0.6466274261474609,
                -0.31299617886543274,
                0.674954354763031
            ]
        ],
        [
            [
                0.7957707643508911,
                -0.32853198051452637,
                0.262014776468277
            ],
            [
                0.30369317531585693,
                0.6514690518379211,
                -0.06498507410287857,
                0.6921961307525635
            ]
        ],
        [
            [
                -0.2591501474380493,
                0.7420339584350586,
                0.8316277861595154
            ],
            [
                -0.10790978372097015,
                -0.07940658926963806,
                0.9718805551528931,
                -0.19364455342292786
            ]
        ]
    ],
    "start_goal_config": [
        null,
        null,
        null,
        null
    ],
    "start_config": [
        [
            -1.730024176255903,
            -1.6829104782037967,
            1.6828090022330469,
            -1.4930577667513087,
            -1.0485261888325699,
            -2.0971452825141875e-05
        ],
        [
            -2.989324583361674,
            -2.5666972761535685,
            1.2276449269373466,
            -1.4740190984188777,
            -1.6132662084771152,
            -8.960420751550365e-07
        ],
        [
            -2.820403569222199,
            -1.246297908194956,
            1.332928965934705,
            -1.7514285668579275,
            -1.4508236657187987,
            -4.065015804977765e-06
        ],
        [
            -3.230154498325745,
            -2.938548732335213,
            1.0631359757220313,
            -1.4308896513389204,
            -1.1827301603017344,
            2.4407777176523005e-05
        ]
    ],
    "goal_config": [
        [
            -3.1281862840530437,
            -2.7484399136579585,
            2.1398043018355852,
            -0.8605868658661341,
            -1.9156926454490932,
            1.929015199373248e-17
        ],
        [
            -4.077276401607503,
            -0.7175086258572276,
            1.0318818741701805,
            -1.9924313762230035,
            -1.7503082615899486,
            1.5248100954941408e-05
        ],
        [
            -2.0985347929578073,
            -1.1365577542408571,
            1.360668110058897,
            -1.7616176502950087,
            -1.2281878690094672,
            -1.6277320631874303e-08
        ],
        [
            -3.1305216675612013,
            -2.3246411177121704,
            1.0714588926071575,
            -1.6196347147850054,
            -2.0086056048260175,
            2.7858478801531067e-05
        ]
    ],
    "base_poses": [
        [
            [
                -0.3603566482180952,
                -0.3152388433370312,
                0.0
            ],
            [
                0.0,
                0.0,
                0.9379434152986784,
                0.3467883355850524
            ]
        ],
        [
            [
                -0.05640082993633322,
                -0.3790106409096005,
                0.0
            ],
            [
                0.0,
                0.0,
                0.9923968606592659,
                -0.12307912476790497
            ]
        ],
        [
            [
                0.15612829420529617,
                -0.1310099033925336,
                0.0
            ],
            [
                -0.0,
                -0.0,
                0.7063688238708242,
                0.7078439691509341
            ]
        ],
        [
            [
                -0.3191150707721715,
                0.7564828989238979,
                0.0
            ],
            [
                -0.0,
                -0.0,
                0.39864836933808506,
                0.9171038532380538
            ]
        ]
    ],
    "difficulty": 0.9288868013151714,
    "dynamic_speed": null
}