{
    "target_eff_poses": [
        [
            [
                -0.9685001969337463,
                -0.3058808445930481,
                0.6464490294456482
            ],
            [
                -0.4263434410095215,
                -0.11740515381097794,
                0.8940598964691162,
                0.07144378125667572
            ]
        ]
    ],
    "start_goal_config": [
        null
    ],
    "start_config": [
        [
            -3.078145351474467,
            -1.8629535198561038,
            2.1620567025234183,
            -1.2185321702535907,
            -1.6360552999014404,
            1.1549588726469777e-05
        ]
    ],
    "goal_config": [
        [
            -4.317040324212069,
            -1.5654632121681566,
            1.1127016357497692,
            -1.7726900566857318,
            -1.9192735215283176,
            2.868402770559313e-05
        ]
    ],
    "base_poses": [
        [
            [
                -0.4851782596816575,
                -0.14749087577981235,
                0.0
            ],
            [
                -0.0,
                -0.0,
                0.6305246646652181,
                0.7761692130256226
            ]
        ]
    ],
    "difficulty": 0.0,
    "dynamic_speed": null
}