{
    "target_eff_poses": [
        [
            [
                0.5161069631576538,
                0.1814432293176651,
                0.28275570273399353
            ],
            [
                0.7913884520530701,
                -0.3542737662792206,
                -0.4746030569076538,
                0.15148095786571503
            ]
        ]
    ],
    "start_goal_config": [
        null
    ],
    "start_config": [
        [
            -3.3359444111306216,
            -2.547137493026135,
            1.5593739839603677,
            -1.3185861281311135,
            -2.1138955606506826,
            3.0389800905134354e-05
        ]
    ],
    "goal_config": [
        [
            -1.7765698481165506,
            -2.163357415559008,
            2.233725700321824,
            -1.113407029699354,
            -0.8409255056852443,
            2.4113712919590334e-05
        ]
    ],
    "base_poses": [
        [
            [
                0.723715016385611,
                0.35517124512767406,
                0.0
            ],
            [
                0.0,
                0.0,
                -0.673163147589605,
                0.7394940004673842
            ]
        ]
    ],
    "difficulty": 0.0
}