{
    "target_eff_poses": [
        [
            [
                0.7618365287780762,
                -0.36819759011268616,
                0.37930092215538025
            ],
            [
                0.28917092084884644,
                0.7263802289962769,
                -0.5935871005058289,
                0.19080422818660736
            ]
        ],
        [
            [
                0.007740129251033068,
                -0.36800146102905273,
                0.7679968476295471
            ],
            [
                -0.033530160784721375,
                0.14773446321487427,
                -0.07124707102775574,
                0.9858874678611755
            ]
        ],
        [
            [
                0.5671625733375549,
                -0.3960331380367279,
                0.6966769099235535
            ],
            [
                0.059506606310606,
                0.2719789743423462,
                -0.34339040517807007,
                0.896977961063385
            ]
        ],
        [
            [
                0.8078943490982056,
                0.9377127289772034,
                0.11508911103010178
            ],
            [
                -0.3865937292575836,
                0.7863451242446899,
                0.01221374049782753,
                0.48172345757484436
            ]
        ]
    ],
    "start_goal_config": [
        null,
        null,
        null,
        null
    ],
    "start_config": [
        [
            -3.2570636740068486,
            -2.7808795894352794,
            2.0671028009622128,
            -0.9274455113797988,
            -2.0257972439910414,
            -2.4603779413078383e-11
        ],
        [
            -3.0704617182526843,
            -2.7378188560041576,
            1.7840437227964054,
            -1.13545469498143,
            -1.8639976865554984,
            1.6391031206487345e-05
        ],
        [
            -4.293618034403616,
            -2.0194243462787056,
            1.1588602044701228,
            -1.6299589636266845,
            -2.516453632944156,
            8.357974724059051e-05
        ],
        [
            -3.0229498885280353,
            -2.479649527337382,
            1.2351378898907595,
            -1.495615095028267,
            -1.7282993058824276,
            -7.371637202718537e-08
        ]
    ],
    "goal_config": [
        [
            -4.404708641651089,
            -2.36500532502989,
            2.122997019397109,
            -1.1044139285583434,
            -2.4517154012951727,
            6.2760212183277684e-09
        ],
        [
            -2.9420691260855407,
            -2.529076290498073,
            1.193646769343599,
            -1.502018246546385,
            -1.8660329997542429,
            -2.8692499999557466e-05
        ],
        [
            -3.0146162039380493,
            -2.5585032665875898,
            1.381175602092692,
            -1.399982967788162,
            -1.7210171445448508,
            -5.902058210351159e-08
        ],
        [
            -4.542135291989655,
            -1.1853133034977208,
            1.7729814105731072,
            -1.5932485821113775,
            -2.0023626547656876,
            2.993935924953878e-05
        ]
    ],
    "base_poses": [
        [
            [
                0.7632533995451252,
                -0.21641291283743025,
                0.0
            ],
            [
                0.0,
                0.0,
                0.9824233758561318,
                0.1866663080779216
            ]
        ],
        [
            [
                0.1264747670833699,
                -0.4220859372896305,
                0.0
            ],
            [
                0.0,
                0.0,
                0.9997050834503717,
                0.02428468907533003
            ]
        ],
        [
            [
                0.5556810556076173,
                -0.4957964717295882,
                0.0
            ],
            [
                0.0,
                0.0,
                0.9379950800323156,
                0.3466485682000862
            ]
        ],
        [
            [
                0.38773822581100825,
                0.6559138683416694,
                0.0
            ],
            [
                0.0,
                0.0,
                -0.58863443854398,
                0.8083993429982569
            ]
        ]
    ],
    "difficulty": 0.90076120665351,
    "dynamic_speed": null
}