{
    "target_eff_poses": [
        [
            [
                -0.21024195849895477,
                -0.05506855249404907,
                0.37437549233436584
            ],
            [
                0.6456370949745178,
                -0.480448842048645,
                -0.5487527847290039,
                0.22625669836997986
            ]
        ]
    ],
    "start_goal_config": [
        null
    ],
    "start_config": [
        [
            -2.446849878506368,
            -2.3652327735570418,
            1.8748513944387863,
            -1.2131993852338014,
            -1.3379741798003866,
            -1.3228731244678976e-05
        ]
    ],
    "goal_config": [
        [
            -1.3418597365918927,
            -1.740989493294704,
            1.8478405990883162,
            -1.3778013828716569,
            -0.5399810866778207,
            -1.994087471869129e-05
        ]
    ],
    "base_poses": [
        [
            [
                0.22082392318432165,
                0.0631241556246035,
                0.0
            ],
            [
                0.0,
                0.0,
                -0.8543023398322498,
                0.5197764059258011
            ]
        ]
    ],
    "difficulty": 0.0
}