{
    "target_eff_poses": [
        [
            [
                -0.3358795642852783,
                -0.22357942163944244,
                0.5907930135726929
            ],
            [
                0.013124242424964905,
                -0.013094859197735786,
                0.2580244839191437,
                0.9659605026245117
            ]
        ],
        [
            [
                0.8972725868225098,
                0.2964411675930023,
                0.09519359469413757
            ],
            [
                0.8385674357414246,
                0.4626891016960144,
                -0.04335085675120354,
                0.2843311131000519
            ]
        ]
    ],
    "start_goal_config": [
        null,
        null
    ],
    "start_config": [
        [
            -2.970842301508253,
            -2.6854677117051735,
            1.9865964264514793,
            -1.0234752707233523,
            -1.7294959529863811,
            1.1096527778526681e-05
        ],
        [
            -4.569146124790652,
            -1.0391218348071685,
            1.2824166051859807,
            -1.8112894319184147,
            -1.9621927568978101,
            3.197249569570064e-05
        ]
    ],
    "goal_config": [
        [
            -2.641980381219478,
            -3.0728422341874966,
            1.1931430820151847,
            -1.2989567965334625,
            -2.095480267912259,
            3.5060304396783787e-05
        ],
        [
            -1.607172709439184,
            -1.4331991929460075,
            2.274018638119399,
            -1.4242775446883482,
            -0.6555150510734079,
            -2.1336706595713154e-05
        ]
    ],
    "base_poses": [
        [
            [
                -0.0804258753955105,
                0.13041680440908476,
                0.0
            ],
            [
                0.0,
                0.0,
                0.9628156476794891,
                -0.2701592652187334
            ]
        ],
        [
            [
                0.5924332856805321,
                0.5101351916034502,
                0.0
            ],
            [
                -0.0,
                -0.0,
                0.19339699728616103,
                0.9811205845566062
            ]
        ]
    ],
    "difficulty": 0.37035643750587793,
    "dynamic_speed": null
}