{
    "target_eff_poses": [
        [
            [
                0.6913658380508423,
                -0.13675563037395477,
                0.4286152422428131
            ],
            [
                0.07138795405626297,
                0.6199209094047546,
                -0.31486162543296814,
                0.7151670455932617
            ]
        ]
    ],
    "start_goal_config": [
        null
    ],
    "start_config": [
        [
            -4.896659440177789,
            -1.6658116945041672,
            1.2287725853872098,
            -1.6646212238368105,
            -2.317973544854978,
            3.6842455063971454e-05
        ]
    ],
    "goal_config": [
        [
            -4.280534163730667,
            -1.3637419720984039,
            1.3032538049827374,
            -1.7333475179302213,
            -1.8708777833421124,
            2.596570166686436e-05
        ]
    ],
    "base_poses": [
        [
            [
                0.13891267008980746,
                0.10451997288127457,
                0.0
            ],
            [
                0.0,
                0.0,
                0.9539088104927673,
                -0.30009661988145375
            ]
        ]
    ],
    "difficulty": 0.0,
    "dynamic_speed": null
}