{
    "target_eff_poses": [
        [
            [
                -0.021501248702406883,
                0.03584668040275574,
                0.6084192395210266
            ],
            [
                -0.31997695565223694,
                0.3013446033000946,
                0.22122006118297577,
                0.8705560564994812
            ]
        ],
        [
            [
                -0.6458148956298828,
                0.33827000856399536,
                0.08922755718231201
            ],
            [
                0.6081205606460571,
                0.7568549513816833,
                -0.166104257106781,
                0.1725384145975113
            ]
        ],
        [
            [
                0.007485202979296446,
                1.1716722249984741,
                0.5459973216056824
            ],
            [
                -0.4420108199119568,
                0.3563990592956543,
                0.3004382252693176,
                0.7663831114768982
            ]
        ],
        [
            [
                -0.03695288300514221,
                -0.6892973780632019,
                0.7802820205688477
            ],
            [
                0.027289368212223053,
                -0.0020866291597485542,
                0.9683895111083984,
                0.2479369342327118
            ]
        ]
    ],
    "start_goal_config": [
        null,
        null,
        null,
        null
    ],
    "start_config": [
        [
            -4.184536784533713,
            -1.8146785526626454,
            1.8278761391050895,
            -1.3968386370466361,
            -1.9240489362388549,
            3.60256371073225e-05
        ],
        [
            -3.301898319880775,
            -2.574885194009462,
            1.9814658066180892,
            -1.077099910154718,
            -1.8880022806211254,
            2.106411139829291e-05
        ],
        [
            -3.398043389532585,
            -2.192804744825436,
            1.494685521525416,
            -1.4478905291924302,
            -1.7473453683203468,
            1.8250114064624614e-05
        ],
        [
            -3.977410495293185,
            -1.7943153831311258,
            2.3502859114744634,
            -1.1657371503118616,
            -2.012805778478902,
            1.5156554331695116e-05
        ]
    ],
    "goal_config": [
        [
            -3.3692696230813066,
            -2.574266315503779,
            1.6227451495424365,
            -1.279883559035034,
            -2.1373488722839893,
            3.355661271727308e-05
        ],
        [
            -3.188769053120456,
            -1.5212747005993532,
            2.317696268767058,
            -1.2801203193670512,
            -1.6603105988190838,
            1.3421193150858459e-05
        ],
        [
            -4.678208348269231,
            -1.583912201724963,
            1.3160986243491515,
            -1.6661064093820666,
            -2.0894161420332833,
            3.3502079026950117e-05
        ],
        [
            -2.866919480244831,
            -2.6561056244097996,
            1.0152503461202127,
            -1.555479326794198,
            -1.7449432539495922,
            1.0384630299551673e-05
        ]
    ],
    "base_poses": [
        [
            [
                0.007446887724613993,
                0.006861057195454379,
                0.0
            ],
            [
                0.0,
                0.0,
                -0.7985173467540789,
                0.601971799117555
            ]
        ],
        [
            [
                -0.771139138874818,
                0.5487553616735787,
                0.0
            ],
            [
                -0.0,
                -0.0,
                0.7661107043915409,
                0.6427086343100559
            ]
        ],
        [
            [
                -0.10036620648510508,
                0.6800999168089452,
                0.0
            ],
            [
                0.0,
                0.0,
                -0.16874832609865456,
                0.9856591715389769
            ]
        ],
        [
            [
                -0.2749155632863902,
                -0.5170707635910985,
                0.0
            ],
            [
                0.0,
                0.0,
                -0.2963887216552443,
                0.9550673932637267
            ]
        ]
    ],
    "difficulty": 0.8251669331327001,
    "dynamic_speed": null
}