{
    "target_eff_poses": [
        [
            [
                -0.3425317704677582,
                0.6353493928909302,
                0.8186980485916138
            ],
            [
                -0.16817781329154968,
                0.1269838809967041,
                0.9029014706611633,
                0.3746468126773834
            ]
        ]
    ],
    "start_goal_config": [
        null
    ],
    "start_config": [
        [
            -3.0384889160250177,
            -2.056531007265886,
            1.8861199608316297,
            -1.2970573640928578,
            -1.6112664361268512,
            1.0971034607598114e-05
        ]
    ],
    "goal_config": [
        [
            -2.8087743222186603,
            -2.1713220911811337,
            1.0990757612143867,
            -1.644690776679069,
            -1.3173524921715145,
            -1.4177454359706346e-05
        ]
    ],
    "base_poses": [
        [
            [
                -0.16913006470093028,
                0.6199327220113995,
                0.0
            ],
            [
                0.0,
                0.0,
                -0.6337941381929837,
                0.7735017714215094
            ]
        ]
    ],
    "difficulty": 0.0
}