{
    "target_eff_poses": [
        [
            [
                -0.9246962666511536,
                -0.17000612616539001,
                0.5217298269271851
            ],
            [
                -0.5305182933807373,
                0.0029336102306842804,
                0.7820746302604675,
                0.3269573450088501
            ]
        ],
        [
            [
                0.019118182361125946,
                0.4436262547969818,
                0.3552400767803192
            ],
            [
                0.1767079085111618,
                0.5919615626335144,
                0.05197962000966072,
                0.7846361398696899
            ]
        ]
    ],
    "start_goal_config": [
        null,
        null
    ],
    "start_config": [
        [
            -4.636363996473289,
            -0.8001057834000904,
            1.2140633172328748,
            -1.8913942927895042,
            -1.9847053999915647,
            2.8062740844626392e-05
        ],
        [
            -2.8035245209169526,
            -2.488428403045882,
            1.6617301462833636,
            -1.2817099079792127,
            -1.4804128917171704,
            -5.824527553594313e-06
        ]
    ],
    "goal_config": [
        [
            -4.516406346775273,
            -1.3502271675568618,
            1.1327806229317134,
            -1.8056911457859164,
            -1.9612608503104902,
            2.8869665374069946e-05
        ],
        [
            -2.092527830673819,
            -1.105741864792818,
            1.1511665856345845,
            -1.8551932234365875,
            -1.214550709603468,
            -1.8735477559913838e-05
        ]
    ],
    "base_poses": [
        [
            [
                -0.3365053707773033,
                -0.35489280926734124,
                0.0
            ],
            [
                -0.0,
                -0.0,
                0.4676816512000946,
                0.8838969810621332
            ]
        ],
        [
            [
                -0.7008749707534666,
                0.44918091192822707,
                0.0
            ],
            [
                -0.0,
                -0.0,
                0.8041738850225825,
                0.5943941139073352
            ]
        ]
    ],
    "difficulty": 0.2943665945640929,
    "dynamic_speed": null
}