{
    "target_eff_poses": [
        [
            [
                0.5469265580177307,
                -0.30648311972618103,
                0.7757293581962585
            ],
            [
                -0.2928347587585449,
                0.0886705219745636,
                0.7663455605506897,
                0.5648892521858215
            ]
        ],
        [
            [
                0.09209325909614563,
                0.2519010603427887,
                0.30954113602638245
            ],
            [
                0.7963305711746216,
                -0.11336784064769745,
                -0.5880380272865295,
                0.08495091646909714
            ]
        ],
        [
            [
                -1.252695918083191,
                0.5936023592948914,
                0.24797271192073822
            ],
            [
                0.6864094138145447,
                0.1582399308681488,
                -0.5892674922943115,
                -0.3956843316555023
            ]
        ],
        [
            [
                -0.26429328322410583,
                0.40408164262771606,
                0.510960578918457
            ],
            [
                -0.47060829401016235,
                0.33675655722618103,
                0.2757195830345154,
                0.7675295472145081
            ]
        ]
    ],
    "start_goal_config": [
        null,
        null,
        null,
        null
    ],
    "start_config": [
        [
            -2.717778891381181,
            -1.7524230794696225,
            1.3780739833288775,
            -1.6127243897658743,
            -1.442627035063143,
            -8.373796987243848e-07
        ],
        [
            -5.326029706242256,
            -0.8613208278539365,
            1.2598687536541906,
            -1.7247938642146263,
            -2.7042065452319197,
            -7.12899340996091e-05
        ],
        [
            -2.558382359282152,
            -2.224900902976999,
            2.035149385537348,
            -1.1686231065439607,
            -1.4552223893023821,
            -4.6264666782961855e-06
        ],
        [
            -3.056294726702633,
            -2.408341474082506,
            1.1488745578884156,
            -1.5574037522298287,
            -2.17292070508881,
            -2.5093498772039117e-05
        ]
    ],
    "goal_config": [
        [
            -3.7995252895264096,
            -2.0285871621435163,
            1.158720298477687,
            -1.649811375677939,
            -1.9120155250392583,
            2.7609646202622664e-05
        ],
        [
            -2.3471521395733355,
            -2.6053002147189193,
            2.212068529868213,
            -0.8791638517056113,
            -1.285914040839842,
            -8.93330353191129e-06
        ],
        [
            -5.157080511846645,
            -0.9295878274516274,
            1.1705411267673482,
            -1.8193245024572366,
            -2.388702001907619,
            3.9858527861162146e-05
        ],
        [
            -3.6284567703989694,
            -2.573696750785666,
            1.8391961195915438,
            -1.1728595904165335,
            -2.1756148376275113,
            7.21119177930807e-09
        ]
    ],
    "base_poses": [
        [
            [
                0.7310940527663787,
                -0.4433210914060315,
                0.0
            ],
            [
                0.0,
                0.0,
                -0.13521188280813246,
                0.9908167069380087
            ]
        ],
        [
            [
                0.14256101069284188,
                0.39769067296273275,
                0.0
            ],
            [
                0.0,
                0.0,
                -0.38591067896813075,
                0.9225361498924345
            ]
        ],
        [
            [
                -0.5651904719131612,
                0.3463973118279666,
                0.0
            ],
            [
                -0.0,
                -0.0,
                0.7348049859681792,
                0.6782784329435101
            ]
        ],
        [
            [
                -0.2460752290782392,
                0.33917183554579466,
                0.0
            ],
            [
                0.0,
                0.0,
                -0.6288562801758544,
                0.7775215616839106
            ]
        ]
    ],
    "difficulty": 0.977710900028214,
    "dynamic_speed": null
}