{
    "target_eff_poses": [
        [
            [
                -0.23966622352600098,
                -0.5541437268257141,
                0.4148254692554474
            ],
            [
                0.16351856291294098,
                0.7186318039894104,
                -0.6595909595489502,
                0.14754542708396912
            ]
        ]
    ],
    "start_goal_config": [
        null
    ],
    "start_config": [
        [
            -3.9667298151886436,
            -0.8627347159466433,
            1.2442833052107507,
            -1.8734067924437405,
            -1.737569916632517,
            1.4671504652766867e-05
        ]
    ],
    "goal_config": [
        [
            -4.123949709298821,
            -2.614833866516277,
            2.1501343660675825,
            -1.019632712949952,
            -2.6977903438962523,
            1.7858308837367075e-05
        ]
    ],
    "base_poses": [
        [
            [
                -0.2311440670147782,
                -0.4814314051977713,
                0.0
            ],
            [
                0.0,
                0.0,
                0.9564971543898961,
                0.29174165565450405
            ]
        ]
    ],
    "difficulty": 0.0,
    "dynamic_speed": null
}