{
    "target_eff_poses": [
        [
            [
                0.9905276894569397,
                -0.6985804438591003,
                0.16090500354766846
            ],
            [
                0.06435160338878632,
                0.7080495953559875,
                -0.20160828530788422,
                0.6737052798271179
            ]
        ],
        [
            [
                -0.9779232740402222,
                0.6734216809272766,
                0.117275170981884
            ],
            [
                0.8715409636497498,
                -0.2779270112514496,
                -0.3252890706062317,
                -0.2394995242357254
            ]
        ],
        [
            [
                -0.8813558220863342,
                -0.2735946476459503,
                0.5857912302017212
            ],
            [
                -0.5709629058837891,
                -0.06425323337316513,
                0.47079670429229736,
                0.6694948673248291
            ]
        ]
    ],
    "start_goal_config": [
        null,
        null,
        null
    ],
    "start_config": [
        [
            -3.947649978892711,
            -2.1066906413981528,
            1.4036687899294074,
            -1.5127985972635623,
            -1.969893178927127,
            3.686637746735744e-05
        ],
        [
            -4.189021291213004,
            -1.7027423772602925,
            2.226317814812385,
            -1.2623463213085528,
            -2.0107122168968927,
            2.20693168444243e-05
        ],
        [
            -3.9076181178331058,
            -2.0398677935713025,
            1.3553867762647012,
            -1.552568011461802,
            -1.9107434267793082,
            3.0257923158581973e-05
        ]
    ],
    "goal_config": [
        [
            -4.084233964489809,
            -0.8753942031539671,
            1.2027739869762357,
            -1.8872210445072632,
            -1.770930790540556,
            1.5602992208240696e-05
        ],
        [
            -4.174932135055209,
            -1.3534971670849572,
            1.9867132632276494,
            -1.4648615053654357,
            -1.8967317927721021,
            2.4744586032158265e-05
        ],
        [
            -5.20115237321043,
            -1.44231073834293,
            1.1801031557547463,
            -1.6553183724731284,
            -2.6407608276255,
            -9.62577602843682e-05
        ]
    ],
    "base_poses": [
        [
            [
                0.2755121955776523,
                -0.5015937330134929,
                0.0
            ],
            [
                0.0,
                0.0,
                0.9608827372942036,
                -0.2769555292280667
            ]
        ],
        [
            [
                -0.6914630466954943,
                0.39345742336216927,
                0.0
            ],
            [
                -0.0,
                -0.0,
                0.044994870505033244,
                0.9989872179503776
            ]
        ],
        [
            [
                -0.5246223257570379,
                -0.6837020735258172,
                0.0
            ],
            [
                -0.0,
                -0.0,
                0.5702648652888672,
                0.8214608836804526
            ]
        ]
    ],
    "difficulty": 0.4603755868544601,
    "dynamic_speed": null
}