{
    "target_eff_poses": [
        [
            [
                -0.3743647038936615,
                -0.09912864863872528,
                0.7280649542808533
            ],
            [
                -0.24235831201076508,
                0.2925947606563568,
                0.9243663549423218,
                0.03460806980729103
            ]
        ],
        [
            [
                0.8804789781570435,
                0.11272912472486496,
                0.10398434102535248
            ],
            [
                0.254007488489151,
                0.8812121152877808,
                -0.06785689294338226,
                0.3928622603416443
            ]
        ]
    ],
    "start_goal_config": [
        null,
        null
    ],
    "start_config": [
        [
            -3.144182811954867,
            -2.4474691260468266,
            1.2554350022660672,
            -1.4940364177107008,
            -2.3546553925152693,
            3.692657887253246e-05
        ],
        [
            -3.2914509260406186,
            -2.2224331485489306,
            1.0465066029171384,
            -1.6592973134388993,
            -1.9187680426534046,
            2.112108704696065e-05
        ]
    ],
    "goal_config": [
        [
            -2.3469311621827984,
            -2.2542418624119613,
            1.371858190645319,
            -1.4797365021508158,
            -0.7291657635666527,
            -3.193202021355851e-05
        ],
        [
            -2.7205034260793615,
            -1.3241859379108782,
            1.977001888008827,
            -1.4729676147303274,
            -1.4611950674548826,
            -2.2717541794616185e-06
        ]
    ],
    "base_poses": [
        [
            [
                -0.14451893663494442,
                -0.06015478955000986,
                0.0
            ],
            [
                0.0,
                0.0,
                -0.7549466064170091,
                0.6557862620240238
            ]
        ],
        [
            [
                0.46997027387444046,
                0.17475801013128556,
                0.0
            ],
            [
                0.0,
                0.0,
                0.9062856331383786,
                0.4226657676781599
            ]
        ]
    ],
    "difficulty": 0.45349383993228626,
    "dynamic_speed": null
}