{
    "target_eff_poses": [
        [
            [
                1.1928356885910034,
                -0.09751006215810776,
                0.16231296956539154
            ],
            [
                0.09773439168930054,
                0.7557207345962524,
                -0.31455689668655396,
                0.5660284161567688
            ]
        ],
        [
            [
                -0.5022116303443909,
                -0.01755174808204174,
                0.36889907717704773
            ],
            [
                -0.7032887935638428,
                0.33387792110443115,
                0.34444013237953186,
                0.5246632099151611
            ]
        ],
        [
            [
                -0.17453554272651672,
                -0.3308771550655365,
                0.28028449416160583
            ],
            [
                -0.34908702969551086,
                0.7646484971046448,
                0.2295582890510559,
                0.4906667470932007
            ]
        ],
        [
            [
                -0.7657514810562134,
                -0.15243180096149445,
                0.6178267598152161
            ],
            [
                -0.30868014693260193,
                0.25052574276924133,
                0.4735167324542999,
                0.785961389541626
            ]
        ]
    ],
    "start_goal_config": [
        null,
        null,
        null,
        null
    ],
    "start_config": [
        [
            -3.8238518195748266,
            -2.028679240920473,
            1.2545622037739308,
            -1.603509252836549,
            -1.889408600386469,
            2.4021718970720588e-05
        ],
        [
            -2.5668441482673297,
            -1.2266582578192218,
            1.1177517689860776,
            -1.8501742738543343,
            -1.3648927502163433,
            -1.0404392551590086e-05
        ],
        [
            -4.685666732678368,
            -1.3248043236270195,
            1.8660577088330732,
            -1.5232084309013887,
            -2.092711469049953,
            2.8318535665330816e-05
        ],
        [
            -2.607496594973104,
            -2.966639180841739,
            2.025163310679051,
            -0.8400816024754608,
            -1.324489336673538,
            3.267592260366307e-14
        ]
    ],
    "goal_config": [
        [
            -4.528136848302192,
            -0.9850161953304899,
            1.367805142341554,
            -1.7915340053887716,
            -1.9494088772190392,
            2.8067507233209012e-05
        ],
        [
            -4.51046001756522,
            -1.9580891705838437,
            1.920269485485447,
            -1.319137681473916,
            -2.117416928640964,
            6.451520968067137e-05
        ],
        [
            -2.6236876044657076,
            -2.6629314834333804,
            2.262630555156825,
            -0.7446418433425648,
            -1.5614713883886,
            -8.338349736960502e-18
        ],
        [
            -3.140020775969371,
            -2.6080422803287284,
            1.5745356704607478,
            -1.290395023767545,
            -1.9175816567927497,
            -3.0200025745409213e-06
        ]
    ],
    "base_poses": [
        [
            [
                0.6152723131093614,
                0.25282894048575755,
                0.0
            ],
            [
                0.0,
                0.0,
                0.9303740157178949,
                -0.3666117713289607
            ]
        ],
        [
            [
                -0.41978301448891586,
                -0.30937814519429385,
                0.0
            ],
            [
                0.0,
                0.0,
                -0.03208372177415293,
                0.9994851848812562
            ]
        ],
        [
            [
                -0.10116927281394861,
                -0.4149574162074947,
                0.0
            ],
            [
                0.0,
                0.0,
                0.9849030663121309,
                -0.1731067588771801
            ]
        ],
        [
            [
                -0.6996780257615498,
                -0.14908813098102747,
                0.0
            ],
            [
                0.0,
                0.0,
                -0.7551991222895661,
                0.655495450551008
            ]
        ]
    ],
    "difficulty": 0.978220052572287,
    "dynamic_speed": null,
    "ur5_count": 4,
    "id": "004736",
    "task_path": "/home/hqh2101/workspace-sharing-multiarm/src/data/8f14d7-hard-vlo-tasks/004736.json"
}