{
    "target_eff_poses": [
        [
            [
                -0.07635153830051422,
                0.23650087416172028,
                0.7600482106208801
            ],
            [
                -0.1319904327392578,
                0.17238877713680267,
                -0.10351699590682983,
                0.9706414937973022
            ]
        ],
        [
            [
                0.20857541263103485,
                -0.5022575855255127,
                0.6298921704292297
            ],
            [
                -0.003101932117715478,
                0.3559672236442566,
                -0.4385327696800232,
                0.8252070546150208
            ]
        ],
        [
            [
                0.16905847191810608,
                0.5149238705635071,
                0.8079549670219421
            ],
            [
                -0.15824614465236664,
                -0.14179635047912598,
                0.9395453929901123,
                -0.2685262858867645
            ]
        ],
        [
            [
                0.05882401019334793,
                -1.0035676956176758,
                0.48931384086608887
            ],
            [
                -0.32216304540634155,
                0.10868918895721436,
                0.845725953578949,
                0.41127273440361023
            ]
        ]
    ],
    "start_goal_config": [
        null,
        null,
        null,
        null
    ],
    "start_config": [
        [
            -3.219453758611543,
            -2.2266370436353675,
            1.2932544551302305,
            -1.5357905141669204,
            -1.6912565112666902,
            -1.104289711678994e-06
        ],
        [
            -3.1323772174379525,
            -2.197314647862254,
            1.2337907925052218,
            -1.572380892202837,
            -1.6262989230157114,
            8.654422584771441e-06
        ],
        [
            -2.3494204132415284,
            -2.93292504331945,
            1.2127599262423292,
            -1.382264579699871,
            -2.8937711841978664,
            -4.766941709811104e-05
        ],
        [
            -1.6343066173745864,
            -2.473615429096681,
            2.4827820438067008,
            -0.8552737461081286,
            -0.14332612164920952,
            -1.2031531637441924e-05
        ]
    ],
    "goal_config": [
        [
            -3.0388805257832807,
            -2.49639719739255,
            1.2675441318013942,
            -1.4749996131981424,
            -2.330535682650288,
            3.092872189006451e-05
        ],
        [
            -3.0655365404178614,
            -2.673958281893246,
            1.5454052314466384,
            -1.2851002974720747,
            -2.0680019247159587,
            2.4769577182654413e-05
        ],
        [
            -3.40422402163671,
            -2.253772365490571,
            1.142398033340844,
            -1.6019945566875038,
            -2.023031688901914,
            -4.975608596718267e-06
        ],
        [
            -2.8640861708355185,
            -3.0882704291644925,
            1.6781188320260598,
            -1.0375975796813968,
            -1.6980477820347992,
            8.0138350953712e-06
        ]
    ],
    "base_poses": [
        [
            [
                0.004350914130835548,
                0.2627060394319627,
                0.0
            ],
            [
                0.0,
                0.0,
                0.9753996244758085,
                -0.22044403501218104
            ]
        ],
        [
            [
                0.2429068732340034,
                -0.5732609676003005,
                0.0
            ],
            [
                0.0,
                0.0,
                0.9616367361160846,
                0.2743260610149969
            ]
        ],
        [
            [
                0.1521381126654896,
                0.5863013249968463,
                0.0
            ],
            [
                -0.0,
                -0.0,
                0.5938341959314807,
                0.8045874394634879
            ]
        ],
        [
            [
                -0.020030427873020784,
                -0.7958023593808723,
                0.0
            ],
            [
                0.0,
                0.0,
                -0.5035908744524422,
                0.8639422614782916
            ]
        ]
    ],
    "difficulty": 0.8665475406752563,
    "dynamic_speed": null,
    "ur5_count": 4,
    "id": "004835",
    "task_path": "/home/hqh2101/workspace-sharing-multiarm/src/data/8f14d7-hard-vlo-tasks/004835.json"
}