{
    "target_eff_poses": [
        [
            [
                -0.16347487270832062,
                -0.17068880796432495,
                0.2109704315662384
            ],
            [
                0.6238098740577698,
                -0.5601576566696167,
                -0.35137149691581726,
                -0.41668054461479187
            ]
        ],
        [
            [
                -0.9971076846122742,
                -0.9518325328826904,
                0.4214576780796051
            ],
            [
                -0.5829363465309143,
                -0.2829839587211609,
                0.7432848811149597,
                -0.166231170296669
            ]
        ],
        [
            [
                0.08377452939748764,
                -0.7300621271133423,
                0.3951028287410736
            ],
            [
                0.7232497930526733,
                -0.0017514044884592295,
                -0.6634385585784912,
                0.1917184740304947
            ]
        ]
    ],
    "start_goal_config": [
        null,
        null,
        null
    ],
    "start_config": [
        [
            -2.978126102221708,
            -2.522494928057185,
            1.4772350872901503,
            -1.3630369815649486,
            -1.5979875509495962,
            2.6593518989934677e-06
        ],
        [
            -2.9554352869504776,
            -1.968826925365349,
            1.8809771997386422,
            -1.32515244751679,
            -1.575099285340953,
            6.556266590515001e-06
        ],
        [
            -2.94822989941287,
            -1.47983316549603,
            1.3806039666276444,
            -1.6768440124768382,
            -1.500234775968684,
            6.626444075642171e-07
        ]
    ],
    "goal_config": [
        [
            -3.6455624883512203,
            -1.4106129119003212,
            1.7801136189556663,
            -1.522409976820549,
            -1.709336240036744,
            -4.235558918157638e-06
        ],
        [
            -4.0452840758767294,
            -1.4426171461246715,
            1.3903125943763286,
            -1.679390248994512,
            -1.8027126208850928,
            1.876507617491539e-05
        ],
        [
            -2.1881071698963206,
            -1.7159757279259966,
            1.6791145870830255,
            -1.4877299747856136,
            -1.2870617142035878,
            -5.704552366352692e-06
        ]
    ],
    "base_poses": [
        [
            [
                -0.08687890026208789,
                -0.6411162769590981,
                0.0
            ],
            [
                0.0,
                0.0,
                -0.5218126597298608,
                0.8530601081668563
            ]
        ],
        [
            [
                -0.6084105790483858,
                -0.5413398598414411,
                0.0
            ],
            [
                -0.0,
                -0.0,
                0.7088276830172681,
                0.7053816809276885
            ]
        ],
        [
            [
                0.44679214039354,
                -0.47472035564491843,
                0.0
            ],
            [
                0.0,
                0.0,
                -0.3309399202993456,
                0.9436518262326751
            ]
        ]
    ],
    "difficulty": 0.8883668483367788,
    "dynamic_speed": null
}