{
    "target_eff_poses": [
        [
            [
                0.7324420809745789,
                -0.2766253352165222,
                0.5361403822898865
            ],
            [
                0.13179275393486023,
                0.5666812658309937,
                -0.5550723075866699,
                0.5944725871086121
            ]
        ],
        [
            [
                0.39924922585487366,
                0.5505390167236328,
                0.47368869185447693
            ],
            [
                -0.18001675605773926,
                0.6347222924232483,
                -0.032139744609594345,
                0.7507920265197754
            ]
        ],
        [
            [
                -0.14714695513248444,
                0.599808931350708,
                0.5327406525611877
            ],
            [
                -0.09549617767333984,
                -0.24969646334648132,
                0.8480993509292603,
                -0.4574490487575531
            ]
        ],
        [
            [
                -0.01032530888915062,
                -0.1966564804315567,
                0.638799250125885
            ],
            [
                -0.5220661163330078,
                0.171257883310318,
                0.14887329936027527,
                0.8221644759178162
            ]
        ]
    ],
    "start_goal_config": [
        null,
        null,
        null,
        null
    ],
    "start_config": [
        [
            -5.096287685427501,
            -1.780998144461309,
            1.469564920303247,
            -1.482863367049257,
            -2.748679576615052,
            -6.013217117832049e-05
        ],
        [
            -2.687063664485709,
            -2.5447993841760534,
            1.4948185830607654,
            -1.347656429322037,
            -0.9437442180326985,
            -1.8867498854247753e-06
        ],
        [
            -3.9394364452106867,
            -1.010306587442247,
            1.332432185540037,
            -1.803991921987316,
            -1.740471301008991,
            1.4627531256869622e-05
        ],
        [
            -3.137802680856668,
            -2.7396670779866295,
            1.9272465931298337,
            -1.0474698536221716,
            -1.8975991418865692,
            1.1119883970068005e-05
        ]
    ],
    "goal_config": [
        [
            -4.679763629401483,
            -1.6041214297721167,
            1.3509354038116377,
            -1.64649361998277,
            -2.0934374629250745,
            3.903014271043038e-05
        ],
        [
            -3.736904145126571,
            -2.2239574813996232,
            1.811732004750572,
            -1.288373277835176,
            -1.889937319837219,
            1.365289896193419e-05
        ],
        [
            -2.6360651340283017,
            -3.0896068054029886,
            1.5943595455327702,
            -1.1051123749559768,
            -2.281618171852566,
            -2.8205205405584653e-05
        ],
        [
            -5.116985997862921,
            -1.6458600919286424,
            1.2668207039265436,
            -1.5992369157295943,
            -2.645464909808234,
            -7.761460058329629e-05
        ]
    ],
    "base_poses": [
        [
            [
                0.42173483534201983,
                0.10682687730383855,
                0.0
            ],
            [
                0.0,
                0.0,
                0.9612538919178197,
                -0.2756645702168568
            ]
        ],
        [
            [
                0.20985168519498587,
                0.4352044651458098,
                0.0
            ],
            [
                0.0,
                0.0,
                0.9153378450367717,
                -0.4026867634321233
            ]
        ],
        [
            [
                -0.1375338578318518,
                0.337235759340508,
                0.0
            ],
            [
                -0.0,
                -0.0,
                0.5624106504034931,
                0.8268580653973933
            ]
        ],
        [
            [
                -0.0764735447656586,
                -0.6356918946157508,
                0.0
            ],
            [
                -0.0,
                -0.0,
                0.13296173384925658,
                0.9911211718714315
            ]
        ]
    ],
    "difficulty": 0.8892128279883382,
    "dynamic_speed": null,
    "ur5_count": 4,
    "id": "004891",
    "task_path": "/home/huy/programming/projects/workspace-sharing-multiarm/src/data/8f14d7-hard-vlo-tasks/004891.json"
}