{
    "target_eff_poses": [
        [
            [
                0.29685071110725403,
                0.37927988171577454,
                0.7517756819725037
            ],
            [
                -0.315650075674057,
                0.14817683398723602,
                0.5945160388946533,
                0.7245407700538635
            ]
        ],
        [
            [
                -0.4240492582321167,
                0.2737499177455902,
                0.548050045967102
            ],
            [
                -0.08176960796117783,
                0.46357813477516174,
                -0.5155432224273682,
                0.7159778475761414
            ]
        ]
    ],
    "start_goal_config": [
        null,
        null
    ],
    "start_config": [
        [
            -3.220329341796779,
            -2.546110682031969,
            1.5151820642539067,
            -1.3391366863198204,
            -1.9831114029625274,
            3.510949767840861e-05
        ],
        [
            -4.805253262051143,
            -2.153727176768181,
            2.060430458823215,
            -1.1955064941049778,
            -2.618895241191435,
            2.0006821522737365e-05
        ]
    ],
    "goal_config": [
        [
            -4.09251905106654,
            -1.9808977279937579,
            1.193449564921959,
            -1.6417620149100922,
            -2.0155901557654445,
            3.490541398817304e-05
        ],
        [
            -3.2311943978312576,
            -2.7870068975830495,
            1.768340777487359,
            -1.1426628177773661,
            -2.369458433977093,
            2.3913653042861743e-05
        ]
    ],
    "base_poses": [
        [
            [
                0.4118425235121761,
                0.14224622214624583,
                0.0
            ],
            [
                0.0,
                0.0,
                -0.18472185916417744,
                0.9827908397756513
            ]
        ],
        [
            [
                -0.37362952137772026,
                0.23164797681524818,
                0.0
            ],
            [
                0.0,
                0.0,
                0.9838575321362456,
                0.17895350362252313
            ]
        ]
    ],
    "difficulty": 0.35709583372519516,
    "dynamic_speed": null
}