{
    "target_eff_poses": [
        [
            [
                -0.5978193283081055,
                0.9565485119819641,
                0.1796305924654007
            ],
            [
                0.7615671753883362,
                -0.38328832387924194,
                -0.48330608010292053,
                -0.19879823923110962
            ]
        ],
        [
            [
                0.6754976511001587,
                -0.4271113872528076,
                0.3335745334625244
            ],
            [
                0.29328399896621704,
                0.7348037958145142,
                -0.2923333942890167,
                0.537204921245575
            ]
        ]
    ],
    "start_goal_config": [
        null,
        null
    ],
    "start_config": [
        [
            -2.0188809544268125,
            -2.1599866577981683,
            1.5986389282331226,
            -1.4009344986915284,
            -0.918414575212827,
            -2.3896909228999934e-05
        ],
        [
            -3.251450080057577,
            -1.750057534626923,
            1.8571867563595408,
            -1.3974152265045903,
            -1.6375016222045156,
            1.068968299919993e-05
        ]
    ],
    "goal_config": [
        [
            -2.8581344196641796,
            -1.3502289272285795,
            1.786560113936416,
            -1.5361134087572776,
            -1.4947566545906403,
            -2.5708546012158954e-07
        ],
        [
            -3.3856336239260463,
            -1.849358685300572,
            1.8887176903812608,
            -1.3555048218303496,
            -1.6893940553464406,
            1.620745022902123e-05
        ]
    ],
    "base_poses": [
        [
            [
                -0.1973788140349244,
                0.6763806674590986,
                0.0
            ],
            [
                0.0,
                0.0,
                -0.5396189679349009,
                0.8419093593997351
            ]
        ],
        [
            [
                0.3899397611145732,
                -0.22984591346968875,
                0.0
            ],
            [
                0.0,
                0.0,
                0.9501654029517502,
                0.3117462221640193
            ]
        ]
    ],
    "difficulty": 0.17852109367659494,
    "dynamic_speed": null
}