{
    "target_eff_poses": [
        [
            [
                -0.5870822668075562,
                0.33310574293136597,
                0.7272186875343323
            ],
            [
                -0.018488679081201553,
                0.3748130202293396,
                -0.6729567646980286,
                0.6374186873435974
            ]
        ],
        [
            [
                -0.4612003564834595,
                0.04193287715315819,
                0.5553179979324341
            ],
            [
                -0.4943593144416809,
                0.1715121567249298,
                0.6731926798820496,
                0.5224978923797607
            ]
        ],
        [
            [
                0.5638129711151123,
                0.5581183433532715,
                0.7132789492607117
            ],
            [
                0.016329646110534668,
                0.005558067001402378,
                -0.6188943386077881,
                0.7852848172187805
            ]
        ],
        [
            [
                -0.4184015095233917,
                -0.1733698546886444,
                0.7462143898010254
            ],
            [
                -0.029864761978387833,
                0.34228843450546265,
                -0.05470302328467369,
                0.9375256299972534
            ]
        ]
    ],
    "start_goal_config": [
        null,
        null,
        null,
        null
    ],
    "start_config": [
        [
            -3.6481714674750862,
            -2.283810046732945,
            1.9673127087796403,
            -1.1889094318309354,
            -1.8930338282286046,
            2.604477705064326e-05
        ],
        [
            -3.194744476117051,
            -2.5972461165337815,
            1.8809767668721327,
            -1.1299758349344364,
            -1.8342993115242663,
            -2.0519971811363735e-10
        ],
        [
            -1.6872290227797764,
            -2.1678058121755766,
            2.0887524050674693,
            -1.1860248653057825,
            -0.7035980555909942,
            -2.013593317033404e-05
        ],
        [
            -4.6337508269809495,
            -0.9351563284844671,
            1.0462549696158334,
            -1.9284911185575158,
            -1.9696266164077052,
            2.6223341604398353e-05
        ]
    ],
    "goal_config": [
        [
            -3.868549221134862,
            -2.2822519080917125,
            1.3831053683900967,
            -1.4730501696227256,
            -2.432615523806403,
            2.9216847429633132e-05
        ],
        [
            -3.363360838733969,
            -2.4930980343002846,
            1.7108994693524133,
            -1.2580355216178034,
            -1.8968792547591327,
            -1.8687257002026652e-07
        ],
        [
            -3.311557038371158,
            -2.7994675148073647,
            1.1398993719800508,
            -1.447543216958791,
            -0.99634472482375,
            3.437234289762504e-05
        ],
        [
            -3.6040231991758387,
            -1.7982468019720297,
            1.0948585972548355,
            -1.7367300383666673,
            -1.716124044546461,
            1.3285250819608653e-05
        ]
    ],
    "base_poses": [
        [
            [
                -0.6616991841371705,
                0.3899834628689347,
                0.0
            ],
            [
                0.0,
                0.0,
                0.9998358314497457,
                0.01811933081533767
            ]
        ],
        [
            [
                -0.36117915082688246,
                0.01198740607274451,
                0.0
            ],
            [
                0.0,
                0.0,
                -0.37658032634069427,
                0.9263839688882446
            ]
        ],
        [
            [
                0.2870156305422067,
                0.3133439072598916,
                0.0
            ],
            [
                -0.0,
                -0.0,
                0.6450597857448741,
                0.7641321042953091
            ]
        ],
        [
            [
                -0.7783106025614885,
                -0.2740877454926812,
                0.0
            ],
            [
                0.0,
                0.0,
                0.9699918069770511,
                -0.24313760383247016
            ]
        ]
    ],
    "difficulty": 0.9433377184739711
}