{
    "target_eff_poses": [
        [
            [
                -0.8068201541900635,
                0.06385243684053421,
                0.5710719227790833
            ],
            [
                -0.5364565849304199,
                0.15566502511501312,
                0.8266807198524475,
                -0.06768814474344254
            ]
        ]
    ],
    "start_goal_config": [
        null
    ],
    "start_config": [
        [
            -3.092651108203902,
            -2.3043170815933576,
            1.0688430163104297,
            -1.6279128145437658,
            -1.7093379302529226,
            8.677769888568004e-06
        ]
    ],
    "goal_config": [
        [
            -2.275121724317965,
            -2.170434189314547,
            1.611393682833881,
            -1.397184955220619,
            -1.2066742674029864,
            -2.2528593459845213e-05
        ]
    ],
    "base_poses": [
        [
            [
                -0.5542984146260527,
                0.17110097692182935,
                0.0
            ],
            [
                0.0,
                0.0,
                -0.5086416795085251,
                0.8609783051080595
            ]
        ]
    ],
    "difficulty": 0.0
}