{
    "target_eff_poses": [
        [
            [
                0.4492538273334503,
                0.741743803024292,
                0.3960393965244293
            ],
            [
                0.028210418298840523,
                0.6191685795783997,
                0.011074147187173367,
                0.7846730351448059
            ]
        ],
        [
            [
                0.0010787489591166377,
                -0.27306556701660156,
                0.09499691426753998
            ],
            [
                0.2794223427772522,
                0.645002007484436,
                -0.2008073776960373,
                0.6823283433914185
            ]
        ],
        [
            [
                0.7684894800186157,
                -0.29621824622154236,
                0.2287265658378601
            ],
            [
                0.5835593342781067,
                0.7354658842086792,
                0.27940523624420166,
                0.20119933784008026
            ]
        ],
        [
            [
                -0.5902583599090576,
                -0.3443104028701782,
                0.13402286171913147
            ],
            [
                0.009672585874795914,
                0.9248220324516296,
                0.268811970949173,
                0.26898106932640076
            ]
        ]
    ],
    "start_goal_config": [
        null,
        null,
        null,
        null
    ],
    "start_config": [
        [
            -3.606696287060874,
            -0.9229439273805448,
            1.1013498659764316,
            -1.9236306484612526,
            -1.6280996081382546,
            5.595343938111344e-06
        ],
        [
            -4.066860932557359,
            -2.3192299045917744,
            2.079557761008561,
            -1.1249554960465133,
            -2.1279246898023034,
            1.4263486980550674e-05
        ],
        [
            -2.969888788475819,
            -2.82532082810778,
            2.1585430307588127,
            -0.7743496524292058,
            -1.854733154542802,
            2.7472899606036867e-06
        ],
        [
            -3.0746501488216924,
            -2.5507411721477813,
            1.765329224890695,
            -1.208977841094498,
            -1.7237037572806695,
            1.4164209289352486e-05
        ]
    ],
    "goal_config": [
        [
            -3.0661810634024818,
            -1.260652846953823,
            1.2441621850122786,
            -1.7880971526354423,
            -1.5111540953793599,
            -2.5646944379989483e-07
        ],
        [
            -2.9561625948166883,
            -0.7193944230407214,
            1.1016302351142615,
            -1.9648214456083093,
            -1.4482078940323173,
            -6.3486508227022915e-06
        ],
        [
            -1.0118242260931398,
            -1.4048248141267574,
            1.9737063060261644,
            -1.2718595453429404,
            0.046650897824285456,
            -2.632702902890554e-05
        ],
        [
            -1.5387529947384722,
            -1.416520517714123,
            2.0872691052215484,
            -1.4509411735564979,
            -0.7752532447874801,
            1.1943087940455222e-06
        ]
    ],
    "base_poses": [
        [
            [
                -0.19814353196327517,
                0.645134051886743,
                0.0
            ],
            [
                0.0,
                0.0,
                0.9985737592179474,
                0.053389581393159434
            ]
        ],
        [
            [
                -0.6779116878833469,
                0.13028005186990532,
                0.0
            ],
            [
                0.0,
                0.0,
                0.9046540106932116,
                0.42614683025535527
            ]
        ],
        [
            [
                0.3847649634424948,
                -0.6532967903209017,
                0.0
            ],
            [
                -0.0,
                -0.0,
                0.6003178078105756,
                0.799761545478091
            ]
        ],
        [
            [
                -0.7166070804059935,
                -0.7506114697943087,
                0.0
            ],
            [
                0.0,
                0.0,
                0.9154761683895166,
                0.4023721972388866
            ]
        ]
    ],
    "difficulty": 0.28434764909423976
}