{
    "target_eff_poses": [
        [
            [
                -0.2215479463338852,
                0.2684950828552246,
                0.539946973323822
            ],
            [
                -0.1345854103565216,
                0.43740609288215637,
                0.2601917088031769,
                0.8502134680747986
            ]
        ],
        [
            [
                -0.1748063713312149,
                0.5449474453926086,
                0.14445585012435913
            ],
            [
                -0.16252738237380981,
                0.88172847032547,
                0.05036105215549469,
                0.44000405073165894
            ]
        ],
        [
            [
                0.48141658306121826,
                0.07202138751745224,
                0.6209803223609924
            ],
            [
                -0.16357243061065674,
                -0.030037323012948036,
                0.9856455326080322,
                0.02906528115272522
            ]
        ]
    ],
    "start_goal_config": [
        null,
        null,
        null
    ],
    "start_config": [
        [
            -3.028962223225114,
            -3.084677863918272,
            1.0006530607425426,
            -1.3863688059158938,
            -1.4569914600301248,
            -6.316481645707349e-18
        ],
        [
            -3.4499060759116342,
            -2.0035952924808367,
            1.3349012680560717,
            -1.5723805165457705,
            -1.7083539254460718,
            1.4536299656006757e-05
        ],
        [
            -3.069946561882859,
            -1.2645851264508516,
            1.435139688190789,
            -1.7032365642472278,
            -1.524510761058123,
            -2.6795359889863064e-07
        ]
    ],
    "goal_config": [
        [
            -2.885595264607623,
            -2.7372747855972754,
            1.716547048471002,
            -1.1701793974214714,
            -1.5723123892823339,
            -6.40169834595517e-08
        ],
        [
            -3.3329365886644826,
            -1.3969598565803478,
            1.9402575947530647,
            -1.4609050184172838,
            -1.639110370993967,
            1.0972985975292872e-05
        ],
        [
            -2.8462551089265666,
            -2.9231947731883783,
            1.3869744980768643,
            -1.2712002545700214,
            -1.7819287158621624,
            1.529956538995037e-05
        ]
    ],
    "base_poses": [
        [
            [
                -0.13302308489386017,
                0.19686766762496843,
                0.0
            ],
            [
                0.0,
                0.0,
                0.9856287371626645,
                -0.1689259970493921
            ]
        ],
        [
            [
                -0.5334863183523565,
                0.33062111349728673,
                0.0
            ],
            [
                0.0,
                0.0,
                0.9704277302925896,
                -0.241391839711232
            ]
        ],
        [
            [
                0.22167292684022466,
                0.11505080371622145,
                0.0
            ],
            [
                0.0,
                0.0,
                -0.07152021674361843,
                0.9974391503229387
            ]
        ]
    ],
    "difficulty": 0.9664252797893351,
    "dynamic_speed": null
}