{
    "target_eff_poses": [
        [
            [
                0.35697826743125916,
                0.26144567131996155,
                0.672065794467926
            ],
            [
                -0.11884606629610062,
                -0.1324124038219452,
                -0.7960219383239746,
                0.5785254836082458
            ]
        ],
        [
            [
                -0.49351388216018677,
                0.25174927711486816,
                0.549142062664032
            ],
            [
                -0.5047470331192017,
                0.08762460201978683,
                0.8321642279624939,
                0.21226218342781067
            ]
        ],
        [
            [
                -0.5364266633987427,
                0.6339929699897766,
                0.4244954586029053
            ],
            [
                -0.3835751712322235,
                -0.551100492477417,
                0.6653451323509216,
                -0.3263039290904999
            ]
        ],
        [
            [
                -1.0170848369598389,
                0.1824287623167038,
                0.5238292813301086
            ],
            [
                -0.476640522480011,
                0.286679744720459,
                0.8289906978607178,
                -0.05833512544631958
            ]
        ]
    ],
    "start_goal_config": [
        null,
        null,
        null,
        null
    ],
    "start_config": [
        [
            -3.4515642848260857,
            -2.524213932311801,
            1.5816328665456845,
            -1.3155651528140133,
            -2.186303781152702,
            2.3611410137071076e-05
        ],
        [
            -2.908834982742592,
            -2.8749917897958843,
            1.6301562797604292,
            -1.163997025456502,
            -1.3377846137309262,
            6.270873340888987e-07
        ],
        [
            -4.82313877273526,
            -1.971376637477182,
            2.0230437102358847,
            -1.271460579653817,
            -2.3642027348554744,
            1.941994677988414e-05
        ],
        [
            -2.91201314756839,
            -2.867180698246459,
            1.6248379422730774,
            -1.1697914951001718,
            -1.4061079580919809,
            -1.291907871396014e-05
        ]
    ],
    "goal_config": [
        [
            -2.8354766606387294,
            -2.9223511881960493,
            0.9262309493840959,
            -1.5032318595472527,
            -1.7817017531425239,
            -1.3139994717959971e-05
        ],
        [
            -3.5548295950345477,
            -1.4377291300728394,
            1.1592797162946733,
            -1.7874290342453516,
            -1.6486580083964772,
            4.651603379044638e-06
        ],
        [
            -3.5427263960461803,
            -2.6132593297497917,
            2.0026580730570402,
            -1.0586643704514147,
            -2.0775853058918767,
            1.2709858191724874e-05
        ],
        [
            -1.6027257124100225,
            -1.3866163086555052,
            1.1834196125150873,
            -1.7587734089306992,
            -0.9590626090191694,
            3.2290722383728306e-05
        ]
    ],
    "base_poses": [
        [
            [
                0.225042321526852,
                -0.21828377380751884,
                0.0
            ],
            [
                -0.0,
                -0.0,
                0.5487462952127748,
                0.8359889374209769
            ]
        ],
        [
            [
                0.0747539184288426,
                0.10540898024068712,
                0.0
            ],
            [
                0.0,
                0.0,
                -0.004196410729350641,
                0.9999911950297315
            ]
        ],
        [
            [
                -0.5729047884032742,
                0.6999671501494011,
                0.0
            ],
            [
                -0.0,
                -0.0,
                0.7894590084464361,
                0.6138032860638415
            ]
        ],
        [
            [
                -0.4078590416321639,
                0.07832358214354795,
                0.0
            ],
            [
                0.0,
                0.0,
                -0.8441826584060356,
                0.536055630738563
            ]
        ]
    ],
    "difficulty": 0.9059531646760086,
    "dynamic_speed": null
}