{
    "target_eff_poses": [
        [
            [
                0.5756588578224182,
                0.583554208278656,
                0.587424635887146
            ],
            [
                0.20740190148353577,
                0.2261345088481903,
                -0.3655509650707245,
                0.878760576248169
            ]
        ],
        [
            [
                -0.5668283700942993,
                -0.5375465154647827,
                0.08599619567394257
            ],
            [
                0.6670408844947815,
                0.6495004296302795,
                -0.29054710268974304,
                0.22088021039962769
            ]
        ]
    ],
    "start_goal_config": [
        null,
        null
    ],
    "start_config": [
        [
            -1.9132760344911302,
            -1.5678741260966191,
            2.454403224458469,
            -1.3269899639391378,
            -0.8188293294055279,
            -1.5231570392601241e-05
        ],
        [
            -2.1841262443812997,
            -2.2598383908919066,
            1.6013542867447057,
            -1.3754260089004928,
            -0.9764807562959222,
            -2.450186385476478e-05
        ]
    ],
    "goal_config": [
        [
            -2.966243999557958,
            -2.871242343976412,
            1.5579825108413434,
            -1.2045747838443384,
            -1.2227552490172764,
            -2.7087927127728847e-05
        ],
        [
            -3.5103761760160843,
            -1.3061306054477035,
            2.018009471292989,
            -1.459084683000601,
            -1.692846862164068,
            1.3719984767573822e-05
        ]
    ],
    "base_poses": [
        [
            [
                0.5017221043473852,
                0.37819437467931416,
                0.0
            ],
            [
                -0.0,
                -0.0,
                0.7924939149273944,
                0.6098798199670586
            ]
        ],
        [
            [
                -0.603149237466395,
                -0.15006336161514988,
                0.0
            ],
            [
                -0.0,
                -0.0,
                0.7804874060389104,
                0.6251715036809123
            ]
        ]
    ],
    "difficulty": 0.10843600112856203,
    "dynamic_speed": null
}