{
    "target_eff_poses": [
        [
            [
                0.643999457359314,
                -0.27405476570129395,
                0.21311292052268982
            ],
            [
                0.38027137517929077,
                0.8030905723571777,
                -0.23711121082305908,
                0.39270541071891785
            ]
        ]
    ],
    "start_goal_config": [
        null
    ],
    "start_config": [
        [
            -5.260338235759598,
            -1.7512628497065421,
            1.9033003973518667,
            -1.2979052150661041,
            -2.880980161967997,
            2.348991862998298e-05
        ]
    ],
    "goal_config": [
        [
            -3.291606195011459,
            -1.7212511673090514,
            2.075291560832021,
            -1.307183068889306,
            -1.6717540069903984,
            1.6506999847532304e-05
        ]
    ],
    "base_poses": [
        [
            [
                0.39460753636513446,
                -0.07167185301148926,
                0.0
            ],
            [
                0.0,
                0.0,
                0.9140245359687978,
                0.40565890554383705
            ]
        ]
    ],
    "difficulty": 0.0,
    "dynamic_speed": null
}