{
    "target_eff_poses": [
        [
            [
                -0.3633614182472229,
                0.24698106944561005,
                0.5955974459648132
            ],
            [
                -0.208701953291893,
                0.4756390154361725,
                0.08527649194002151,
                0.8502581715583801
            ]
        ],
        [
            [
                0.33021074533462524,
                -0.45152825117111206,
                0.2799215018749237
            ],
            [
                0.07722065597772598,
                0.7382788062095642,
                0.2219880372285843,
                0.6322205066680908
            ]
        ]
    ],
    "start_goal_config": [
        null,
        null
    ],
    "start_config": [
        [
            -5.227941889805428,
            -1.2575138518776685,
            1.9739334284577659,
            -1.4698563412242056,
            -2.673135588183342,
            2.295669948988937e-05
        ],
        [
            -4.024538371077741,
            -1.178520912446597,
            1.446715160966196,
            -1.717391603368542,
            -1.7806209939756064,
            1.727623477405053e-05
        ]
    ],
    "goal_config": [
        [
            -3.6624711051323575,
            -2.2394793811892555,
            1.5837672433298122,
            -1.3935450970829044,
            -1.8843353891872356,
            2.763375304870476e-05
        ],
        [
            -1.8404391441622838,
            -1.2491315493189978,
            1.4698652769805705,
            -1.6893045446610488,
            -1.1289059464489564,
            -2.2182448403177462e-05
        ]
    ],
    "base_poses": [
        [
            [
                -0.4935280385369065,
                0.09429809471398287,
                0.0
            ],
            [
                0.0,
                0.0,
                0.8692182995565955,
                -0.4944285061724705
            ]
        ],
        [
            [
                -0.214684879155443,
                -0.7504279791214152,
                0.0
            ],
            [
                -0.0,
                -0.0,
                0.8608508631361642,
                0.5088573389838463
            ]
        ]
    ],
    "difficulty": 0.2914162283996995
}