{
    "target_eff_poses": [
        [
            [
                0.2666689455509186,
                0.7272433638572693,
                0.40533921122550964
            ],
            [
                0.06865981966257095,
                0.6966781616210938,
                -0.5042827725410461,
                0.5055930018424988
            ]
        ]
    ],
    "start_goal_config": [
        null
    ],
    "start_config": [
        [
            -2.9594068788102144,
            -2.296768793186823,
            2.0645258227569303,
            -1.1215578360124805,
            -1.6419255618518722,
            4.347466259108224e-06
        ]
    ],
    "goal_config": [
        [
            -3.71963215888087,
            -2.651200378576259,
            2.0719314568220373,
            -1.011371382737566,
            -2.2566612021008052,
            1.2328928422681578e-05
        ]
    ],
    "base_poses": [
        [
            [
                0.21421012183779098,
                0.7487970446167143,
                0.0
            ],
            [
                0.0,
                0.0,
                0.9884484310683084,
                0.15155757690923824
            ]
        ]
    ],
    "difficulty": 0.0,
    "dynamic_speed": null
}