{
    "target_eff_poses": [
        [
            [
                -0.1021820530295372,
                -0.9408341646194458,
                0.5246070623397827
            ],
            [
                -0.4513661861419678,
                -0.39485394954681396,
                0.7669915556907654,
                -0.22821642458438873
            ]
        ],
        [
            [
                -1.1889121532440186,
                -0.8376628160476685,
                0.1869688630104065
            ],
            [
                0.7464592456817627,
                -0.41430097818374634,
                -0.39171573519706726,
                0.34309178590774536
            ]
        ],
        [
            [
                0.13579370081424713,
                -0.23946648836135864,
                0.40450775623321533
            ],
            [
                0.05577339977025986,
                0.7026153206825256,
                0.014768374152481556,
                0.7092270851135254
            ]
        ]
    ],
    "start_goal_config": [
        null,
        null,
        null
    ],
    "start_config": [
        [
            -4.637931633169701,
            -2.066065784318376,
            1.6247918304337505,
            -1.4141232820407454,
            -2.327647309860878,
            4.2042970857431034e-17
        ],
        [
            -2.798896887174768,
            -2.854353257918727,
            1.1821653218809123,
            -1.400434810403088,
            -1.830686707821287,
            -1.3491182344967049e-05
        ],
        [
            -5.135106720957398,
            -1.7677177957011563,
            1.7924191553421167,
            -1.3913118473425008,
            -2.5659186218296783,
            2.639933138784769e-07
        ]
    ],
    "goal_config": [
        [
            -4.464291280882655,
            -1.692667741282229,
            1.4336395833977262,
            -1.5962927919280634,
            -2.000316340723196,
            3.816361355564321e-05
        ],
        [
            -1.0695277664203482,
            -1.0591915278939494,
            1.5659687319616233,
            -1.6021443082966327,
            -0.34478933161886643,
            -3.130731174336112e-05
        ],
        [
            -2.744914705366547,
            -1.6755475117029965,
            1.6209226476453549,
            -1.5226139380564412,
            -1.4707625492365148,
            1.9237137174254054e-06
        ]
    ],
    "base_poses": [
        [
            [
                0.09221642099913863,
                -0.5296110401105807,
                0.0
            ],
            [
                0.0,
                0.0,
                0.9189175508360627,
                0.3944496606228125
            ]
        ],
        [
            [
                -0.6365531350745202,
                -0.481585696311271,
                0.0
            ],
            [
                0.0,
                0.0,
                -0.8014539846741127,
                0.5980564442007017
            ]
        ],
        [
            [
                -0.31328768390668404,
                -0.3355553167272463,
                0.0
            ],
            [
                0.0,
                0.0,
                0.9742254595187891,
                0.22557649262590318
            ]
        ]
    ],
    "difficulty": 0.9171052631578948,
    "dynamic_speed": null
}