{
    "target_eff_poses": [
        [
            [
                0.49778953194618225,
                -0.12385237216949463,
                0.10869945585727692
            ],
            [
                0.8336911797523499,
                0.24443700909614563,
                -0.3589994013309479,
                0.34107041358947754
            ]
        ],
        [
            [
                -0.9185483455657959,
                0.2471551150083542,
                0.6952195167541504
            ],
            [
                -0.4570598900318146,
                -0.11805884540081024,
                0.6733901500701904,
                0.5689500570297241
            ]
        ],
        [
            [
                0.016159720718860626,
                0.408535361289978,
                0.7184123396873474
            ],
            [
                -0.2503150701522827,
                -0.17745208740234375,
                0.8934312462806702,
                -0.3280758857727051
            ]
        ],
        [
            [
                -0.24046094715595245,
                0.4465683102607727,
                0.7754861116409302
            ],
            [
                -0.09061487764120102,
                0.2870711386203766,
                -0.17996105551719666,
                0.9364791512489319
            ]
        ]
    ],
    "start_goal_config": [
        null,
        null,
        null,
        null
    ],
    "start_config": [
        [
            -1.4227274587502714,
            -1.6463089340284762,
            1.7666686417628683,
            -1.4570042425010328,
            -0.7612264037113088,
            -2.557695325411711e-05
        ],
        [
            -2.7723315242755113,
            -2.605989116305437,
            1.0424936551850135,
            -1.5558578310332585,
            -1.8981905980381457,
            1.8152445487266898e-17
        ],
        [
            -3.3275318868549104,
            -0.9116934270021912,
            1.3597194700645607,
            -1.815753447068619,
            -1.5700011740196087,
            2.625673787220125e-06
        ],
        [
            -3.7618525869667914,
            -1.2266617909338677,
            1.1935578046490145,
            -1.8173069874991856,
            -1.6923946494615354,
            -6.561186750365306e-07
        ]
    ],
    "goal_config": [
        [
            -1.8124114314895443,
            -1.140337845951753,
            1.7325834820869752,
            -1.6283438831869972,
            -1.0962086552720156,
            -1.0461925737102432e-06
        ],
        [
            -4.605615566416848,
            -2.0229358990331296,
            1.3841702754863994,
            -1.5195469012536338,
            -2.5251119714641033,
            3.101469405035514e-05
        ],
        [
            -3.2017198427364857,
            -2.4113701435117134,
            1.3511786002929618,
            -1.4576717545204416,
            -1.8355600785169395,
            1.7759963296876401e-06
        ],
        [
            -3.8465496262321546,
            -2.1271277368017976,
            1.2007653759802077,
            -1.603671678911622,
            -2.0664218991229846,
            1.4116984918000915e-05
        ]
    ],
    "base_poses": [
        [
            [
                0.6156551896277105,
                0.4150975125414671,
                0.0
            ],
            [
                0.0,
                0.0,
                -0.14161413847770027,
                0.9899219341863371
            ]
        ],
        [
            [
                -0.692256860698557,
                0.14161685085675035,
                0.0
            ],
            [
                -0.0,
                -0.0,
                0.4861212773376908,
                0.8738913569314963
            ]
        ],
        [
            [
                -0.027524869704530053,
                0.4776170037841794,
                0.0
            ],
            [
                -0.0,
                -0.0,
                0.4919850629048993,
                0.8706036399409678
            ]
        ],
        [
            [
                -0.3931031028709539,
                0.38114981611581755,
                0.0
            ],
            [
                0.0,
                0.0,
                0.9169453685101007,
                -0.39901277068268837
            ]
        ]
    ],
    "difficulty": 0.9574408117249155,
    "dynamic_speed": null
}