{
    "target_eff_poses": [
        [
            [
                -1.1988414525985718,
                -0.8555468916893005,
                0.48403865098953247
            ],
            [
                -0.5603025555610657,
                -0.05711272731423378,
                0.8155439496040344,
                -0.1329934298992157
            ]
        ],
        [
            [
                -0.26234978437423706,
                0.3401847183704376,
                0.1560329645872116
            ],
            [
                0.9137052297592163,
                -0.1370892971754074,
                -0.26059865951538086,
                -0.28006717562675476
            ]
        ],
        [
            [
                0.11466891318559647,
                -0.1857767552137375,
                0.5131080150604248
            ],
            [
                -0.6194446086883545,
                0.06757505238056183,
                0.7286588549613953,
                -0.28421518206596375
            ]
        ],
        [
            [
                0.4513700604438782,
                -0.1817670464515686,
                0.5709729194641113
            ],
            [
                -0.2580714523792267,
                0.49003398418426514,
                0.025408556684851646,
                0.8322380781173706
            ]
        ]
    ],
    "start_goal_config": [
        null,
        null,
        null,
        null
    ],
    "start_config": [
        [
            -3.1773466878902075,
            -2.6683354381103914,
            1.7199335707536054,
            -1.1969460419667453,
            -1.9471501491156344,
            2.8739415802565807e-05
        ],
        [
            -4.89345888897603,
            -2.052298882054093,
            2.449502972669094,
            -0.9745790327155738,
            -3.0152235781652035,
            8.029835699228973e-17
        ],
        [
            -3.512207454395401,
            -2.284856378264106,
            1.4715225780637065,
            -1.4345713471637864,
            -1.870294462890759,
            7.353959042267104e-06
        ],
        [
            -4.63521783992757,
            -1.5458061143560646,
            1.1208168109207317,
            -1.7618010933554076,
            -2.071469972023911,
            -1.695229406234758e-05
        ]
    ],
    "goal_config": [
        [
            -3.0521944109902783,
            -1.3721545094262482,
            1.2071871831954695,
            -1.7801033511110695,
            -1.510727402181185,
            3.4452165293392146e-07
        ],
        [
            -4.7740419471271816,
            -1.53102997660569,
            2.123237993639632,
            -1.3773147254252605,
            -2.243241937930731,
            2.517369113565656e-05
        ],
        [
            -1.8557443438927952,
            -1.7621741556068906,
            1.509866938416837,
            -1.5438292421068796,
            -1.0902324443435816,
            -1.248276476519832e-05
        ],
        [
            -4.4996970961525555,
            -1.7018475924111138,
            1.35967438126387,
            -1.62547568976541,
            -2.0250192997587777,
            3.2610942348417724e-05
        ]
    ],
    "base_poses": [
        [
            [
                -0.6438259211882853,
                -0.5848518499538932,
                0.0
            ],
            [
                -0.0,
                -0.0,
                0.08680743427231655,
                0.9962251097794401
            ]
        ],
        [
            [
                -0.04849648060660883,
                0.07779418034301,
                0.0
            ],
            [
                -0.0,
                -0.0,
                0.3250646064892251,
                0.9456918111139618
            ]
        ],
        [
            [
                0.47327191483149167,
                0.08614488232541684,
                0.0
            ],
            [
                0.0,
                0.0,
                -0.48931923940678973,
                0.8721047425317447
            ]
        ],
        [
            [
                0.08859632769403714,
                -0.44709862837030806,
                0.0
            ],
            [
                0.0,
                0.0,
                -0.5924543831254593,
                0.8056039994410601
            ]
        ]
    ],
    "difficulty": 0.793661243299163,
    "dynamic_speed": null,
    "ur5_count": 4,
    "id": "005020",
    "task_path": "/home/hqh2101/workspace-sharing-multiarm/src/data/8f14d7-hard-vlo-tasks/005020.json"
}