{
    "target_eff_poses": [
        [
            [
                -1.3433681726455688,
                -0.1267910748720169,
                0.24726401269435883
            ],
            [
                0.7503982782363892,
                -0.25715065002441406,
                -0.5414403080940247,
                0.2786007821559906
            ]
        ],
        [
            [
                -0.4000502824783325,
                0.4735199213027954,
                0.493640661239624
            ],
            [
                -0.3061661720275879,
                -0.6342872381210327,
                0.703787624835968,
                -0.09287082403898239
            ]
        ],
        [
            [
                0.4002828896045685,
                0.012807078659534454,
                0.6999309659004211
            ],
            [
                -0.23799893260002136,
                -0.22477157413959503,
                0.9361941814422607,
                -0.12796401977539062
            ]
        ]
    ],
    "start_goal_config": [
        null,
        null,
        null
    ],
    "start_config": [
        [
            -2.722368699226111,
            -2.7352655118597724,
            1.2617209612495772,
            -1.4037141623906733,
            -2.0379521327100156,
            3.447473744533814e-05
        ],
        [
            -4.337251019757704,
            -2.2985254680447826,
            1.7756581589651237,
            -1.2892598089937715,
            -2.416382130244914,
            3.074303838641871e-05
        ],
        [
            -2.9258174983954186,
            -2.9263531443611353,
            1.5610221921023784,
            -1.1801344558226297,
            -1.5923401292612784,
            8.103370469570911e-07
        ]
    ],
    "goal_config": [
        [
            -1.3383503070745495,
            -1.2181258785025662,
            1.5539477493074247,
            -1.64518374294403,
            -0.7654337701487971,
            -2.5909682151777707e-05
        ],
        [
            -4.953270964899022,
            -1.9725894825185517,
            1.7569669826606629,
            -1.3630293070328328,
            -2.5606856005035468,
            3.3617546298220765e-05
        ],
        [
            -3.29629768028151,
            -2.4910139293266575,
            1.419220098079073,
            -1.4027607581181443,
            -2.191805614516787,
            2.9312970844981444e-05
        ]
    ],
    "base_poses": [
        [
            [
                -0.7935543131482954,
                0.15857415324721413,
                0.0
            ],
            [
                0.0,
                0.0,
                -0.7373172178185923,
                0.6755466825529162
            ]
        ],
        [
            [
                -0.3027509348491322,
                0.7701393893895441,
                0.0
            ],
            [
                0.0,
                0.0,
                0.9992472614373482,
                0.03879317607466308
            ]
        ],
        [
            [
                0.3686335622654131,
                0.026932633705658682,
                0.0
            ],
            [
                -0.0,
                -0.0,
                0.5000918283648885,
                0.8659723801615516
            ]
        ]
    ],
    "difficulty": 0.49638327853452324,
    "dynamic_speed": null,
    "ur5_count": 3,
    "id": "005099",
    "task_path": "/home/huy/programming/projects/workspace-sharing-multiarm/src/data/8f14d7-hard-vlo-tasks/005099.json"
}