{
    "target_eff_poses": [
        [
            [
                0.21901823580265045,
                0.018015481531620026,
                0.4215547442436218
            ],
            [
                -0.40755796432495117,
                0.27334561944007874,
                0.0011270259274169803,
                0.871307909488678
            ]
        ],
        [
            [
                0.5363938212394714,
                1.1659053564071655,
                0.09673766046762466
            ],
            [
                0.6667249798774719,
                -0.6479015946388245,
                -0.24418732523918152,
                -0.27581483125686646
            ]
        ]
    ],
    "start_goal_config": [
        null,
        null
    ],
    "start_config": [
        [
            -2.444259887927064,
            -2.4191347852581435,
            2.252464767009992,
            -0.9308326051595369,
            -1.4075224835119096,
            -2.4382394563414976e-14
        ],
        [
            -2.5144943019258927,
            -2.900071915806982,
            1.114570637365569,
            -1.4158127520860935,
            -2.241788057937841,
            -3.576637840238578e-05
        ]
    ],
    "goal_config": [
        [
            -2.9694365176101307,
            -3.210641893388061,
            1.9401071388794666,
            -0.845172436472476,
            -2.5495225389383904,
            2.165633822868221e-05
        ],
        [
            -3.3320152374295793,
            -1.3446857540439505,
            2.03193887908152,
            -1.441775556768572,
            -1.6458505535085013,
            9.962281167556916e-06
        ]
    ],
    "base_poses": [
        [
            [
                0.32538559618147334,
                0.1747599459721425,
                0.0
            ],
            [
                0.0,
                0.0,
                0.9192670359054901,
                -0.39363449632563247
            ]
        ],
        [
            [
                0.6185740935880684,
                0.7928256238193996,
                0.0
            ],
            [
                0.0,
                0.0,
                -0.6544042517810711,
                0.7561448771570541
            ]
        ]
    ],
    "difficulty": 0.4340261450202201,
    "dynamic_speed": null
}