{
    "target_eff_poses": [
        [
            [
                -0.38065680861473083,
                -0.4726850390434265,
                0.28520071506500244
            ],
            [
                -0.6307628750801086,
                -0.25867703557014465,
                0.7288832068443298,
                0.06287844479084015
            ]
        ]
    ],
    "start_goal_config": [
        null
    ],
    "start_config": [
        [
            -2.7832333789878967,
            -2.6957179636868767,
            1.3058531049407127,
            -1.3951467082332036,
            -2.056483768536042,
            3.674555707522949e-05
        ]
    ],
    "goal_config": [
        [
            -4.7390579100504215,
            -1.0679901482551701,
            1.2414979332627063,
            -1.8147937678998245,
            -2.0460367619987387,
            3.584926088316628e-05
        ]
    ],
    "base_poses": [
        [
            [
                0.26659838956407556,
                -0.2181792899860705,
                0.0
            ],
            [
                -0.0,
                -0.0,
                0.8135979625202632,
                0.5814278591389271
            ]
        ]
    ],
    "difficulty": 0.0,
    "dynamic_speed": null,
    "ur5_count": 1,
    "id": "005009",
    "task_path": "/home/hqh2101/workspace-sharing-multiarm/src/data/8f14d7-hard-vlo-tasks/005009.json"
}