{
    "target_eff_poses": [
        [
            [
                0.36781349778175354,
                0.43282586336135864,
                0.2946162819862366
            ],
            [
                0.1635807752609253,
                0.7337825298309326,
                -0.3257419764995575,
                0.573320746421814
            ]
        ]
    ],
    "start_goal_config": [
        null
    ],
    "start_config": [
        [
            -3.6292802072394315,
            -2.253134361595781,
            1.6348431871572713,
            -1.3653650111503963,
            -1.86951991307819,
            2.9148360205980995e-05
        ]
    ],
    "goal_config": [
        [
            -4.242566117073121,
            -1.3587165444101026,
            1.5496623796721207,
            -1.6309684628382808,
            -1.8681351463879117,
            3.0480379092072017e-05
        ]
    ],
    "base_poses": [
        [
            [
                -0.08917333042834696,
                0.750872546317457,
                0.0
            ],
            [
                0.0,
                0.0,
                0.9833951337469596,
                -0.1814773013982724
            ]
        ]
    ],
    "difficulty": 0.0,
    "dynamic_speed": null,
    "ur5_count": 1,
    "id": "005021",
    "task_path": "/home/huy/programming/projects/workspace-sharing-multiarm/src/data/8f14d7-hard-vlo-tasks/005021.json"
}