{
    "target_eff_poses": [
        [
            [
                0.6151866316795349,
                0.06888657808303833,
                0.4051559269428253
            ],
            [
                0.6403825283050537,
                0.2595471441745758,
                -0.5949485301971436,
                0.41058725118637085
            ]
        ]
    ],
    "start_goal_config": [
        null
    ],
    "start_config": [
        [
            -2.899527888691031,
            -2.5129954042010745,
            1.9368605920170137,
            -1.1237740124900892,
            -1.624838034636136,
            4.205032210951138e-06
        ]
    ],
    "goal_config": [
        [
            -2.486537128529043,
            -2.5600889135062785,
            2.0100090923933833,
            -1.0658196159196374,
            -1.3517970795656338,
            -1.1558593243557438e-05
        ]
    ],
    "base_poses": [
        [
            [
                0.5440766513465116,
                0.21081228394994023,
                0.0
            ],
            [
                -0.0,
                -0.0,
                0.16625752409142594,
                0.9860823675956227
            ]
        ]
    ],
    "difficulty": 0.0
}