{
    "target_eff_poses": [
        [
            [
                0.16681161522865295,
                0.1594790667295456,
                0.4729751646518707
            ],
            [
                0.08481456339359283,
                0.7501577734947205,
                0.6015180945396423,
                0.26123881340026855
            ]
        ],
        [
            [
                -0.03895312920212746,
                -1.0889157056808472,
                0.2811031639575958
            ],
            [
                0.7486366629600525,
                0.010803529061377048,
                -0.6329954862594604,
                0.19683261215686798
            ]
        ]
    ],
    "start_goal_config": [
        null,
        null
    ],
    "start_config": [
        [
            -2.867105797278446,
            -2.8833936225361576,
            1.6342172818401708,
            -1.1703897916077446,
            -2.2240266815931733,
            -6.333614960760058e-09
        ],
        [
            -4.972432754321903,
            -0.8134657240460774,
            1.2511173414676233,
            -1.8546337795047865,
            -2.2088165904572596,
            3.2312885810936976e-05
        ]
    ],
    "goal_config": [
        [
            -1.2816296065497559,
            -1.6916324851621947,
            1.658901356531824,
            -1.3977890668106514,
            -0.2971347930426531,
            4.698707735217372e-05
        ],
        [
            -2.2163219208031113,
            -1.3011905456613169,
            1.5130288522254027,
            -1.6611826534082952,
            -1.2837527560634123,
            -1.783863907615747e-05
        ]
    ],
    "base_poses": [
        [
            [
                0.15502273948412315,
                -0.32896852952142874,
                0.0
            ],
            [
                0.0,
                0.0,
                0.9188149303789785,
                0.3946886414791698
            ]
        ],
        [
            [
                0.46275578971848996,
                -0.7713876032377128,
                0.0
            ],
            [
                0.0,
                0.0,
                -0.2999983278682403,
                0.9539397272764458
            ]
        ]
    ],
    "difficulty": 0.5445311765259099
}