{
    "target_eff_poses": [
        [
            [
                -0.5738441944122314,
                -1.0666017532348633,
                0.3935525715351105
            ],
            [
                0.3309410810470581,
                0.7121695280075073,
                -0.6018857955932617,
                0.14500348269939423
            ]
        ]
    ],
    "start_goal_config": [
        null
    ],
    "start_config": [
        [
            -3.482603121434911,
            -2.2782747092730316,
            1.7774972411691572,
            -1.2880295156421373,
            -1.8108860306150798,
            2.2961635180973627e-05
        ]
    ],
    "goal_config": [
        [
            -4.905612287511127,
            -1.9988089368987567,
            1.9517181034598587,
            -1.2881002983394612,
            -2.4701728785228747,
            2.1501059145198514e-05
        ]
    ],
    "base_poses": [
        [
            [
                -0.5241382390606604,
                -0.782249384787693,
                0.0
            ],
            [
                0.0,
                0.0,
                0.999996409956866,
                0.0026795658938681553
            ]
        ]
    ],
    "difficulty": 0.0,
    "dynamic_speed": null
}