{
    "target_eff_poses": [
        [
            [
                0.20805202424526215,
                1.0978692770004272,
                0.3061245381832123
            ],
            [
                -0.27818065881729126,
                0.7702521085739136,
                0.3114992082118988,
                0.4819703698158264
            ]
        ],
        [
            [
                0.3306388854980469,
                0.08857869356870651,
                0.6657940745353699
            ],
            [
                0.010031083598732948,
                0.3311382830142975,
                -0.5115758776664734,
                0.7928032279014587
            ]
        ],
        [
            [
                0.1464262157678604,
                -0.21987541019916534,
                0.32849815487861633
            ],
            [
                0.10794052481651306,
                0.6988237500190735,
                -0.22555918991565704,
                0.6701620221138
            ]
        ]
    ],
    "start_goal_config": [
        null,
        null,
        null
    ],
    "start_config": [
        [
            -2.8511704489268435,
            -1.6642628124259091,
            1.4008700912145837,
            -1.6238721677911145,
            -1.4832702159535605,
            9.872181028684848e-07
        ],
        [
            -3.185078051723823,
            -2.6355202504980997,
            1.9256633813746666,
            -1.0887188007912811,
            -1.8522988063666284,
            1.2096133558763101e-05
        ],
        [
            -2.4716055373333843,
            -2.6033648463874592,
            2.1178367100469746,
            -0.9644029751353704,
            -1.374669301525364,
            -6.582801936944342e-06
        ]
    ],
    "goal_config": [
        [
            -2.302920259748822,
            -1.8747535273579619,
            1.9697130757920474,
            -1.3174042482472985,
            -1.3436055626178252,
            -9.088485715471482e-06
        ],
        [
            -3.1202799891381154,
            -2.601511640163848,
            1.4770967729089155,
            -1.3418355421930026,
            -2.113560929313623,
            1.7400728195313572e-06
        ],
        [
            -3.867086124771356,
            -1.3261463273340899,
            1.4408891682554195,
            -1.6855231787261307,
            -1.7422116991183367,
            1.6963183489176903e-05
        ]
    ],
    "base_poses": [
        [
            [
                0.13109557122606397,
                0.7681286715733031,
                0.0
            ],
            [
                0.0,
                0.0,
                0.9991663910362696,
                -0.040823069746852084
            ]
        ],
        [
            [
                0.3472530057830263,
                0.02612099259676004,
                0.0
            ],
            [
                0.0,
                0.0,
                0.951623263537153,
                0.30726725223313045
            ]
        ],
        [
            [
                -0.41504123122227893,
                -0.027017199246206602,
                0.0
            ],
            [
                0.0,
                0.0,
                0.9923467859027522,
                -0.123482211303804
            ]
        ]
    ],
    "difficulty": 0.3728882556482801
}