{
    "target_eff_poses": [
        [
            [
                -1.0493870973587036,
                -0.07912677526473999,
                0.32737794518470764
            ],
            [
                -0.5913865566253662,
                -0.1337125599384308,
                0.793748676776886,
                0.048434365540742874
            ]
        ],
        [
            [
                0.6117287874221802,
                0.4769695997238159,
                0.3143545091152191
            ],
            [
                -0.303964763879776,
                0.595408022403717,
                -0.13389702141284943,
                0.7315505743026733
            ]
        ]
    ],
    "start_goal_config": [
        null,
        null
    ],
    "start_config": [
        [
            -2.4410008772714393,
            -2.251246529533221,
            1.3727790511848381,
            -1.4858436343919559,
            -1.0478071388750725,
            -3.130385811762354e-05
        ],
        [
            -4.526006093445461,
            -1.3230845156178141,
            1.830510703223522,
            -1.5342836151025645,
            -2.00606214540213,
            1.6862760844691668e-05
        ]
    ],
    "goal_config": [
        [
            -4.341146198106799,
            -1.011610291061881,
            1.0798451187393383,
            -1.9069846705122202,
            -1.8541077547822276,
            2.2326508605528955e-05
        ],
        [
            -4.998172739795485,
            -1.0598384027948327,
            1.1951256836328432,
            -1.8124551469704315,
            -2.223851004127009,
            2.9183549594708456e-05
        ]
    ],
    "base_poses": [
        [
            [
                -0.32961012893147024,
                0.11186293632176414,
                0.0
            ],
            [
                -0.0,
                -0.0,
                0.6291788613828089,
                0.7772605485865292
            ]
        ],
        [
            [
                -0.05169125677215969,
                0.24677609183694615,
                0.0
            ],
            [
                0.0,
                0.0,
                -0.4767876988963814,
                0.8790184811373954
            ]
        ]
    ],
    "difficulty": 0.7365748142575003
}