{
    "target_eff_poses": [
        [
            [
                0.22475233674049377,
                0.5857705473899841,
                0.5476874709129333
            ],
            [
                -0.4173094928264618,
                0.08130884170532227,
                0.7733307480812073,
                0.4703204929828644
            ]
        ],
        [
            [
                0.19980740547180176,
                -0.56207275390625,
                0.7098824381828308
            ],
            [
                -0.38862600922584534,
                -0.0666644275188446,
                0.9182888269424438,
                0.03565412014722824
            ]
        ],
        [
            [
                0.177076518535614,
                0.09939224272966385,
                0.3678857982158661
            ],
            [
                -0.19773274660110474,
                0.8079938888549805,
                -0.4593640863895416,
                0.31150001287460327
            ]
        ],
        [
            [
                -0.2925259470939636,
                -0.28029656410217285,
                0.15721364319324493
            ],
            [
                0.8681307435035706,
                0.011574535630643368,
                -0.49535053968429565,
                0.02903258614242077
            ]
        ]
    ],
    "start_goal_config": [
        null,
        null,
        null,
        null
    ],
    "start_config": [
        [
            -3.902940304721798,
            -1.375079776161576,
            1.740839414538478,
            -1.5486744024238273,
            -1.7763441445073511,
            1.741576544557937e-05
        ],
        [
            -3.2534399807791448,
            -1.5036149637859393,
            1.6796819349534462,
            -1.540014402355099,
            -1.6033315497711271,
            1.0077023264008799e-05
        ],
        [
            -3.0475683829680116,
            -2.0859804127045556,
            1.8002650665280657,
            -1.3306605640061435,
            -1.6083840129339042,
            9.93494132512033e-06
        ],
        [
            -5.112894122785712,
            -1.5080455811052362,
            1.7032196839023483,
            -1.5037772344445715,
            -2.413658825682662,
            2.8676103224534715e-05
        ]
    ],
    "goal_config": [
        [
            -2.9982974130043947,
            -2.8013247374086,
            1.6983368606475668,
            -1.1603345628624366,
            -1.9247753131707324,
            -1.5835551049545351e-07
        ],
        [
            -3.6298101222219596,
            -1.9927229447816261,
            1.2682999620033757,
            -1.6065450384269087,
            -1.7795174028993144,
            3.064939267733316e-05
        ],
        [
            -5.265112066937864,
            -1.698547320850258,
            1.8641149281685032,
            -1.3423146016815033,
            -2.7857080206478155,
            2.9482865235438757e-05
        ],
        [
            -2.9679810205732866,
            -1.3288811787262345,
            1.8189688639040866,
            -1.5285220731465923,
            -1.5255850602212255,
            -2.734403038161351e-08
        ]
    ],
    "base_poses": [
        [
            [
                0.21390701847217652,
                0.6823430365744729,
                0.0
            ],
            [
                0.0,
                0.0,
                -0.42690462662235185,
                0.9042966547369454
            ]
        ],
        [
            [
                0.4626198218596087,
                -0.44448949744542576,
                0.0
            ],
            [
                -0.0,
                -0.0,
                0.3047427088834528,
                0.9524347123988999
            ]
        ],
        [
            [
                -0.11320205525580795,
                0.3788628146741988,
                0.0
            ],
            [
                0.0,
                0.0,
                -0.7684948011202486,
                0.6398560311907276
            ]
        ],
        [
            [
                0.16154463054604418,
                -0.13228065857964721,
                0.0
            ],
            [
                0.0,
                0.0,
                -0.05084633384443917,
                0.9987064885813949
            ]
        ]
    ],
    "difficulty": 0.9273958431298787,
    "dynamic_speed": null,
    "ur5_count": 4,
    "id": "005098",
    "task_path": "/home/hqh2101/workspace-sharing-multiarm/src/data/8f14d7-hard-vlo-tasks/005098.json"
}