{
    "target_eff_poses": [
        [
            [
                0.31815987825393677,
                -0.13377772271633148,
                0.27519145607948303
            ],
            [
                0.4005717933177948,
                0.7559871673583984,
                -0.3068264424800873,
                0.4169931709766388
            ]
        ]
    ],
    "start_goal_config": [
        null
    ],
    "start_config": [
        [
            -3.1142938329720793,
            -2.6745104225259797,
            1.6774632322582648,
            -1.2162993658951662,
            -1.9030748403880866,
            1.865704366408947e-05
        ]
    ],
    "goal_config": [
        [
            -2.8875999601646103,
            -2.529074955781209,
            2.272558873567675,
            -0.8318320764991148,
            -1.7178964910139456,
            2.824025516999865e-06
        ]
    ],
    "base_poses": [
        [
            [
                0.21274343808211227,
                -0.12257836715091186,
                0.0
            ],
            [
                -0.0,
                -0.0,
                0.7726448880274372,
                0.6348384652847281
            ]
        ]
    ],
    "difficulty": 0.0,
    "dynamic_speed": null
}