{
    "target_eff_poses": [
        [
            [
                -0.7356856465339661,
                0.4700106084346771,
                0.07519010454416275
            ],
            [
                0.8817476034164429,
                -0.4095287024974823,
                -0.13349702954292297,
                -0.19231736660003662
            ]
        ],
        [
            [
                0.8632127642631531,
                0.3106250464916229,
                0.4373643100261688
            ],
            [
                0.5742822289466858,
                0.3675280213356018,
                -0.04851658269762993,
                0.7299104332923889
            ]
        ]
    ],
    "start_goal_config": [
        null,
        null
    ],
    "start_config": [
        [
            -1.549554961794601,
            -1.802587594099483,
            1.665282481635491,
            -1.4552253421412855,
            -0.8126352690573015,
            -2.0837340642777922e-05
        ],
        [
            -4.2914955106340305,
            -1.4893054055583403,
            1.6446614297654951,
            -1.5593979662215767,
            -1.9022073614123387,
            3.095664040286634e-05
        ]
    ],
    "goal_config": [
        [
            -4.325856450743146,
            -1.439168925709064,
            2.3096703990601504,
            -1.3430957112653878,
            -2.099961142337536,
            2.1799678695308168e-05
        ],
        [
            -1.2653079374364011,
            -1.3770907103026477,
            1.3732808520266138,
            -1.6373216197935172,
            -0.6356709833352581,
            3.934816089285849e-05
        ]
    ],
    "base_poses": [
        [
            [
                -0.6497138069928416,
                0.22944810709659125,
                0.0
            ],
            [
                0.0,
                0.0,
                -0.10704908538180667,
                0.9942537368895923
            ]
        ],
        [
            [
                0.39930019591040855,
                0.7104210257054546,
                0.0
            ],
            [
                -0.0,
                -0.0,
                0.09857006836714342,
                0.9951301129109181
            ]
        ]
    ],
    "difficulty": 0.14058829057419414,
    "dynamic_speed": null,
    "ur5_count": 2,
    "id": "005011",
    "task_path": "/home/huy/programming/projects/workspace-sharing-multiarm/src/data/8f14d7-hard-vlo-tasks/005011.json"
}