{
    "target_eff_poses": [
        [
            [
                0.7633047699928284,
                0.17194144427776337,
                0.2693834900856018
            ],
            [
                0.032117947936058044,
                0.8520012497901917,
                -0.03612891584634781,
                0.5213033556938171
            ]
        ],
        [
            [
                0.13754943013191223,
                0.49138423800468445,
                0.14047975838184357
            ],
            [
                0.07485110312700272,
                0.9345651268959045,
                -0.2070753276348114,
                0.27947288751602173
            ]
        ],
        [
            [
                -0.4876354932785034,
                -0.9087640643119812,
                0.28414881229400635
            ],
            [
                0.22314581274986267,
                0.7552359700202942,
                -0.5859332084655762,
                0.1910676211118698
            ]
        ]
    ],
    "start_goal_config": [
        null,
        null,
        null
    ],
    "start_config": [
        [
            -3.19275012096222,
            -2.600926593024303,
            1.6038455309402149,
            -1.2783797595257482,
            -1.9526478431209098,
            2.6691659574019593e-05
        ],
        [
            -2.499550092275996,
            -2.327453185695244,
            1.5519055437880005,
            -1.3822061705659865,
            -1.2281559625320826,
            -2.533234701831519e-05
        ],
        [
            -3.032830178037088,
            -2.5478226778093047,
            1.3367784747685387,
            -1.4253711607953807,
            -1.9614910878426184,
            2.8698016903251756e-05
        ]
    ],
    "goal_config": [
        [
            -3.0103107745389015,
            -1.8851264958638345,
            2.0521527453398725,
            -1.2667118898759089,
            -1.6023065652839577,
            1.0044317458508106e-05
        ],
        [
            -4.518916019197063,
            -1.5646215685465468,
            2.1911329990418538,
            -1.3370123454750036,
            -2.128542935439832,
            1.611902538986876e-05
        ],
        [
            -5.237795549692092,
            -1.2225547896308098,
            1.5074246515648146,
            -1.6129152763592578,
            -2.539079173414805,
            2.8123493547754052e-05
        ]
    ],
    "base_poses": [
        [
            [
                0.4729465414319671,
                0.0974313955801307,
                0.0
            ],
            [
                0.0,
                0.0,
                0.9929192916876667,
                0.1187909095615577
            ]
        ],
        [
            [
                -0.11386780646032657,
                0.6572722083460956,
                0.0
            ],
            [
                0.0,
                0.0,
                0.9460845956012289,
                -0.32391964739123036
            ]
        ],
        [
            [
                -0.5063179903790007,
                -0.3134167948463857,
                0.0
            ],
            [
                0.0,
                0.0,
                0.961968977431068,
                -0.273158720271247
            ]
        ]
    ],
    "difficulty": 0.4434308285526192,
    "dynamic_speed": null
}