{
    "target_eff_poses": [
        [
            [
                0.49707141518592834,
                -0.12872661650180817,
                0.27038711309432983
            ],
            [
                -0.04323745518922806,
                0.6455116868019104,
                0.3337782025337219,
                0.6855926513671875
            ]
        ],
        [
            [
                -0.39967721700668335,
                -0.49046260118484497,
                0.5767921209335327
            ],
            [
                0.09675291925668716,
                0.45032379031181335,
                -0.4448837339878082,
                0.7680662870407104
            ]
        ]
    ],
    "start_goal_config": [
        null,
        null
    ],
    "start_config": [
        [
            -3.9621551038231764,
            -0.8237237489303351,
            1.0752907943698404,
            -1.9532699696793716,
            -1.7221990728879855,
            1.1432162500525563e-05
        ],
        [
            -3.3164332402536782,
            -2.5764781475786,
            1.6977804983905593,
            -1.239377057729715,
            -1.9717070568265163,
            2.6891915805778506e-05
        ]
    ],
    "goal_config": [
        [
            -2.0254224202330255,
            -0.9599580762899097,
            1.122605856127232,
            -1.8970549136160124,
            -1.1846059223846614,
            -2.028549355242457e-05
        ],
        [
            -3.180162276196813,
            -2.603124957756433,
            1.66506852837345,
            -1.2461934420315495,
            -1.8841659117241234,
            1.3454667024833924e-08
        ]
    ],
    "base_poses": [
        [
            [
                -0.06991233272588304,
                -0.6355012084114415,
                0.0
            ],
            [
                0.0,
                0.0,
                0.9558906855680643,
                0.2937226536108783
            ]
        ],
        [
            [
                -0.45770174599844204,
                -0.5310906505580884,
                0.0
            ],
            [
                0.0,
                0.0,
                0.9397033105970118,
                0.3419907718828329
            ]
        ]
    ],
    "difficulty": 0.6573952264611915,
    "dynamic_speed": null,
    "ur5_count": 2,
    "id": "005163",
    "task_path": "/home/huy/programming/projects/workspace-sharing-multiarm/src/data/8f14d7-hard-vlo-tasks/005163.json"
}