{
    "target_eff_poses": [
        [
            [
                -0.4492495656013489,
                0.7041046023368835,
                0.5835983753204346
            ],
            [
                0.01657732203602791,
                0.157251238822937,
                0.15210038423538208,
                0.9756345152854919
            ]
        ],
        [
            [
                0.19183583557605743,
                0.26690343022346497,
                0.27580058574676514
            ],
            [
                0.8224711418151855,
                -0.06465837359428406,
                -0.5596697926521301,
                0.07829583436250687
            ]
        ]
    ],
    "start_goal_config": [
        null,
        null
    ],
    "start_config": [
        [
            -1.571303694156093,
            -1.5723186885623217,
            2.263097880659642,
            -1.352379663856818,
            -0.6441731923536909,
            -2.023635003711146e-05
        ],
        [
            -2.7797675427370256,
            -1.874369465057638,
            1.2772844195121211,
            -1.6304805857115372,
            -1.449425917740246,
            -3.853587666835635e-07
        ]
    ],
    "goal_config": [
        [
            -3.082436271105961,
            -3.019513550575771,
            1.4131097967184008,
            -1.2176041624417917,
            -1.3110512312235285,
            -2.0593157877747233e-05
        ],
        [
            -2.3378738566563912,
            -1.6644293512555435,
            1.8800847439767177,
            -1.4168098183100237,
            -1.3533515792023938,
            -7.127686880281879e-06
        ]
    ],
    "base_poses": [
        [
            [
                -0.1556523111524044,
                0.5759534095734471,
                0.0
            ],
            [
                0.0,
                0.0,
                0.9999884877903367,
                0.004798362928720589
            ]
        ],
        [
            [
                0.5686539934895956,
                0.4271888965041988,
                0.0
            ],
            [
                0.0,
                0.0,
                -0.36309972438799865,
                0.9317502831495997
            ]
        ]
    ],
    "difficulty": 0.3928336311483119,
    "dynamic_speed": null,
    "ur5_count": 2,
    "id": "005184",
    "task_path": "/home/huy/programming/projects/workspace-sharing-multiarm/src/data/8f14d7-hard-vlo-tasks/005184.json"
}