{
    "target_eff_poses": [
        [
            [
                -0.39728525280952454,
                -0.2320185750722885,
                0.5930110216140747
            ],
            [
                -0.18624760210514069,
                0.3011145293712616,
                -0.07310226559638977,
                0.9323614835739136
            ]
        ]
    ],
    "start_goal_config": [
        null
    ],
    "start_config": [
        [
            -1.9236223903824083,
            -1.1292472358921446,
            1.3294799365364747,
            -1.7738014319874862,
            -1.1584684413635877,
            -2.593199351552543e-05
        ]
    ],
    "goal_config": [
        [
            -2.9255830738143924,
            -2.8173331559096733,
            1.6074452585256849,
            -1.207870653518367,
            -2.2029988538092278,
            2.8728767028852797e-05
        ]
    ],
    "base_poses": [
        [
            [
                -0.2730685749725874,
                -0.20439240930128855,
                0.0
            ],
            [
                0.0,
                0.0,
                0.9915806195371855,
                -0.1294908296299454
            ]
        ]
    ],
    "difficulty": 0.0,
    "dynamic_speed": null
}