{
    "target_eff_poses": [
        [
            [
                -0.580205500125885,
                -0.5682880878448486,
                0.430486798286438
            ],
            [
                -0.22529345750808716,
                0.3459116816520691,
                0.1281602680683136,
                0.9017554521560669
            ]
        ],
        [
            [
                -0.7477751970291138,
                0.9095116853713989,
                0.19243429601192474
            ],
            [
                0.6502441167831421,
                -0.36147764325141907,
                -0.4599475860595703,
                -0.48473164439201355
            ]
        ],
        [
            [
                0.2516990005970001,
                0.09085586667060852,
                0.2580464482307434
            ],
            [
                0.2603745758533478,
                0.7236014008522034,
                0.2409735769033432,
                0.59206223487854
            ]
        ]
    ],
    "start_goal_config": [
        null,
        null,
        null
    ],
    "start_config": [
        [
            -4.417655371115871,
            -1.8461914509708277,
            2.197098312048311,
            -1.2315150298627313,
            -2.1283811584446264,
            3.0836558003823227e-17
        ],
        [
            -3.4888022046412197,
            -2.5421288044582493,
            2.1488378831458617,
            -0.9731774090278731,
            -1.9990600334861552,
            2.2744876249399658e-10
        ],
        [
            -5.0248365226509595,
            -1.1777202462169452,
            1.34745164859938,
            -1.7250348149688433,
            -2.2642279381688706,
            -1.1291804554401768e-05
        ]
    ],
    "goal_config": [
        [
            -2.7970433146982687,
            -3.1838256414235406,
            1.7989628055222846,
            -0.9056505570491508,
            -2.0069187035029423,
            1.1569007683936384e-05
        ],
        [
            -4.344886415878481,
            -1.0234153775445258,
            1.3509367416641331,
            -1.791137008768716,
            -1.8750517134487337,
            2.472630581184608e-05
        ],
        [
            -1.402883293001938,
            -1.1926582491591573,
            1.486772257121705,
            -1.6810699264472195,
            -0.8388613309045957,
            -2.7164762738854054e-05
        ]
    ],
    "base_poses": [
        [
            [
                -0.3914902251171272,
                -0.4753210058913716,
                0.0
            ],
            [
                0.0,
                0.0,
                0.9825726182559219,
                -0.18587912699844072
            ]
        ],
        [
            [
                -0.5119870666153712,
                0.2748141619767237,
                0.0
            ],
            [
                0.0,
                0.0,
                -0.05780782312994672,
                0.9983277295482565
            ]
        ],
        [
            [
                -0.34742138936244094,
                -0.12998141669447083,
                0.0
            ],
            [
                -0.0,
                -0.0,
                0.6608828755120102,
                0.750489057118741
            ]
        ]
    ],
    "difficulty": 0.9491780178487553,
    "dynamic_speed": null
}