{
    "target_eff_poses": [
        [
            [
                0.06039775162935257,
                -0.0866008847951889,
                0.37256476283073425
            ],
            [
                -0.6568306684494019,
                0.2407144159078598,
                0.6668295860290527,
                -0.2568431496620178
            ]
        ],
        [
            [
                -0.7687163949012756,
                1.0077663660049438,
                0.114900603890419
            ],
            [
                0.85149085521698,
                -0.4113839268684387,
                -0.23315022885799408,
                -0.2266443520784378
            ]
        ]
    ],
    "start_goal_config": [
        null,
        null
    ],
    "start_config": [
        [
            -5.569297250813449,
            -1.0907649624852682,
            1.7600768248461083,
            -1.2285201282170117,
            -3.5253368424385476,
            2.4137527453491124e-05
        ],
        [
            -2.785683686870516,
            -1.4246097427689453,
            1.6987788289967611,
            -1.5527680455794144,
            -1.4741129511660898,
            -1.3971967677543645e-06
        ]
    ],
    "goal_config": [
        [
            -1.4238345234605345,
            -1.3217766653906735,
            1.405217563163,
            -1.6754796996553187,
            -0.8518596625234105,
            -2.8334070759851192e-05
        ],
        [
            -3.9872688568600307,
            -1.4983061060636276,
            2.1816004892516565,
            -1.3456409726351903,
            -1.8919562801902843,
            2.1495890574013105e-05
        ]
    ],
    "base_poses": [
        [
            [
                0.6494676516751234,
                0.11782768041866731,
                0.0
            ],
            [
                0.0,
                0.0,
                -0.7517424724838864,
                0.6594567878669635
            ]
        ],
        [
            [
                -0.6033901769106258,
                0.753075465075745,
                0.0
            ],
            [
                0.0,
                0.0,
                -0.18670012822817347,
                0.9824169492224691
            ]
        ]
    ],
    "difficulty": 0.043703007518796994,
    "dynamic_speed": null
}