{
    "target_eff_poses": [
        [
            [
                -0.7551618814468384,
                -0.013632109388709068,
                0.678021252155304
            ],
            [
                -0.38865700364112854,
                -0.1819964349269867,
                0.7671986222267151,
                -0.4766857326030731
            ]
        ],
        [
            [
                0.4807898998260498,
                0.04777851700782776,
                0.6943213939666748
            ],
            [
                0.3035876154899597,
                0.07900550961494446,
                -0.8055746555328369,
                0.5026349425315857
            ]
        ],
        [
            [
                0.22954019904136658,
                0.5569430589675903,
                0.3135766088962555
            ],
            [
                0.47960203886032104,
                0.6290709376335144,
                -0.4976264238357544,
                0.3558364510536194
            ]
        ],
        [
            [
                0.2944207489490509,
                -0.5443496108055115,
                0.13883301615715027
            ],
            [
                0.7130005359649658,
                0.606277346611023,
                -0.2857983708381653,
                0.20585784316062927
            ]
        ]
    ],
    "start_goal_config": [
        null,
        null,
        null,
        null
    ],
    "start_config": [
        [
            -3.0159583011001585,
            -1.6679702818101712,
            1.5347924167790783,
            -1.5627019253091625,
            -1.540675625276253,
            5.9143947490808145e-06
        ],
        [
            -3.218568495355268,
            -2.68812026761022,
            1.7421027917170788,
            -1.1801432405727599,
            -2.0246218445113664,
            -3.3717270890550294e-06
        ],
        [
            -4.108878669512369,
            -1.6495321902347466,
            1.3649689971119376,
            -1.6414726624859064,
            -1.8507506083338787,
            2.84405448327517e-05
        ],
        [
            -2.887433233416414,
            -1.7003110473303227,
            1.8123613457746586,
            -1.4314773311810554,
            -1.5278349645700555,
            6.0505330515480156e-06
        ]
    ],
    "goal_config": [
        [
            -2.8036354326388793,
            -1.8091000138567206,
            1.225415328289611,
            -1.6707850137367497,
            -1.4527816959893762,
            -9.890823394035635e-08
        ],
        [
            -2.832605349479355,
            -2.5017991114211755,
            1.4032657632702157,
            -1.4048775071625732,
            -1.2675181973702492,
            -2.359427958006981e-05
        ],
        [
            -3.0500383200130905,
            -2.7171729797737454,
            2.2013944058509045,
            -0.800791368257274,
            -1.8694374121779431,
            2.307505012323944e-09
        ],
        [
            -3.2218477641393837,
            -1.5813331367064714,
            2.172784488874912,
            -1.3113301894818603,
            -1.6512425353674662,
            1.640930075735107e-05
        ]
    ],
    "base_poses": [
        [
            [
                -0.6511754165662419,
                0.3743475739033886,
                0.0
            ],
            [
                -0.0,
                -0.0,
                0.32212362806829214,
                0.9466976118276208
            ]
        ],
        [
            [
                0.36891789653968043,
                0.14485077092133525,
                0.0
            ],
            [
                -0.0,
                -0.0,
                0.24905486193834137,
                0.9684893782302797
            ]
        ],
        [
            [
                0.1591097393033415,
                0.5733961536420071,
                0.0
            ],
            [
                -0.0,
                -0.0,
                0.6626190339537827,
                0.748956618130954
            ]
        ],
        [
            [
                0.26712294594747643,
                -0.24292172293350323,
                0.0
            ],
            [
                -0.0,
                -0.0,
                0.647718813166674,
                0.761879478047516
            ]
        ]
    ],
    "difficulty": 0.9164864102322957,
    "dynamic_speed": null,
    "ur5_count": 4,
    "id": "005103",
    "task_path": "/home/hqh2101/workspace-sharing-multiarm/src/data/8f14d7-hard-vlo-tasks/005103.json"
}