{
    "target_eff_poses": [
        [
            [
                0.39679431915283203,
                -0.621515691280365,
                0.6309056878089905
            ],
            [
                0.0029908446595072746,
                0.4199196696281433,
                -0.43207645416259766,
                0.7981030344963074
            ]
        ],
        [
            [
                -0.3668469488620758,
                -0.7555233836174011,
                0.6992301940917969
            ],
            [
                -0.17718057334423065,
                0.03724675253033638,
                0.9688661694526672,
                0.16887301206588745
            ]
        ]
    ],
    "start_goal_config": [
        null,
        null
    ],
    "start_config": [
        [
            -2.359832675214944,
            -2.8899046416420604,
            1.007208348464097,
            -1.463128119450568,
            -2.569974856213861,
            -6.1016835670983896e-05
        ],
        [
            -3.178118623105901,
            -2.395534745722422,
            1.2311102020765865,
            -1.5209032877599464,
            -1.9504221842250211,
            4.988561230865717e-07
        ]
    ],
    "goal_config": [
        [
            -3.375638702774363,
            -2.516306319761092,
            1.5657634543710344,
            -1.324301361410751,
            -2.059891266988983,
            2.2668912590879195e-05
        ],
        [
            -2.9930465172796534,
            -2.698345125741037,
            1.3116347452563275,
            -1.3907690847529939,
            -1.5361669688080641,
            2.5899034660688765e-06
        ]
    ],
    "base_poses": [
        [
            [
                0.347474628320976,
                -0.6492381524825999,
                0.0
            ],
            [
                0.0,
                0.0,
                0.990951677086318,
                0.13421912561112018
            ]
        ],
        [
            [
                -0.4705473825861116,
                -0.5917635513006547,
                0.0
            ],
            [
                0.0,
                0.0,
                -0.26109225163105537,
                0.9653138536964161
            ]
        ]
    ],
    "difficulty": 0.19051496030938328
}