{
    "target_eff_poses": [
        [
            [
                0.5649686455726624,
                0.0902145653963089,
                0.46612414717674255
            ],
            [
                -0.6416375637054443,
                -0.2065156102180481,
                0.7345222234725952,
                0.07829225063323975
            ]
        ]
    ],
    "start_goal_config": [
        null
    ],
    "start_config": [
        [
            -4.1968239364919215,
            -2.0065675636295675,
            1.4915213430847036,
            -1.4964640064617705,
            -1.9978023874320456,
            3.0503662099147995e-05
        ]
    ],
    "goal_config": [
        [
            -4.003332246779357,
            -2.195217076281594,
            1.8251883757219685,
            -1.2921890755178602,
            -1.9883733685270466,
            2.4656771227307036e-05
        ]
    ],
    "base_poses": [
        [
            [
                0.7711417776543008,
                0.19076807469032464,
                0.0
            ],
            [
                -0.0,
                -0.0,
                0.5085329227735877,
                0.8610425462515497
            ]
        ]
    ],
    "difficulty": 0.0,
    "dynamic_speed": null
}