{
    "target_eff_poses": [
        [
            [
                -0.4977937638759613,
                -0.7947563529014587,
                0.38356509804725647
            ],
            [
                0.6893355250358582,
                0.1831154227256775,
                -0.6779175996780396,
                -0.1780814528465271
            ]
        ],
        [
            [
                -0.16355383396148682,
                -0.33723118901252747,
                0.788895308971405
            ],
            [
                -0.21814081072807312,
                -0.03513802960515022,
                0.944957971572876,
                0.24131819605827332
            ]
        ],
        [
            [
                0.43271178007125854,
                -0.11965512484312057,
                0.5975430607795715
            ],
            [
                0.23736460506916046,
                0.23626334965229034,
                -0.2535075545310974,
                0.9075084924697876
            ]
        ]
    ],
    "start_goal_config": [
        null,
        null,
        null
    ],
    "start_config": [
        [
            -3.525298094749216,
            -2.6524990653020146,
            2.2665442896681456,
            -0.81043562195019,
            -2.1558546734831783,
            -2.0545937129551254e-10
        ],
        [
            -4.083321165984137,
            -1.180067617165331,
            1.2627170533597916,
            -1.7946651457268104,
            -1.788233639197452,
            1.80001931325517e-05
        ],
        [
            -3.2394338893270955,
            -1.3741894581160823,
            1.5275172150969125,
            -1.637375689334954,
            -1.581002758395983,
            5.246764101665621e-06
        ]
    ],
    "goal_config": [
        [
            -4.716216451481205,
            -1.5043990830711602,
            1.5426073087994585,
            -1.591558386518897,
            -2.0873250681271105,
            3.084210939652416e-05
        ],
        [
            -3.2839485785445217,
            -2.323658362114746,
            1.1886994204015238,
            -1.5610381923971817,
            -1.980591322666261,
            2.9889301899057228e-05
        ],
        [
            -2.9073987397844845,
            -2.8179000978260285,
            1.5763653514661868,
            -1.2170465711493579,
            -1.0554748813868768,
            1.0034536157180328e-06
        ]
    ],
    "base_poses": [
        [
            [
                0.014904512249543922,
                -0.7483804258013637,
                0.0
            ],
            [
                -0.0,
                -0.0,
                0.7094409852226778,
                0.7047648462333208
            ]
        ],
        [
            [
                -0.13508148501843298,
                -0.2822184547164375,
                0.0
            ],
            [
                -0.0,
                -0.0,
                0.02604500807135305,
                0.9996607712392055
            ]
        ],
        [
            [
                0.3444594026322114,
                -0.31652508911239025,
                0.0
            ],
            [
                -0.0,
                -0.0,
                0.7978003211917521,
                0.6029217590254455
            ]
        ]
    ],
    "difficulty": 0.7493658994833255,
    "dynamic_speed": null
}