{
    "target_eff_poses": [
        [
            [
                0.5950499176979065,
                0.5084827542304993,
                0.374421089887619
            ],
            [
                -0.24560749530792236,
                0.7359372973442078,
                -0.19653330743312836,
                0.5995397567749023
            ]
        ],
        [
            [
                0.07463032007217407,
                -0.7099065780639648,
                0.10662766546010971
            ],
            [
                0.5950208902359009,
                0.7600088119506836,
                -0.1439477801322937,
                -0.21821044385433197
            ]
        ],
        [
            [
                0.25878387689590454,
                -0.07577735185623169,
                0.27093756198883057
            ],
            [
                0.8693099021911621,
                -0.03134094178676605,
                -0.41548997163772583,
                -0.2658687233924866
            ]
        ],
        [
            [
                -0.260638952255249,
                -0.6143637299537659,
                0.4156937301158905
            ],
            [
                -0.21500322222709656,
                -0.4776768982410431,
                0.7997332811355591,
                -0.2933003306388855
            ]
        ]
    ],
    "start_goal_config": [
        null,
        null,
        null,
        null
    ],
    "start_config": [
        [
            -4.095085646673672,
            -1.460661182985611,
            1.4014822332220815,
            -1.6699595966154979,
            -1.8208487182905986,
            1.982304410403897e-05
        ],
        [
            -3.20693977960498,
            -2.0739094644083225,
            1.7839530356153235,
            -1.34208768937943,
            -1.6572850503968806,
            9.84028177995975e-06
        ],
        [
            -5.275905058854739,
            -1.6935384716275872,
            1.9891189584427327,
            -1.293874430775707,
            -2.8308993515501784,
            2.3895755055986743e-05
        ],
        [
            -3.3335241948429717,
            -1.6835017779139265,
            2.271706799433155,
            -1.2322606763672974,
            -1.7189649853246312,
            2.25695258695823e-05
        ]
    ],
    "goal_config": [
        [
            -4.7329232122339615,
            -1.8769219083050503,
            1.873135331204127,
            -1.3616995548516522,
            -2.209671492290743,
            2.882433532554047e-05
        ],
        [
            -5.5030333124640345,
            -1.027273220511629,
            1.8421600159253981,
            -1.343835654541308,
            -3.4650207246181726,
            2.3743845434245756e-05
        ],
        [
            -4.224857968234043,
            -2.0651411048195,
            2.1869821925553143,
            -1.153528174527095,
            -2.103986912685508,
            1.7427060103646487e-05
        ],
        [
            -2.9921341532737777,
            -3.1383764520580404,
            1.952187035714242,
            -0.8527128359842066,
            -2.367137882985172,
            -2.7418635137802493e-09
        ]
    ],
    "base_poses": [
        [
            [
                0.2596717758441536,
                0.47505068663530237,
                0.0
            ],
            [
                0.0,
                0.0,
                -0.6978905764622245,
                0.7162044004927811
            ]
        ],
        [
            [
                0.6438939044832825,
                -0.7703336927235273,
                0.0
            ],
            [
                0.0,
                0.0,
                0.908703840489153,
                0.4174414093980904
            ]
        ],
        [
            [
                0.45717842735038716,
                -0.1606651496260929,
                0.0
            ],
            [
                -0.0,
                -0.0,
                0.23673552688768415,
                0.971574130115253
            ]
        ],
        [
            [
                -0.2876945174349602,
                -0.7651577270568464,
                0.0
            ],
            [
                -0.0,
                -0.0,
                0.6248643153057085,
                0.7807333651494139
            ]
        ]
    ],
    "difficulty": 0.8870513061454613,
    "dynamic_speed": null
}