{
    "target_eff_poses": [
        [
            [
                -0.3054075837135315,
                -0.22226282954216003,
                0.30887672305107117
            ],
            [
                -0.053443387150764465,
                0.8217533826828003,
                0.28176775574684143,
                0.49241456389427185
            ]
        ],
        [
            [
                0.6663297414779663,
                -0.1891455352306366,
                0.4577041268348694
            ],
            [
                -0.34137436747550964,
                0.5560674071311951,
                0.42475685477256775,
                0.6275621056556702
            ]
        ],
        [
            [
                0.12263093888759613,
                -0.10338056832551956,
                0.5423421859741211
            ],
            [
                0.1262928992509842,
                0.015280082821846008,
                0.5747708678245544,
                0.8083657026290894
            ]
        ],
        [
            [
                -0.5081744194030762,
                0.035185135900974274,
                0.2459007054567337
            ],
            [
                -0.15424029529094696,
                0.8965097069740295,
                -0.25411128997802734,
                0.3284931480884552
            ]
        ]
    ],
    "start_goal_config": [
        null,
        null,
        null,
        null
    ],
    "start_config": [
        [
            -4.126410801741291,
            -1.7720246650878269,
            1.2186550701823384,
            -1.6795348638643492,
            -1.894991385212711,
            2.871724935377543e-05
        ],
        [
            -2.0642643727775103,
            -1.0486882550226555,
            1.5312220656686428,
            -1.7175014108960613,
            -1.2140106539833777,
            -2.178504622683309e-05
        ],
        [
            -3.034410835410881,
            -2.7844689307040005,
            2.0219808857176136,
            -0.9519878262547695,
            -1.839432350189591,
            1.366452749899511e-13
        ],
        [
            -1.091886950284991,
            -1.4041267180109998,
            1.5960146933170398,
            -1.4702423542800092,
            -0.2764427268063292,
            -3.591342476367175e-05
        ]
    ],
    "goal_config": [
        [
            -1.8932886580348824,
            -1.89090406895934,
            1.9952347217089674,
            -1.310854292654094,
            -1.1160007303507926,
            1.866135845484201e-09
        ],
        [
            -2.763398316641111,
            -2.39948378442656,
            1.877173293544591,
            -1.1975411647485497,
            -1.526369301842377,
            -1.9930444569787357e-06
        ],
        [
            -2.45098955237998,
            -3.1329893260976758,
            1.0519112347050326,
            -1.3157009485843334,
            -2.6440451469062904,
            -7.604184330694114e-05
        ],
        [
            -4.115134382358364,
            -2.37416858296564,
            2.399539189511184,
            -0.8819321605209282,
            -2.3995874912303137,
            1.944151228615451e-13
        ]
    ],
    "base_poses": [
        [
            [
                -0.46649167130422775,
                -0.528256977803621,
                0.0
            ],
            [
                0.0,
                0.0,
                0.9454543194956189,
                0.32575470794307215
            ]
        ],
        [
            [
                0.7134364402889779,
                -0.36371594069526075,
                0.0
            ],
            [
                0.0,
                0.0,
                0.9272863812674697,
                -0.3743527308780864
            ]
        ],
        [
            [
                -0.2719188896598711,
                0.32235224753922265,
                0.0
            ],
            [
                0.0,
                0.0,
                -0.6899225373382691,
                0.7238832036127959
            ]
        ],
        [
            [
                -0.602944607017313,
                0.07040935621407574,
                0.0
            ],
            [
                0.0,
                0.0,
                0.9706799856357289,
                -0.24037546772959412
            ]
        ]
    ],
    "difficulty": 0.8407553551296505,
    "dynamic_speed": null
}