{
    "target_eff_poses": [
        [
            [
                -0.1466585248708725,
                -0.3778609335422516,
                0.7508251070976257
            ],
            [
                -0.059695255011320114,
                0.39962661266326904,
                -0.716886043548584,
                0.568163275718689
            ]
        ],
        [
            [
                0.6388635635375977,
                -1.2342256307601929,
                0.6346813440322876
            ],
            [
                -0.34503173828125,
                -0.3250192403793335,
                0.7780053019523621,
                -0.4123390316963196
            ]
        ],
        [
            [
                1.1193956136703491,
                0.5121157169342041,
                0.12826105952262878
            ],
            [
                -0.3122302293777466,
                0.6308602690696716,
                -0.11080585420131683,
                0.7016050815582275
            ]
        ]
    ],
    "start_goal_config": [
        null,
        null,
        null
    ],
    "start_config": [
        [
            -3.201346664681781,
            -2.570688086194913,
            1.4685597437751454,
            -1.356800558937797,
            -2.272585767964098,
            2.726643020589446e-05
        ],
        [
            -3.2148428120651427,
            -1.2221369238899902,
            1.1409671993451693,
            -1.8434288367427765,
            -1.5416716644941826,
            1.344704577239122e-06
        ],
        [
            -4.033959208887116,
            -1.0581431905104677,
            1.3205485810644784,
            -1.7977444219372887,
            -1.7700599295474515,
            1.4637075969036546e-05
        ]
    ],
    "goal_config": [
        [
            -4.378360858366675,
            -2.0567666507388136,
            1.2974616410788447,
            -1.5504283966811407,
            -2.619672826586496,
            -5.1468420676302714e-05
        ],
        [
            -4.033966924780054,
            -1.7080307625623903,
            1.2397602441203652,
            -1.6856387296463142,
            -1.8389962771125712,
            2.3252205491296807e-05
        ],
        [
            -4.972276890054138,
            -0.7227781401472306,
            1.0790058884677838,
            -1.9360600956764202,
            -2.187016305256656,
            3.207361156096086e-05
        ]
    ],
    "base_poses": [
        [
            [
                -0.2899711059481266,
                -0.23886315211008535,
                0.0
            ],
            [
                0.0,
                0.0,
                0.9708131079882331,
                -0.23983725598460998
            ]
        ],
        [
            [
                0.7098089032835553,
                -0.7936902286104911,
                0.0
            ],
            [
                0.0,
                0.0,
                0.8760687198053316,
                0.48218626917265833
            ]
        ],
        [
            [
                0.38319261545372574,
                0.2463449662741093,
                0.0
            ],
            [
                0.0,
                0.0,
                -0.48290537134430506,
                0.8756725428645225
            ]
        ]
    ],
    "difficulty": 0.24533550444399213
}