{
    "target_eff_poses": [
        [
            [
                -0.9957526922225952,
                0.08115590363740921,
                0.2844149172306061
            ],
            [
                0.6691319942474365,
                0.12354055047035217,
                -0.577996015548706,
                -0.45046722888946533
            ]
        ],
        [
            [
                -0.7085811495780945,
                -1.0290932655334473,
                0.2798183262348175
            ],
            [
                0.8258236646652222,
                0.11504373699426651,
                -0.5313700437545776,
                0.14975346624851227
            ]
        ]
    ],
    "start_goal_config": [
        null,
        null
    ],
    "start_config": [
        [
            -1.8761563880425842,
            -1.653528861323418,
            1.4370395670830316,
            -1.6024567505767897,
            -1.1185295679672818,
            -2.275631561890679e-05
        ],
        [
            -3.3504251144711983,
            -2.501207542961175,
            1.476996357001817,
            -1.3720892423110103,
            -2.1667050383229567,
            2.8598565814595948e-05
        ]
    ],
    "goal_config": [
        [
            -5.179680878124366,
            -0.9443988878468793,
            1.1237563938598814,
            -1.8242615748548343,
            -2.41539415383054,
            -5.4345142229089836e-05
        ],
        [
            -2.544685005696801,
            -1.7781584052974642,
            1.956823121507496,
            -1.3483508919415352,
            -1.4345135357959125,
            -6.818112216529289e-07
        ]
    ],
    "base_poses": [
        [
            [
                -0.3373399014298773,
                -0.24772896326121607,
                0.0
            ],
            [
                -0.0,
                -0.0,
                0.7027801843995156,
                0.7114070651992309
            ]
        ],
        [
            [
                -0.4523458323527434,
                -0.7783145039614427,
                0.0
            ],
            [
                0.0,
                0.0,
                -0.09176611782984583,
                0.9957805880907896
            ]
        ]
    ],
    "difficulty": 0.3065336861388154
}