{
    "target_eff_poses": [
        [
            [
                0.04312596842646599,
                -0.1861090064048767,
                0.6965399384498596
            ],
            [
                -0.12487956136465073,
                0.029153626412153244,
                0.8134598135948181,
                0.5673078894615173
            ]
        ],
        [
            [
                -0.49836182594299316,
                -0.6715607047080994,
                0.5747410655021667
            ],
            [
                -0.19543667137622833,
                0.5062216520309448,
                -0.31937405467033386,
                0.7768811583518982
            ]
        ],
        [
            [
                0.2360716611146927,
                0.5943302512168884,
                0.6414346694946289
            ],
            [
                0.11606964468955994,
                0.466010183095932,
                0.09306518733501434,
                0.8721818923950195
            ]
        ],
        [
            [
                -1.0867624282836914,
                0.810192883014679,
                0.20905569195747375
            ],
            [
                0.7713437676429749,
                -0.2062450647354126,
                -0.5379927158355713,
                -0.2702880799770355
            ]
        ]
    ],
    "start_goal_config": [
        null,
        null,
        null,
        null
    ],
    "start_config": [
        [
            -2.2536605736381143,
            -1.104744528983205,
            1.2722914148960525,
            -1.8063577633511316,
            -1.275806737212639,
            -2.2920734134425536e-06
        ],
        [
            -3.036089288387204,
            -2.5601021874664887,
            1.5324186298646163,
            -1.3247288035241152,
            -1.7044552112300233,
            1.1219274235241781e-05
        ],
        [
            -3.0818038970316817,
            -1.274653709369282,
            1.9719198344127193,
            -1.485509438472987,
            -1.5644005490883612,
            -2.9721279810929907e-19
        ],
        [
            -2.7243217745261266,
            -1.4385137136732624,
            1.478783513232452,
            -1.6430548395900264,
            -1.4434913525949544,
            3.1301492803581123e-06
        ]
    ],
    "goal_config": [
        [
            -2.759715102356467,
            -2.7672932662066234,
            1.2708029157498013,
            -1.387909492390882,
            -1.9505116295295262,
            2.349955960440153e-05
        ],
        [
            -3.9106024691704753,
            -2.439337119643533,
            1.7209366058497535,
            -1.2760275405781518,
            -2.3292799298616256,
            2.2535878981753306e-05
        ],
        [
            -2.1990312310399664,
            -1.808762770374524,
            1.299807156777743,
            -1.6307566106022509,
            -1.220381348693007,
            -1.626273567837168e-05
        ],
        [
            -3.9628151317823703,
            -1.2442829480214515,
            1.5935471874501834,
            -1.6414492680048838,
            -1.7750862542986754,
            1.6850640230762106e-05
        ]
    ],
    "base_poses": [
        [
            [
                -0.06243065341450271,
                0.022396725043816068,
                0.0
            ],
            [
                0.0,
                0.0,
                -0.5729161396870234,
                0.8196139926124487
            ]
        ],
        [
            [
                -0.5947087110715682,
                -0.6892190977465484,
                0.0
            ],
            [
                0.0,
                0.0,
                0.930977366450695,
                -0.3650769003326949
            ]
        ],
        [
            [
                -0.16924584244511465,
                0.4952981444951303,
                0.0
            ],
            [
                -0.0,
                -0.0,
                0.8576105266964009,
                0.5142997029938107
            ]
        ],
        [
            [
                -0.6126215239281074,
                0.4993511806511972,
                0.0
            ],
            [
                -0.0,
                -0.0,
                0.04718288819283171,
                0.998886267330662
            ]
        ]
    ],
    "difficulty": 0.598208833706493
}