{
    "target_eff_poses": [
        [
            [
                -0.16006994247436523,
                -0.05357370525598526,
                0.3280104696750641
            ],
            [
                0.7819722890853882,
                -0.12406008690595627,
                -0.6083931922912598,
                -0.05464592203497887
            ]
        ],
        [
            [
                0.8974829912185669,
                0.17114044725894928,
                0.3330269157886505
            ],
            [
                -0.32357653975486755,
                0.5912494659423828,
                -0.0043168566189706326,
                0.7387176156044006
            ]
        ]
    ],
    "start_goal_config": [
        null,
        null
    ],
    "start_config": [
        [
            -4.395535064629088,
            -1.9272201741906363,
            1.4234046522997115,
            -1.544635379169912,
            -2.0648416243115926,
            3.686004117183756e-05
        ],
        [
            -3.076922192357498,
            -2.453211056998556,
            1.2283401889709684,
            -1.506102028259087,
            -2.0262340197758095,
            1.2532899684610893e-06
        ]
    ],
    "goal_config": [
        [
            -2.6130389417778073,
            -2.4669250257757094,
            2.1483609690375873,
            -0.9956841565889945,
            -1.5030371169599004,
            -1.5606432083230737e-13
        ],
        [
            -4.777853122580204,
            -1.1715958327434708,
            1.281884514967382,
            -1.7726425677590831,
            -2.0773916040584592,
            2.9303241505309366e-05
        ]
    ],
    "base_poses": [
        [
            [
                -0.034984188137451744,
                0.036538221763252055,
                0.0
            ],
            [
                0.0,
                0.0,
                -0.378093596627834,
                0.9257673747702653
            ]
        ],
        [
            [
                0.33882680155238276,
                -0.1827443143687455,
                0.0
            ],
            [
                0.0,
                0.0,
                -0.4839829465723282,
                0.8750774293896323
            ]
        ]
    ],
    "difficulty": 0.6320887802125459
}