{
    "target_eff_poses": [
        [
            [
                0.19241711497306824,
                0.1642501801252365,
                0.33896639943122864
            ],
            [
                0.2904362976551056,
                0.7234724760055542,
                -0.06266125291585922,
                0.6231435537338257
            ]
        ]
    ],
    "start_goal_config": [
        null
    ],
    "start_config": [
        [
            -2.922943129096018,
            -2.622349230205088,
            1.448610473418717,
            -1.3462012367790075,
            -1.397968101936503,
            -1.3860157674078264e-05
        ]
    ],
    "goal_config": [
        [
            -2.3301530995153814,
            -2.484879043133483,
            2.13980567636667,
            -1.0084829502472192,
            -1.289265100485159,
            -1.2220873775251734e-05
        ]
    ],
    "base_poses": [
        [
            [
                0.03821358844179579,
                0.08097505329030041,
                0.0
            ],
            [
                -0.0,
                -0.0,
                0.7980690689867019,
                0.602565980724683
            ]
        ]
    ],
    "difficulty": 0.0,
    "dynamic_speed": null
}