{
    "target_eff_poses": [
        [
            [
                -0.4792771637439728,
                -0.40996915102005005,
                0.7856076955795288
            ],
            [
                0.1280156821012497,
                0.14266753196716309,
                -0.7138097286224365,
                0.673597514629364
            ]
        ],
        [
            [
                0.4417915940284729,
                -0.22053806483745575,
                0.6777037382125854
            ],
            [
                -0.17305061221122742,
                0.4357732832431793,
                -0.4035540819168091,
                0.7856839299201965
            ]
        ],
        [
            [
                0.44032517075538635,
                0.0029293166007846594,
                0.6571022868156433
            ],
            [
                0.24057550728321075,
                0.3674625754356384,
                -0.5448194742202759,
                0.7143293619155884
            ]
        ],
        [
            [
                0.5592734813690186,
                0.9080745577812195,
                0.13012638688087463
            ],
            [
                -0.32218843698501587,
                0.8517969846725464,
                0.24098551273345947,
                0.335503488779068
            ]
        ]
    ],
    "start_goal_config": [
        null,
        null,
        null,
        null
    ],
    "start_config": [
        [
            -4.930186524559563,
            -1.2892558460599581,
            1.716773629064092,
            -1.5781069095861568,
            -2.2243449045150543,
            2.7559796303306763e-05
        ],
        [
            -3.2422640012596426,
            -2.284923968157983,
            1.1011397820162003,
            -1.6152965155278411,
            -1.9494702776749302,
            2.3759081741653947e-05
        ],
        [
            -5.403098312968714,
            -1.454280427813259,
            1.8243084852173468,
            -1.3525847300396427,
            -2.9686438437777514,
            -4.0176248738252424e-05
        ],
        [
            -3.465100819835717,
            -1.8160279463997395,
            1.6988849386436284,
            -1.4515752427287405,
            -1.6905138379087805,
            1.3442186759151468e-05
        ]
    ],
    "goal_config": [
        [
            -3.0496325895742564,
            -2.38771926837178,
            1.1805650355759238,
            -1.548685246847505,
            -1.6538625965117948,
            5.896638070143053e-06
        ],
        [
            -4.9676808104488765,
            -1.6495634610242376,
            1.165068083430068,
            -1.6810034890713703,
            -2.423339023029818,
            7.565234580623427e-05
        ],
        [
            -3.1510852289319478,
            -2.215983126880741,
            1.447732316754896,
            -1.4639039286196465,
            -1.6427084488464343,
            3.948556604328144e-18
        ],
        [
            -2.275056358071334,
            -1.4030408733997275,
            2.0022591092769932,
            -1.4508892227141434,
            -1.3095198489608935,
            4.1921831828709133e-10
        ]
    ],
    "base_poses": [
        [
            [
                -0.577241185452741,
                -0.42711814175184365,
                0.0
            ],
            [
                -0.0,
                -0.0,
                0.6830834092519681,
                0.7303403699678036
            ]
        ],
        [
            [
                0.0027562415598196832,
                -0.18939199702380694,
                0.0
            ],
            [
                0.0,
                0.0,
                -0.6487671570513872,
                0.7609869748763514
            ]
        ],
        [
            [
                0.2859845060873696,
                0.14019880614905578,
                0.0
            ],
            [
                -0.0,
                -0.0,
                0.81914489031624,
                0.5735866531473646
            ]
        ],
        [
            [
                0.4660644948340673,
                0.5097688335934094,
                0.0
            ],
            [
                0.0,
                0.0,
                0.9982610001659978,
                -0.058948923209688565
            ]
        ]
    ],
    "difficulty": 0.9532587228439763,
    "dynamic_speed": null,
    "ur5_count": 4,
    "id": "005292",
    "task_path": "/home/hqh2101/workspace-sharing-multiarm/src/data/8f14d7-hard-vlo-tasks/005292.json"
}