{
    "target_eff_poses": [
        [
            [
                -0.18198159337043762,
                0.8015461564064026,
                0.40638503432273865
            ],
            [
                -0.011952140368521214,
                0.7276613712310791,
                -0.13190098106861115,
                0.6730291247367859
            ]
        ],
        [
            [
                -0.2889309227466583,
                -0.0180894136428833,
                0.7692675590515137
            ],
            [
                -0.2596070468425751,
                0.03958375006914139,
                0.8314285278320312,
                0.48965707421302795
            ]
        ],
        [
            [
                -0.6927084922790527,
                -0.17940057814121246,
                0.5350809097290039
            ],
            [
                -0.23464824259281158,
                -0.5380404591560364,
                0.7648031711578369,
                -0.26557260751724243
            ]
        ],
        [
            [
                0.5861981511116028,
                0.5404702425003052,
                0.4936831593513489
            ],
            [
                -0.6517651081085205,
                -0.03850425034761429,
                0.552308201789856,
                0.5183390974998474
            ]
        ]
    ],
    "start_goal_config": [
        null,
        null,
        null,
        null
    ],
    "start_config": [
        [
            -3.2387870613890493,
            -2.4173684402805424,
            1.3047665124153067,
            -1.4785218277667083,
            -1.9971222470311565,
            2.7899112983862454e-05
        ],
        [
            -4.730956570889039,
            -1.5897531342691147,
            1.5976611368736513,
            -1.5477524514292909,
            -2.1116663894433834,
            3.1002519392806974e-05
        ],
        [
            -2.8103399704108654,
            -1.9411206986483884,
            1.6055244492512328,
            -1.4614762603235203,
            -1.4996485585703654,
            6.583291598808691e-07
        ],
        [
            -3.252081474672104,
            -1.327257661593638,
            1.7886297706938148,
            -1.5401442506113179,
            -1.5995890876989833,
            6.973962982973234e-06
        ]
    ],
    "goal_config": [
        [
            -3.6955507651778814,
            -1.918333862279263,
            1.7900873785768319,
            -1.3832410674756805,
            -1.780747222804603,
            2.3727612718139025e-05
        ],
        [
            -3.3695521363425835,
            -2.30247164980969,
            1.2358227105061832,
            -1.5434854439815753,
            -1.9517719357566756,
            2.718831936535329e-05
        ],
        [
            -3.924338155298269,
            -2.4974136166375693,
            1.8225429059845406,
            -1.2120542760566444,
            -2.3961323042295515,
            2.2334353742750505e-05
        ],
        [
            -4.19941405553931,
            -2.397135276878699,
            1.8885394175856187,
            -1.210160673370921,
            -2.3834883296335114,
            2.5356442683470612e-05
        ]
    ],
    "base_poses": [
        [
            [
                -0.5224846902571139,
                0.7791210722965907,
                0.0
            ],
            [
                0.0,
                0.0,
                0.9822979488797569,
                -0.18732522421345854
            ]
        ],
        [
            [
                -0.20591828262417877,
                -0.007270085928021031,
                0.0
            ],
            [
                0.0,
                0.0,
                -0.22580808561231228,
                0.9741718064448912
            ]
        ],
        [
            [
                -0.6998487981654686,
                -0.09478939274292952,
                0.0
            ],
            [
                0.0,
                0.0,
                0.9079067141865289,
                0.4191722776317877
            ]
        ],
        [
            [
                0.7007612344019198,
                0.4642181495066757,
                0.0
            ],
            [
                -0.0,
                -0.0,
                0.18058673058216443,
                0.9835590641835622
            ]
        ]
    ],
    "difficulty": 0.8147904529223831,
    "dynamic_speed": null,
    "ur5_count": 4,
    "id": "005218",
    "task_path": "/home/hqh2101/workspace-sharing-multiarm/src/data/8f14d7-hard-vlo-tasks/005218.json"
}