{
    "target_eff_poses": [
        [
            [
                0.5153138637542725,
                0.3010703921318054,
                0.5953806638717651
            ],
            [
                -0.16123844683170319,
                0.4502575993537903,
                0.407494455575943,
                0.7779579758644104
            ]
        ],
        [
            [
                -0.27467668056488037,
                0.3476249575614929,
                0.16868825256824493
            ],
            [
                -0.11275294423103333,
                0.9367653727531433,
                0.3270784020423889,
                0.05269784852862358
            ]
        ],
        [
            [
                0.48939064145088196,
                0.6887927055358887,
                0.4966123104095459
            ],
            [
                -0.2661239206790924,
                -0.17738893628120422,
                0.9342318773269653,
                -0.15786705911159515
            ]
        ],
        [
            [
                -0.16679711639881134,
                -0.9006347060203552,
                0.48206374049186707
            ],
            [
                -0.5435028076171875,
                -0.3027610182762146,
                0.6354187726974487,
                -0.4573657512664795
            ]
        ]
    ],
    "start_goal_config": [
        null,
        null,
        null,
        null
    ],
    "start_config": [
        [
            -3.567141247524822,
            -2.460436568059792,
            1.595200035756178,
            -1.327190982038527,
            -2.1131736626488165,
            3.2542548618073294e-05
        ],
        [
            -2.4000163027211516,
            -1.682913852995219,
            2.164344673111253,
            -1.2946214658207702,
            -1.3682187676611957,
            -4.067418101139738e-07
        ],
        [
            -2.0983104477787737,
            -2.1112586436794007,
            1.5424601356697742,
            -1.4419502202380088,
            -1.0590006895579391,
            -1.986717244213431e-05
        ],
        [
            -2.3257092962461288,
            -0.6479055338422316,
            0.9941383545595778,
            -1.9792988004122272,
            -1.263402423147713,
            0.14866404994701418
        ]
    ],
    "goal_config": [
        [
            -2.7710530801367774,
            -1.5015667367936145,
            1.1392099597447183,
            -1.7818966351455408,
            -1.4321636769601112,
            -3.2460240035708022e-06
        ],
        [
            -1.2780157515966803,
            -1.4739907948586337,
            2.155762203629422,
            -1.3571189634606615,
            -0.2795344255923221,
            -7.255030159920538e-06
        ],
        [
            -2.7693841131766055,
            -3.1064366044607823,
            1.6614150990511443,
            -1.0454679874504107,
            -1.9913587162991924,
            2.486414046663504e-05
        ],
        [
            -2.6636732167275947,
            -2.4189370635223524,
            1.8350579421483293,
            -1.2147625289550623,
            -1.4551561152963244,
            -7.134506164973725e-06
        ]
    ],
    "base_poses": [
        [
            [
                0.2391763009410266,
                -0.18629017910085943,
                0.0
            ],
            [
                0.0,
                0.0,
                0.9741387664051921,
                -0.2259505781948134
            ]
        ],
        [
            [
                -0.05581317124271479,
                -0.038247588577567604,
                0.0
            ],
            [
                0.0,
                0.0,
                0.9861924100764741,
                0.16560353349960735
            ]
        ],
        [
            [
                0.2880361098130908,
                0.5762054284182694,
                0.0
            ],
            [
                -0.0,
                -0.0,
                0.19041023527737955,
                0.9817046105125579
            ]
        ],
        [
            [
                -0.22403198979620675,
                -0.7303334268862907,
                0.0
            ],
            [
                -0.0,
                -0.0,
                0.32129785040822384,
                0.9469781894653407
            ]
        ]
    ],
    "difficulty": 0.879620050785291,
    "dynamic_speed": null
}