{
    "target_eff_poses": [
        [
            [
                0.5001508593559265,
                0.1981247365474701,
                0.3808543086051941
            ],
            [
                -0.6792982816696167,
                0.02147919498383999,
                0.7102078199386597,
                0.18356871604919434
            ]
        ],
        [
            [
                -0.2650643289089203,
                0.42252129316329956,
                0.08800153434276581
            ],
            [
                0.2137368768453598,
                0.9354051947593689,
                0.17172196507453918,
                0.22326038777828217
            ]
        ],
        [
            [
                0.48496323823928833,
                0.7350637316703796,
                0.7201158404350281
            ],
            [
                -0.18617750704288483,
                -0.21404963731765747,
                0.9185726642608643,
                -0.2752179205417633
            ]
        ],
        [
            [
                0.12551891803741455,
                -0.2676534056663513,
                0.27340686321258545
            ],
            [
                0.5680761337280273,
                0.6653342843055725,
                0.009615938179194927,
                0.4842802584171295
            ]
        ]
    ],
    "start_goal_config": [
        null,
        null,
        null,
        null
    ],
    "start_config": [
        [
            -2.979893654757437,
            -2.685619456666723,
            1.516479033285123,
            -1.2930270036681708,
            -1.7690522451589286,
            -6.664410626647238e-08
        ],
        [
            -3.573990180956442,
            -1.8451981969828855,
            2.3957660219455668,
            -1.1066334983911108,
            -1.8848924019550048,
            -6.887213581714127e-13
        ],
        [
            -2.3384303308678684,
            -1.5820327588930214,
            1.6177385163741034,
            -1.547959968346632,
            -1.3398982993780508,
            -8.231906048318266e-06
        ],
        [
            -3.916584634994003,
            -1.1072324359687704,
            1.0909133856084432,
            -1.887936690248481,
            -1.7232787718742286,
            1.3439839196137113e-05
        ]
    ],
    "goal_config": [
        [
            -2.9755683037666056,
            -2.7772143323299714,
            2.0543461954658095,
            -0.9241829155926627,
            -1.7921241493088436,
            1.403190775578681e-05
        ],
        [
            -1.6393034266881452,
            -1.4206718185287783,
            2.2796000074968155,
            -1.4299684842024694,
            -0.6905228199103924,
            -1.5078957531485954e-05
        ],
        [
            -3.1803242388938924,
            -2.4968449693387638,
            1.3599571207401515,
            -1.429410874487273,
            -2.1346573714586703,
            2.9344140591847662e-05
        ],
        [
            -1.7665592045483807,
            -2.12721757485544,
            2.2397584541863576,
            -1.1238420605578032,
            -0.8442331984270567,
            3.474546112683357e-06
        ]
    ],
    "base_poses": [
        [
            [
                0.523828192805986,
                0.2751885128592795,
                0.0
            ],
            [
                0.0,
                0.0,
                -0.22337736505412753,
                0.9747320415280679
            ]
        ],
        [
            [
                -0.45133828568298356,
                0.10642653212870401,
                0.0
            ],
            [
                -0.0,
                -0.0,
                0.8599374557842117,
                0.5103994241174034
            ]
        ],
        [
            [
                0.436007548584022,
                0.7230872228153102,
                0.0
            ],
            [
                -0.0,
                -0.0,
                0.5583564402513334,
                0.82960116057649
            ]
        ],
        [
            [
                -0.1484250564243086,
                -0.29584645110985786,
                0.0
            ],
            [
                -0.0,
                -0.0,
                0.5140106907182103,
                0.8577837780159918
            ]
        ]
    ],
    "difficulty": 0.7786137496473243,
    "dynamic_speed": null
}