{
    "target_eff_poses": [
        [
            [
                0.9807649254798889,
                -0.43114203214645386,
                0.37857523560523987
            ],
            [
                -0.5100708603858948,
                0.567663311958313,
                -0.16738572716712952,
                0.6241539120674133
            ]
        ],
        [
            [
                -0.47367313504219055,
                -0.7188786268234253,
                0.185976043343544
            ],
            [
                0.8382877111434937,
                0.30747029185295105,
                -0.4501879811286926,
                0.008152776397764683
            ]
        ],
        [
            [
                0.6832065582275391,
                -0.3056500256061554,
                0.5116543173789978
            ],
            [
                -0.47770047187805176,
                -0.39136606454849243,
                0.7494043707847595,
                -0.23880517482757568
            ]
        ]
    ],
    "start_goal_config": [
        null,
        null,
        null
    ],
    "start_config": [
        [
            -3.232256144942138,
            -2.717022724448016,
            1.7897523707813365,
            -1.1448330156934072,
            -2.0523896445291934,
            2.4760311833043145e-05
        ],
        [
            -2.8119590248844957,
            -2.7165687644620378,
            1.8856267897153254,
            -1.0790189220042286,
            -1.5641711960078255,
            -2.8210068776306495e-06
        ],
        [
            -2.5571923168820416,
            -2.240337935302643,
            2.343313949363687,
            -0.9376601780416574,
            -1.4777406655496945,
            -3.929591659225465e-06
        ]
    ],
    "goal_config": [
        [
            -5.226570770552173,
            -1.462828771382072,
            1.584437635486411,
            -1.5267938400493333,
            -2.56481868694752,
            3.280138355185509e-05
        ],
        [
            -4.1417837952680046,
            -1.5589598212984042,
            2.016029466245014,
            -1.3911756318717297,
            -1.9042157181774386,
            3.025781792580066e-05
        ],
        [
            -3.818453733114209,
            -2.260387814523177,
            1.7561115242007947,
            -1.3060743880278103,
            -1.9486909166284618,
            -7.821566354947306e-08
        ]
    ],
    "base_poses": [
        [
            [
                0.5200709889181903,
                -0.6653692004313104,
                0.0
            ],
            [
                0.0,
                0.0,
                -0.2891133593557464,
                0.9572948685969412
            ]
        ],
        [
            [
                -0.16197933299787004,
                -0.5266649185737129,
                0.0
            ],
            [
                -0.0,
                -0.0,
                0.6326273616356497,
                0.7744563391889286
            ]
        ],
        [
            [
                0.7373539713321671,
                -0.10991966205683679,
                0.0
            ],
            [
                -0.0,
                -0.0,
                0.7418766263350239,
                0.6705364056468248
            ]
        ]
    ],
    "difficulty": 0.7205868522524217
}