{
    "target_eff_poses": [
        [
            [
                -0.48711958527565,
                0.5351030826568604,
                0.5525776147842407
            ],
            [
                0.04926042631268501,
                0.4866120219230652,
                -0.3805718719959259,
                0.7848230600357056
            ]
        ],
        [
            [
                0.32410910725593567,
                0.5577414631843567,
                0.6378130912780762
            ],
            [
                0.23593257367610931,
                0.20694459974765778,
                -0.6731683611869812,
                0.6695924997329712
            ]
        ],
        [
            [
                0.28174373507499695,
                -0.08066921681165695,
                0.1073170155286789
            ],
            [
                -0.24577926099300385,
                0.6241477131843567,
                0.13274306058883667,
                0.7296652793884277
            ]
        ],
        [
            [
                -0.6957817673683167,
                0.5125253796577454,
                0.168776273727417
            ],
            [
                -0.3515441119670868,
                0.850138247013092,
                0.23032113909721375,
                0.3172284960746765
            ]
        ]
    ],
    "start_goal_config": [
        null,
        null,
        null,
        null
    ],
    "start_config": [
        [
            -1.8938940851149442,
            -0.8650506879708211,
            1.1291587097432096,
            -1.9118252237330635,
            -1.1293415329563161,
            -2.340105295664568e-05
        ],
        [
            -2.9734236246678707,
            -1.6437926510358132,
            1.5943977373765756,
            -1.5421664844576188,
            -1.5317702734476675,
            3.7956238399803503e-06
        ],
        [
            -3.3950705124466847,
            -3.1438224806271324,
            2.2425771879671674,
            -0.5522853815080115,
            -2.613795961910755,
            -2.440894629418135e-05
        ],
        [
            -5.045376526874846,
            -1.4830184552523753,
            1.789770955560053,
            -1.4907430058430224,
            -2.3473999225337945,
            2.9702695414386074e-05
        ]
    ],
    "goal_config": [
        [
            -3.2098969335777285,
            -2.6279903881102307,
            1.7191119548377578,
            -1.210589923997589,
            -1.9214313716722866,
            2.9556612993700243e-05
        ],
        [
            -2.9425286691309203,
            -2.693366647320363,
            1.4919817344259256,
            -1.3017565920325074,
            -1.5080962314285888,
            -1.9844373480639984e-06
        ],
        [
            -4.135724585874556,
            -0.6747802051877825,
            1.0124001212804787,
            -2.0086447281122575,
            -1.7659786125429944,
            1.3163357443517606e-05
        ],
        [
            -2.328794535775924,
            -1.670192005650433,
            2.165844491819507,
            -1.3013077155034807,
            -1.3349151536945607,
            -7.757138703719619e-06
        ]
    ],
    "base_poses": [
        [
            [
                -0.534032874034599,
                0.48825600910586453,
                0.0
            ],
            [
                0.0,
                0.0,
                0.9708537358502232,
                0.23967274268398775
            ]
        ],
        [
            [
                0.20159278704622063,
                0.48510702067333344,
                0.0
            ],
            [
                -0.0,
                -0.0,
                0.6066602956892984,
                0.7949611849858916
            ]
        ],
        [
            [
                -0.36145937014301155,
                -0.5783191331478741,
                0.0
            ],
            [
                0.0,
                0.0,
                -0.7146882614368986,
                0.6994431277554333
            ]
        ],
        [
            [
                -0.7252830641219244,
                0.19784564470528232,
                0.0
            ],
            [
                0.0,
                0.0,
                0.9946339560927056,
                -0.1034567222918542
            ]
        ]
    ],
    "difficulty": 0.8602160638797558,
    "dynamic_speed": null
}