{
    "target_eff_poses": [
        [
            [
                -0.8202582001686096,
                -0.1051069051027298,
                0.5310698747634888
            ],
            [
                -0.5300741791725159,
                0.26441434025764465,
                0.7437107563018799,
                0.30983978509902954
            ]
        ],
        [
            [
                -0.11597742885351181,
                -0.16542044281959534,
                0.7506447434425354
            ],
            [
                0.20568183064460754,
                0.24042309820652008,
                -0.7278577089309692,
                0.6083707213401794
            ]
        ],
        [
            [
                0.0830761045217514,
                -0.5419949293136597,
                0.3656758666038513
            ],
            [
                -0.5522077083587646,
                0.42468520998954773,
                0.5928148627281189,
                0.4040786921977997
            ]
        ]
    ],
    "start_goal_config": [
        null,
        null,
        null
    ],
    "start_config": [
        [
            -3.561432606046328,
            -2.1875620306705077,
            1.7379956887892103,
            -1.3335662017241616,
            -1.8045364808094997,
            2.0960894449340277e-05
        ],
        [
            -1.5551265497640165,
            -0.89761119400096,
            1.1426515905641836,
            -1.8856992820283374,
            -0.9594469059312877,
            -2.7090302115745435e-05
        ],
        [
            -4.460430760538766,
            -1.7582589020374355,
            1.099497687207671,
            -1.730390984016719,
            -2.0771608680687508,
            4.163054576338505e-05
        ]
    ],
    "goal_config": [
        [
            -2.7851059056695835,
            -2.203671489811948,
            1.6839890598405716,
            -1.3539325282568677,
            -1.5028344982768889,
            -7.011613877436208e-07
        ],
        [
            -3.325677114802545,
            -2.180432634149553,
            1.2510077061582532,
            -1.5683023762872879,
            -1.73771798111556,
            1.3706598192963051e-05
        ],
        [
            -2.6607200541976725,
            -2.7806140475127803,
            2.0784027244202616,
            -0.8980062139264025,
            -1.5134914495959932,
            -6.001152717751353e-06
        ]
    ],
    "base_poses": [
        [
            [
                -0.5883202748320738,
                -0.19283817219882537,
                0.0
            ],
            [
                0.0,
                0.0,
                -0.570381461913928,
                0.8213799290857613
            ]
        ],
        [
            [
                -0.20179849594564503,
                -0.013745430678179127,
                0.0
            ],
            [
                -0.0,
                -0.0,
                0.7654366664033714,
                0.6435112351197096
            ]
        ],
        [
            [
                0.19394893106027788,
                -0.5059142556925039,
                0.0
            ],
            [
                0.0,
                0.0,
                -0.7626369501628556,
                0.6468267791660284
            ]
        ]
    ],
    "difficulty": 0.8123765635286373,
    "dynamic_speed": null,
    "ur5_count": 3,
    "id": "005301",
    "task_path": "/home/huy/programming/projects/workspace-sharing-multiarm/src/data/8f14d7-hard-vlo-tasks/005301.json"
}