{
    "target_eff_poses": [
        [
            [
                -0.25563594698905945,
                -0.0627339631319046,
                0.48051029443740845
            ],
            [
                -0.08043710887432098,
                0.6539060473442078,
                0.47395285964012146,
                0.5842136144638062
            ]
        ],
        [
            [
                -0.8284693360328674,
                -0.14472508430480957,
                0.4503018260002136
            ],
            [
                -0.5446465015411377,
                -0.41855359077453613,
                0.7147957682609558,
                -0.13130179047584534
            ]
        ]
    ],
    "start_goal_config": [
        null,
        null
    ],
    "start_config": [
        [
            -1.5219091266256752,
            -1.350927537384705,
            1.8916232233940347,
            -1.519476052507867,
            -0.8679737067137185,
            -2.341945729990228e-06
        ],
        [
            -4.121006417227919,
            -1.2275701419048486,
            1.2015169779103683,
            -1.8105445338675379,
            -1.8003543028256082,
            1.808410807851161e-05
        ]
    ],
    "goal_config": [
        [
            -1.7207302162809421,
            -1.7354970853215403,
            1.5590333112606851,
            -1.5265801001996473,
            -1.011616726227311,
            -1.997560311348643e-05
        ],
        [
            -3.9907010925275386,
            -2.2862301582023066,
            1.8923773640362096,
            -1.2333195327240212,
            -2.0443581969856948,
            2.3734280819908895e-07
        ]
    ],
    "base_poses": [
        [
            [
                -0.42215206225102,
                -0.492243923888878,
                0.0
            ],
            [
                0.0,
                0.0,
                0.9528035958367662,
                0.3035873972359991
            ]
        ],
        [
            [
                -0.7419490811940203,
                0.025645325931560103,
                0.0
            ],
            [
                -0.0,
                -0.0,
                0.7466430701572371,
                0.6652248685866872
            ]
        ]
    ],
    "difficulty": 0.4910185272265588
}