{
    "target_eff_poses": [
        [
            [
                -0.2136601060628891,
                0.7594878673553467,
                0.7168170213699341
            ],
            [
                0.007119650021195412,
                0.3807459771633148,
                0.0049259052611887455,
                0.924639105796814
            ]
        ]
    ],
    "start_goal_config": [
        null
    ],
    "start_config": [
        [
            -2.9141186182469156,
            -3.1868894773826546,
            1.0361700864847545,
            -1.3001052683526326,
            -1.650268571737512,
            -4.734063121427727e-06
        ]
    ],
    "goal_config": [
        [
            -3.0990850027478944,
            -1.8126566672738345,
            1.156332146873981,
            -1.7039172616022564,
            -1.5467778567549457,
            5.576317890392422e-06
        ]
    ],
    "base_poses": [
        [
            [
                -0.5830169813838355,
                0.6521412786999661,
                0.0
            ],
            [
                0.0,
                0.0,
                0.9996098513119669,
                0.027931078748725444
            ]
        ]
    ],
    "difficulty": 0.0,
    "dynamic_speed": null,
    "ur5_count": 1,
    "id": "005382",
    "task_path": "/home/hqh2101/workspace-sharing-multiarm/src/data/8f14d7-hard-vlo-tasks/005382.json"
}