{
    "target_eff_poses": [
        [
            [
                0.2667306363582611,
                0.0007605374557897449,
                0.7697184681892395
            ],
            [
                0.0023120357654988766,
                0.019788973033428192,
                -0.04851324483752251,
                0.998623788356781
            ]
        ],
        [
            [
                -0.22031323611736298,
                0.8970187902450562,
                0.23506280779838562
            ],
            [
                0.911222517490387,
                0.09288113564252853,
                -0.24412086606025696,
                -0.318514883518219
            ]
        ],
        [
            [
                0.4408135712146759,
                -0.4160180687904358,
                0.5763579607009888
            ],
            [
                -0.35335156321525574,
                0.3655637502670288,
                0.5477240085601807,
                0.6644578576087952
            ]
        ]
    ],
    "start_goal_config": [
        null,
        null,
        null
    ],
    "start_config": [
        [
            -1.5951508623554547,
            -1.5474498169424857,
            1.7783415041265704,
            -1.4941643166214502,
            -0.9627332644440624,
            -2.47005489621844e-05
        ],
        [
            -3.778353964194956,
            -2.155639675529333,
            1.143665973220066,
            -1.6224764140086592,
            -2.2020057076129302,
            3.903377600285739e-05
        ],
        [
            -4.844664173116095,
            -1.2989446912505318,
            2.0261758811294945,
            -1.4850940331540188,
            -2.246076515728222,
            2.8683309528939158e-05
        ]
    ],
    "goal_config": [
        [
            -3.0465555001867024,
            -2.6545409783802363,
            1.077484892305388,
            -1.5246852120495586,
            -1.5029193444200133,
            -4.515291755561022e-06
        ],
        [
            -4.970578328853513,
            -1.8418212805965037,
            2.2322172251805266,
            -1.2162620328261589,
            -2.5892248911075795,
            2.1918151987601587e-05
        ],
        [
            -3.0513959251364295,
            -2.409120763488827,
            1.6472706590808355,
            -1.3130350169444835,
            -1.6498200231628206,
            8.253997391682525e-06
        ]
    ],
    "base_poses": [
        [
            [
                0.4887038933449339,
                -0.15578288705769283,
                0.0
            ],
            [
                0.0,
                0.0,
                0.9915620164070458,
                0.12963320415230584
            ]
        ],
        [
            [
                -0.034711774511447246,
                0.6977735032147041,
                0.0
            ],
            [
                -0.0,
                -0.0,
                0.4854348249627964,
                0.8742728582732848
            ]
        ],
        [
            [
                0.5262982258762317,
                -0.5397356294282739,
                0.0
            ],
            [
                0.0,
                0.0,
                -0.7751717038830245,
                0.6317506070429126
            ]
        ]
    ],
    "difficulty": 0.8341954293238033,
    "dynamic_speed": null,
    "ur5_count": 3,
    "id": "005351",
    "task_path": "/home/huy/programming/projects/workspace-sharing-multiarm/src/data/8f14d7-hard-vlo-tasks/005351.json"
}