{
    "target_eff_poses": [
        [
            [
                -0.8569998145103455,
                -0.6372519135475159,
                0.3154187500476837
            ],
            [
                0.8247578740119934,
                -0.0921216532588005,
                -0.4974469840526581,
                0.25265517830848694
            ]
        ],
        [
            [
                -0.7711949944496155,
                0.5982029438018799,
                0.17111073434352875
            ],
            [
                0.8119567036628723,
                -0.40501081943511963,
                -0.3882874846458435,
                -0.161014124751091
            ]
        ],
        [
            [
                0.32885003089904785,
                -0.6609904170036316,
                0.3852402865886688
            ],
            [
                0.47960662841796875,
                0.4734441637992859,
                -0.5301219820976257,
                0.5145860910415649
            ]
        ],
        [
            [
                0.8404582738876343,
                0.5063387751579285,
                0.6430004835128784
            ],
            [
                -0.2749939262866974,
                0.3398744463920593,
                0.3222201466560364,
                0.8396653532981873
            ]
        ]
    ],
    "start_goal_config": [
        null,
        null,
        null,
        null
    ],
    "start_config": [
        [
            -2.801354013521348,
            -2.5835212881374527,
            1.7503934339431526,
            -1.2055425028536046,
            -1.4990555308840752,
            -7.224658242286685e-06
        ],
        [
            -2.9200717454556018,
            -0.8112303923683974,
            1.1180635916621702,
            -1.9389324489522297,
            -1.4436292864656028,
            -6.575777894032928e-06
        ],
        [
            -3.2078600648565905,
            -2.3642911389429377,
            1.1975747253099438,
            -1.5458309858163883,
            -1.976352000219929,
            2.6377912509948285e-05
        ],
        [
            -3.0894713185021114,
            -2.6268413243520032,
            2.1593535578674965,
            -0.9051652135840063,
            -1.8287315013129508,
            2.064483683405238e-09
        ]
    ],
    "goal_config": [
        [
            -1.8553268571448545,
            -2.128042253856514,
            2.1232005681140094,
            -1.1789359887528241,
            -0.98961494850013,
            -1.0188212169975475e-05
        ],
        [
            -2.771021476452362,
            -1.590133252616173,
            2.0750480941698717,
            -1.3525723488477446,
            -1.501195849867703,
            2.324318373194047e-06
        ],
        [
            -3.2464390096897895,
            -1.418661331210392,
            1.4269136072311035,
            -1.6708334151478932,
            -1.5792005252140222,
            1.2360547862624839e-06
        ],
        [
            -4.25135505541697,
            -1.5295362604546983,
            1.0870036016235969,
            -1.7941043488316644,
            -1.8846642527149637,
            2.466301133956913e-05
        ]
    ],
    "base_poses": [
        [
            [
                -0.719879551570584,
                -0.3930492878779312,
                0.0
            ],
            [
                0.0,
                0.0,
                -0.44733140694178214,
                0.8943682755797444
            ]
        ],
        [
            [
                -0.4674590529759268,
                0.42866084402505744,
                0.0
            ],
            [
                0.0,
                0.0,
                -0.5754698357019296,
                0.8178230054218297
            ]
        ],
        [
            [
                0.23282363844378784,
                -0.0960019137962631,
                0.0
            ],
            [
                -0.0,
                -0.0,
                0.7360076938346507,
                0.6769731712676649
            ]
        ],
        [
            [
                0.6385871017726648,
                0.01916392624324792,
                0.0
            ],
            [
                0.0,
                0.0,
                -0.4728807426897544,
                0.8811264399580723
            ]
        ]
    ],
    "difficulty": 0.891093764694818,
    "dynamic_speed": null
}