{
    "target_eff_poses": [
        [
            [
                0.0629834309220314,
                0.017395518720149994,
                0.386659175157547
            ],
            [
                -0.6176834106445312,
                0.24475334584712982,
                0.7375398278236389,
                -0.12082222104072571
            ]
        ]
    ],
    "start_goal_config": [
        null
    ],
    "start_config": [
        [
            -3.5868722956209065,
            -1.2516854629201741,
            1.9086906934375283,
            -1.5151346763168059,
            -1.6976381877990783,
            1.5870335236872406e-05
        ]
    ],
    "goal_config": [
        [
            -1.666638888353591,
            -1.3057372543477177,
            1.338843689926129,
            -1.7212822517782003,
            -1.031153837437783,
            -2.920141792460699e-05
        ]
    ],
    "base_poses": [
        [
            [
                0.6968938816782959,
                0.05911344605133417,
                0.0
            ],
            [
                0.0,
                0.0,
                -0.7479270761270348,
                0.6637809042116719
            ]
        ]
    ],
    "difficulty": 0.0
}