{
    "target_eff_poses": [
        [
            [
                -0.48851051926612854,
                0.02376100793480873,
                0.2732434868812561
            ],
            [
                0.6904950141906738,
                -0.5235795974731445,
                -0.1941298246383667,
                -0.45977675914764404
            ]
        ],
        [
            [
                -0.2981095016002655,
                -0.16761356592178345,
                0.7842351198196411
            ],
            [
                -0.23732990026474,
                0.1832623928785324,
                0.4736965596675873,
                0.8280706405639648
            ]
        ]
    ],
    "start_goal_config": [
        null,
        null
    ],
    "start_config": [
        [
            -4.049335358925837,
            -2.0945184896571574,
            1.2201444774950758,
            -1.599781313945971,
            -2.1605239545959196,
            3.9655747798709124e-05
        ],
        [
            -3.2408974458776716,
            -2.612975414116213,
            1.6227768892498675,
            -1.2662228215870044,
            -2.038891001880611,
            3.288301459114772e-05
        ]
    ],
    "goal_config": [
        [
            -3.51234689452386,
            -2.538354380747723,
            2.3122978763481457,
            -0.8190175462721624,
            -2.093302656030377,
            2.1270543810528575e-13
        ],
        [
            -3.9531784562331116,
            -1.9780415077341311,
            1.1233880994977663,
            -1.677852369376304,
            -1.9644748547470698,
            3.35012666678119e-05
        ]
    ],
    "base_poses": [
        [
            [
                -0.459818343109629,
                -0.04299580672936398,
                0.0
            ],
            [
                0.0,
                0.0,
                -0.6628712698397151,
                0.7487333835358776
            ]
        ],
        [
            [
                -0.2726210133737924,
                -0.41525381724364724,
                0.0
            ],
            [
                0.0,
                0.0,
                -0.433655872549071,
                0.9010785671647639
            ]
        ]
    ],
    "difficulty": 0.644897575643676,
    "dynamic_speed": null
}