{
    "target_eff_poses": [
        [
            [
                -0.5472309589385986,
                0.18850910663604736,
                0.5722053050994873
            ],
            [
                -0.26103368401527405,
                0.5188947916030884,
                -0.26036015152931213,
                0.7712472081184387
            ]
        ]
    ],
    "start_goal_config": [
        null
    ],
    "start_config": [
        [
            -3.225679247185932,
            -2.066496098006014,
            1.4081855610146627,
            -1.5216590343798329,
            -1.6392257012460643,
            1.0009582786362985e-05
        ]
    ],
    "goal_config": [
        [
            -4.333043412957143,
            -2.256356757914763,
            1.6924052828744487,
            -1.3380682857166282,
            -2.3624636811828306,
            2.78352886931384e-05
        ]
    ],
    "base_poses": [
        [
            [
                -0.7247579341482111,
                0.14657644354608457,
                0.0
            ],
            [
                0.0,
                0.0,
                -0.7863021612735784,
                0.6178421409846526
            ]
        ]
    ],
    "difficulty": 0.0,
    "dynamic_speed": null
}