{
    "target_eff_poses": [
        [
            [
                0.99510657787323,
                -0.38874655961990356,
                0.4147971570491791
            ],
            [
                0.3699178397655487,
                0.5322048664093018,
                -0.39298853278160095,
                0.6522873044013977
            ]
        ]
    ],
    "start_goal_config": [
        null
    ],
    "start_config": [
        [
            -3.1795723080549103,
            -2.1957915865590016,
            1.2747306745372868,
            -1.5526865776883272,
            -1.6538867390052738,
            9.633742275156568e-06
        ]
    ],
    "goal_config": [
        [
            -2.976508441148422,
            -1.4307782987895097,
            1.3855748973922555,
            -1.686117638697677,
            -1.5056287302093752,
            6.232957637116642e-07
        ]
    ],
    "base_poses": [
        [
            [
                0.6566550154562545,
                0.07910240931986989,
                0.0
            ],
            [
                -0.0,
                -0.0,
                0.7916050083722409,
                0.6110331502627205
            ]
        ]
    ],
    "difficulty": 0.0,
    "dynamic_speed": null,
    "ur5_count": 1,
    "id": "005489",
    "task_path": "/home/huy/programming/projects/workspace-sharing-multiarm/src/data/8f14d7-hard-vlo-tasks/005489.json"
}