{
    "target_eff_poses": [
        [
            [
                1.0596106052398682,
                -0.04739845171570778,
                0.2933395206928253
            ],
            [
                0.5740236639976501,
                0.6564657688140869,
                0.2505147159099579,
                0.42046621441841125
            ]
        ],
        [
            [
                -0.4457806646823883,
                -0.586688220500946,
                0.32683151960372925
            ],
            [
                -0.11899479478597641,
                0.7772406339645386,
                -0.07964914292097092,
                0.6126935482025146
            ]
        ],
        [
            [
                0.6273397207260132,
                -0.7502685785293579,
                0.5619546175003052
            ],
            [
                -0.3516778349876404,
                0.3121999502182007,
                0.38433340191841125,
                0.7944442629814148
            ]
        ],
        [
            [
                0.19412268698215485,
                0.04244396835565567,
                0.710273265838623
            ],
            [
                -0.27824997901916504,
                -0.2722585201263428,
                0.8340057730674744,
                -0.3910072445869446
            ]
        ]
    ],
    "start_goal_config": [
        null,
        null,
        null,
        null
    ],
    "start_config": [
        [
            -3.4362223747418312,
            -2.5573312165375506,
            1.7289210386745406,
            -1.2310876268971538,
            -2.0381281057851366,
            1.2037875322043123e-06
        ],
        [
            -3.7013188682301683,
            -2.3641095088652264,
            1.9147647993699142,
            -1.1938667087676065,
            -1.9565911153303561,
            1.7630409178100533e-05
        ],
        [
            -2.969894755565363,
            -2.409420253699514,
            1.231697828697133,
            -1.516749328175729,
            -1.468195973624354,
            -6.053845655409303e-06
        ],
        [
            -4.148858083702425,
            -2.1091493369807246,
            1.429854707105574,
            -1.498583041881395,
            -2.082396267523151,
            3.454127063341058e-05
        ]
    ],
    "goal_config": [
        [
            -1.1578685564995863,
            -1.5292611961031608,
            1.8854253392082168,
            -1.3790290246614783,
            -0.3149753765831807,
            -2.6324049631734077e-05
        ],
        [
            -3.1463188777939015,
            -2.595939473087515,
            2.1734217442706076,
            -0.909487417707842,
            -1.8519868227932308,
            9.256070581116373e-06
        ],
        [
            -3.203429467902835,
            -2.649222323350906,
            1.7006613886594253,
            -1.213847668196322,
            -1.9650187078430876,
            2.1830601286194462e-05
        ],
        [
            -3.766918771154075,
            -2.1114449405848728,
            1.320912558018507,
            -1.55132445567323,
            -1.9069369979934174,
            3.092948165807961e-05
        ]
    ],
    "base_poses": [
        [
            [
                0.5798609935055099,
                -0.19614091298710823,
                0.0
            ],
            [
                -0.0,
                -0.0,
                0.46916389776441086,
                0.8831111125076535
            ]
        ],
        [
            [
                -0.5010041812326881,
                -0.6610333365555159,
                0.0
            ],
            [
                0.0,
                0.0,
                0.9999062841040357,
                -0.01369025234462329
            ]
        ],
        [
            [
                0.6844322518808454,
                -0.7659973718590835,
                0.0
            ],
            [
                0.0,
                0.0,
                -0.7784399218386604,
                0.6277191155985457
            ]
        ],
        [
            [
                0.20581229845575066,
                0.2629122840995364,
                0.0
            ],
            [
                -0.0,
                -0.0,
                0.7950815295614684,
                0.6065025649988598
            ]
        ]
    ],
    "difficulty": 0.869274898899652,
    "dynamic_speed": null,
    "ur5_count": 4,
    "id": "005476",
    "task_path": "/home/hqh2101/workspace-sharing-multiarm/src/data/8f14d7-hard-vlo-tasks/005476.json"
}