{
    "target_eff_poses": [
        [
            [
                -0.23359429836273193,
                0.9038395285606384,
                0.2045309692621231
            ],
            [
                0.1982116848230362,
                0.8041025996208191,
                0.3151555359363556,
                0.463473916053772
            ]
        ],
        [
            [
                -0.6788235902786255,
                0.32372811436653137,
                0.16421441733837128
            ],
            [
                0.652490496635437,
                0.6913033723831177,
                -0.2774321436882019,
                -0.1392383575439453
            ]
        ],
        [
            [
                0.05123017355799675,
                -0.3388362526893616,
                0.530332624912262
            ],
            [
                -0.4991757869720459,
                0.11338195204734802,
                0.6841188669204712,
                0.5195665955543518
            ]
        ]
    ],
    "start_goal_config": [
        null,
        null,
        null
    ],
    "start_config": [
        [
            -3.5185639061090956,
            -1.2325843298894466,
            1.0751969324522535,
            -1.871102042689663,
            -1.6189781475722667,
            6.10515915610697e-06
        ],
        [
            -3.796810014510169,
            -2.514316814188979,
            2.326806867183534,
            -0.8485308628484282,
            -2.245779843780387,
            3.59602963249656e-14
        ],
        [
            -4.380128647120906,
            -2.3005458240478056,
            1.804395329871406,
            -1.266900157826637,
            -2.7709477081647593,
            2.756568109067113e-05
        ]
    ],
    "goal_config": [
        [
            -1.3249693770520585,
            -1.2005937334507173,
            1.6347390089918834,
            -1.6240435465690366,
            -0.7319535995874432,
            -2.334758762733102e-05
        ],
        [
            -5.223970644807188,
            -1.4783983924988953,
            2.1683998118658177,
            -1.3212444869908038,
            -2.8502177581702695,
            1.1057308874318862e-05
        ],
        [
            -3.2512817766695283,
            -2.667742172342255,
            1.7716771066653214,
            -1.1707482308246413,
            -1.9969927814778015,
            2.48228191029695e-05
        ]
    ],
    "base_poses": [
        [
            [
                -0.6918131062094663,
                0.5141511051598331,
                0.0
            ],
            [
                -0.0,
                -0.0,
                0.7447890178196743,
                0.6673000216808064
            ]
        ],
        [
            [
                -0.32828950336389745,
                0.43497873020956623,
                0.0
            ],
            [
                0.0,
                0.0,
                0.9376311002852351,
                0.3476318739383651
            ]
        ],
        [
            [
                0.09781964416322708,
                -0.3081639567560741,
                0.0
            ],
            [
                0.0,
                0.0,
                -0.37239081004099556,
                0.9280760122947964
            ]
        ]
    ],
    "difficulty": 0.8460960255567039,
    "dynamic_speed": null,
    "ur5_count": 3,
    "id": "005484",
    "task_path": "/home/hqh2101/workspace-sharing-multiarm/src/data/8f14d7-hard-vlo-tasks/005484.json"
}