{
    "target_eff_poses": [
        [
            [
                0.1951715350151062,
                -0.6064216494560242,
                0.5273617506027222
            ],
            [
                -0.3936398923397064,
                -0.346180260181427,
                0.8460243344306946,
                -0.09720941632986069
            ]
        ],
        [
            [
                0.5991910696029663,
                0.831793487071991,
                0.6911377310752869
            ],
            [
                -0.174097940325737,
                0.37566643953323364,
                0.38164469599723816,
                0.8263849020004272
            ]
        ]
    ],
    "start_goal_config": [
        null,
        null
    ],
    "start_config": [
        [
            -3.2025491679018234,
            -2.6079726387712308,
            1.9121625797529218,
            -1.107401443289719,
            -1.8459218218581839,
            1.4398996021396445e-05
        ],
        [
            -4.011182789780824,
            -1.3406129159831164,
            1.3819390472912796,
            -1.7070001451381087,
            -1.7829689273243918,
            1.8397596869942316e-05
        ]
    ],
    "goal_config": [
        [
            -3.3810830911869196,
            -2.683787263990329,
            1.8007998196008776,
            -1.1550223837731557,
            -2.1777425979688934,
            2.554215332080922e-05
        ],
        [
            -3.0821641774492643,
            -2.027744008113322,
            1.3154078075282787,
            -1.5754630415434152,
            -1.5721295574333305,
            5.064925389895261e-06
        ]
    ],
    "base_poses": [
        [
            [
                0.16946306752225004,
                -0.5826639576426441,
                0.0
            ],
            [
                -0.0,
                -0.0,
                0.5120971224436269,
                0.8589275506030511
            ]
        ],
        [
            [
                0.5099558564074926,
                0.5584141682167896,
                0.0
            ],
            [
                0.0,
                0.0,
                0.9196543242061446,
                -0.39272881733957277
            ]
        ]
    ],
    "difficulty": 0.12367158845104863,
    "dynamic_speed": null
}