{
    "target_eff_poses": [
        [
            [
                -0.18639051914215088,
                0.9065864086151123,
                0.2968003451824188
            ],
            [
                -0.11352194845676422,
                0.6432105898857117,
                0.45342159271240234,
                0.6064666509628296
            ]
        ]
    ],
    "start_goal_config": [
        null
    ],
    "start_config": [
        [
            -2.7393187550213978,
            -1.1851210602177473,
            1.1768656250818692,
            -1.8336715051142272,
            -1.4157355457452976,
            -7.166846177065324e-06
        ]
    ],
    "goal_config": [
        [
            -1.8172068497253548,
            -1.0268592231236162,
            1.1678193616411074,
            -1.8590626753196895,
            -1.10349498439763,
            -2.4183149500243188e-05
        ]
    ],
    "base_poses": [
        [
            [
                -0.5563918748804343,
                0.26773513142622707,
                0.0
            ],
            [
                0.0,
                0.0,
                0.9679500141204294,
                0.25114292776078845
            ]
        ]
    ],
    "difficulty": 0.0
}