{
    "target_eff_poses": [
        [
            [
                0.8336458206176758,
                0.5987692475318909,
                0.16548217833042145
            ],
            [
                -0.22329068183898926,
                0.6846742033958435,
                0.5303454995155334,
                0.4473210275173187
            ]
        ],
        [
            [
                -0.7784926295280457,
                0.388121634721756,
                0.49914562702178955
            ],
            [
                -0.4969460964202881,
                0.20946148037910461,
                0.5857133269309998,
                0.6050705313682556
            ]
        ]
    ],
    "start_goal_config": [
        null,
        null
    ],
    "start_config": [
        [
            -3.431379417365136,
            -1.7482605920454743,
            1.8475292207663176,
            -1.4024950299631458,
            -1.6860311932805567,
            1.434341649973334e-05
        ],
        [
            -3.2347637814350487,
            -2.3507233319002805,
            1.2128362158246697,
            -1.5420779136883265,
            -1.9309986884184172,
            2.534743255226699e-05
        ]
    ],
    "goal_config": [
        [
            -1.6571049883053661,
            -0.8610421803703204,
            1.2045319637498826,
            -1.8769893047287087,
            -1.0159320181755445,
            -2.37108648904238e-05
        ],
        [
            -3.2045895029075897,
            -2.7146471457648973,
            1.8318029909004439,
            -1.119560590707366,
            -1.973557843196612,
            2.2172517109262373e-05
        ]
    ],
    "base_poses": [
        [
            [
                0.7212497566883231,
                -0.15071338907533993,
                0.0
            ],
            [
                0.0,
                0.0,
                0.9888351893829991,
                0.1490133156395368
            ]
        ],
        [
            [
                -0.7248877954071928,
                0.41084574970958965,
                0.0
            ],
            [
                0.0,
                0.0,
                -0.538593442287095,
                0.8425657861112908
            ]
        ]
    ],
    "difficulty": 0.006106248727864848
}