{
    "target_eff_poses": [
        [
            [
                -1.2590559720993042,
                -0.5448223948478699,
                0.44491222500801086
            ],
            [
                -0.5526299476623535,
                -0.1388884037733078,
                0.8155776262283325,
                0.10071372240781784
            ]
        ],
        [
            [
                0.08254354447126389,
                0.03854634240269661,
                0.27471163868904114
            ],
            [
                -0.6797940135002136,
                0.19490450620651245,
                0.374916136264801,
                0.5994415879249573
            ]
        ],
        [
            [
                0.46843740344047546,
                0.25968292355537415,
                0.5280427932739258
            ],
            [
                -0.3433472216129303,
                -0.19566459953784943,
                0.896546483039856,
                0.20008119940757751
            ]
        ],
        [
            [
                0.6338518857955933,
                -0.3472708761692047,
                0.3623407185077667
            ],
            [
                -0.34140443801879883,
                0.6889061331748962,
                0.3998579978942871,
                0.4989638924598694
            ]
        ]
    ],
    "start_goal_config": [
        null,
        null,
        null,
        null
    ],
    "start_config": [
        [
            -3.993311696824235,
            -2.5069364407562573,
            1.8728493135439133,
            -1.187085851217372,
            -2.483717273485354,
            2.5351043309866268e-05
        ],
        [
            -2.899180587918641,
            -3.1924856870255525,
            0.884493575049335,
            -1.3579788824529584,
            -1.6827576395975732,
            -5.78593962888127e-06
        ],
        [
            -5.087780559448318,
            -1.7401032459274595,
            1.4267604533813645,
            -1.5294127994321705,
            -2.5984751211445016,
            3.229004692317413e-05
        ],
        [
            -4.476157799290087,
            -1.5473287603110164,
            2.1829158793329873,
            -1.3442824151122381,
            -2.100262013971332,
            -7.206638010868606e-09
        ]
    ],
    "goal_config": [
        [
            -4.5072285908736305,
            -1.2228128119045192,
            1.129395261981806,
            -1.8356013732651493,
            -1.939894256996932,
            2.6603801901045386e-05
        ],
        [
            -5.077720094607476,
            -1.036455888029335,
            1.2510716940763038,
            -1.7851543904799254,
            -2.3034543559206924,
            6.176865420633808e-05
        ],
        [
            -2.879300893959836,
            -2.9699798151713828,
            1.7292595642051054,
            -1.088331853589456,
            -2.308340422423484,
            4.092746580557744e-17
        ],
        [
            -2.3404318699473294,
            -1.907629567962162,
            1.871460371425327,
            -1.3513048144377717,
            -1.355317616844746,
            2.712720512118367e-09
        ]
    ],
    "base_poses": [
        [
            [
                -0.6051672787137234,
                -0.4010050559286999,
                0.0
            ],
            [
                -0.0,
                -0.0,
                0.6776114051586546,
                0.7354201408711306
            ]
        ],
        [
            [
                0.2955865579236914,
                -0.6226513493254155,
                0.0
            ],
            [
                -0.0,
                -0.0,
                0.3169731954898151,
                0.9484344960728577
            ]
        ],
        [
            [
                0.31223600783768024,
                0.2343706697112249,
                0.0
            ],
            [
                -0.0,
                -0.0,
                0.018054397761114883,
                0.9998370060772324
            ]
        ],
        [
            [
                0.6225437345081299,
                -0.6964883205547553,
                0.0
            ],
            [
                0.0,
                0.0,
                0.986044617577155,
                -0.16648126665520688
            ]
        ]
    ],
    "difficulty": 0.9248190959496287,
    "dynamic_speed": null
}