{
    "target_eff_poses": [
        [
            [
                0.8594112992286682,
                0.7668300271034241,
                0.11657194048166275
            ],
            [
                -0.5094366073608398,
                0.7733526825904846,
                0.1635388731956482,
                0.34008097648620605
            ]
        ],
        [
            [
                -0.26075562834739685,
                1.1661005020141602,
                0.6714342832565308
            ],
            [
                -0.017958957701921463,
                -0.03668883070349693,
                -0.7615538239479065,
                0.646813154220581
            ]
        ]
    ],
    "start_goal_config": [
        null,
        null
    ],
    "start_config": [
        [
            -3.9637692015084554,
            -2.5192437795164224,
            2.280092827926037,
            -0.9109661281390294,
            -2.31941063026083,
            1.2008170894490132e-05
        ],
        [
            -1.993770322870015,
            -2.176197108467796,
            1.5588813064239233,
            -1.3963244415160112,
            -0.44454257232239747,
            -2.6982022758618364e-05
        ]
    ],
    "goal_config": [
        [
            -3.5139587984030083,
            -1.4111155000306834,
            2.0517342344255765,
            -1.4145021035692236,
            -1.705040075502504,
            1.2915662060211986e-05
        ],
        [
            -2.687469780556363,
            -2.911609102756809,
            1.1043152218795451,
            -1.4160079151772065,
            -1.9820164103930613,
            2.364813166745502e-05
        ]
    ],
    "base_poses": [
        [
            [
                0.7550231205413507,
                0.41426147593791485,
                0.0
            ],
            [
                0.0,
                0.0,
                -0.7638381205522637,
                0.6454078753712148
            ]
        ],
        [
            [
                -0.21905977367009333,
                0.7694907580623698,
                0.0
            ],
            [
                -0.0,
                -0.0,
                0.6308554877819665,
                0.7759003502611512
            ]
        ]
    ],
    "difficulty": 0.2019185554406094,
    "dynamic_speed": null
}