{
    "target_eff_poses": [
        [
            [
                -0.24071930348873138,
                -0.41667675971984863,
                0.42917799949645996
            ],
            [
                0.1887684315443039,
                0.6144042611122131,
                -0.482412189245224,
                0.5951071381568909
            ]
        ],
        [
            [
                0.5136166214942932,
                0.7394492626190186,
                0.6213260293006897
            ],
            [
                -0.05550657957792282,
                -0.01088244654238224,
                0.8904372453689575,
                -0.4515773057937622
            ]
        ],
        [
            [
                -0.3677479028701782,
                0.6858596205711365,
                0.716193675994873
            ],
            [
                -0.2741803824901581,
                0.02887846902012825,
                0.9351595640182495,
                0.22241342067718506
            ]
        ],
        [
            [
                0.7300721406936646,
                -0.526789128780365,
                0.14886589348316193
            ],
            [
                0.007366005796939135,
                0.9656681418418884,
                -0.19412094354629517,
                0.1724756360054016
            ]
        ]
    ],
    "start_goal_config": [
        null,
        null,
        null,
        null
    ],
    "start_config": [
        [
            -2.83077849408861,
            -1.476496998555784,
            1.8527450640871337,
            -1.475493027468721,
            -1.4992547714608895,
            1.4703418135340995e-06
        ],
        [
            -2.0948164404053333,
            -1.3947565005683578,
            1.3307745564329274,
            -1.7138335313619217,
            -1.2297803619075276,
            -1.9754538485967172e-05
        ],
        [
            -3.7559962736883494,
            -2.2637403010461212,
            1.291794226890994,
            -1.5218653850123458,
            -2.372637991683113,
            3.4051144465513624e-05
        ],
        [
            -1.5971822047236706,
            -1.838014470630557,
            2.246628437256569,
            -1.236428383440282,
            -0.7041828186320853,
            -1.51605567227606e-05
        ]
    ],
    "goal_config": [
        [
            -3.2737743015093694,
            -2.684430706317205,
            1.977660013098031,
            -1.038655479302144,
            -1.953903478922405,
            1.048448253339558e-05
        ],
        [
            -3.136284707316179,
            -2.989237347894046,
            1.266821447221284,
            -1.3059951067980322,
            -1.295187107302323,
            1.5992658753816153e-05
        ],
        [
            -3.04240411562899,
            -2.489406690007209,
            1.3447857422820382,
            -1.4383418464848923,
            -1.699354997812845,
            1.0400874168797088e-06
        ],
        [
            -4.471105958084496,
            -1.830230580923713,
            2.44272605461478,
            -1.1378546660402225,
            -2.4075257816989613,
            1.4306665296585065e-05
        ]
    ],
    "base_poses": [
        [
            [
                -0.3083252801075418,
                -0.42463286898292146,
                0.0
            ],
            [
                0.0,
                0.0,
                0.9116393258163287,
                0.4109911673322794
            ]
        ],
        [
            [
                0.15327978613444737,
                0.6413944289934543,
                0.0
            ],
            [
                -0.0,
                -0.0,
                0.3229889887257772,
                0.9464027225034276
            ]
        ],
        [
            [
                -0.3522527857403217,
                0.7784505807211903,
                0.0
            ],
            [
                0.0,
                0.0,
                -0.2170695495071297,
                0.9761561405209578
            ]
        ],
        [
            [
                0.599373911158535,
                -0.3965961145289589,
                0.0
            ],
            [
                0.0,
                0.0,
                0.9716306914496134,
                -0.2365032757344936
            ]
        ]
    ],
    "difficulty": 0.6984858459512837,
    "dynamic_speed": null
}