{
    "target_eff_poses": [
        [
            [
                -0.2562662363052368,
                0.015558553859591484,
                0.5333929061889648
            ],
            [
                -0.13602197170257568,
                0.5416034460067749,
                -0.12748835980892181,
                0.8197014331817627
            ]
        ],
        [
            [
                -0.5779127478599548,
                -0.3535597622394562,
                0.24483352899551392
            ],
            [
                0.729083776473999,
                -0.39550352096557617,
                -0.4310862123966217,
                -0.3552161157131195
            ]
        ],
        [
            [
                0.0367867648601532,
                0.053833793848752975,
                0.08795122057199478
            ],
            [
                0.8504489660263062,
                0.4413442611694336,
                -0.2012740522623062,
                -0.203569233417511
            ]
        ]
    ],
    "start_goal_config": [
        null,
        null,
        null
    ],
    "start_config": [
        [
            -2.56500943498881,
            -2.925808092871365,
            1.9000171443158465,
            -1.0134402572789627,
            -0.6494448754741166,
            -2.2531558493775483e-05
        ],
        [
            -2.808484327085967,
            -1.595185409485037,
            1.571782801246575,
            -1.5642383639871467,
            -1.4814336614467092,
            6.067379534180625e-07
        ],
        [
            -4.127107040294776,
            -2.238600310267351,
            1.5587349085644988,
            -1.405291092463381,
            -2.1993955978699278,
            3.09791288180203e-05
        ]
    ],
    "goal_config": [
        [
            -3.512455367479741,
            -2.4791962484353,
            1.760849245950807,
            -1.2382694942553854,
            -1.9711556917322495,
            2.088729575841299e-05
        ],
        [
            -3.800003878644617,
            -1.5145615681822817,
            1.8116411783976087,
            -1.482425614875521,
            -1.762955055707029,
            1.711032747520444e-05
        ],
        [
            -5.244986073666927,
            -1.2174565102091577,
            2.0869069920474503,
            -1.450096074282973,
            -2.8405494774039535,
            2.276305690551704e-05
        ]
    ],
    "base_poses": [
        [
            [
                -0.3434615413641897,
                -0.05119692621703398,
                0.0
            ],
            [
                0.0,
                0.0,
                0.9733638255098535,
                -0.22926592243249647
            ]
        ],
        [
            [
                -0.3351733598647753,
                -0.7285675048012735,
                0.0
            ],
            [
                0.0,
                0.0,
                -0.260856201813264,
                0.9653776680530567
            ]
        ],
        [
            [
                0.43171389148480155,
                -0.08946691603292645,
                0.0
            ],
            [
                -0.0,
                -0.0,
                0.7805323911810564,
                0.6251153384113864
            ]
        ]
    ],
    "difficulty": 0.6312922614575507,
    "dynamic_speed": null
}