{
    "target_eff_poses": [
        [
            [
                0.3817836344242096,
                1.163014531135559,
                0.24063463509082794
            ],
            [
                -0.4428456425666809,
                0.6472818851470947,
                0.09990193694829941,
                0.6123181581497192
            ]
        ],
        [
            [
                0.28095993399620056,
                -0.4535830318927765,
                0.0952170342206955
            ],
            [
                0.32504987716674805,
                0.8383758664131165,
                -0.1697143167257309,
                0.40331828594207764
            ]
        ],
        [
            [
                -0.2757667005062103,
                -0.570253849029541,
                0.4127994775772095
            ],
            [
                -0.023197907954454422,
                0.4235037565231323,
                -0.1305995136499405,
                0.8961306810379028
            ]
        ],
        [
            [
                0.4410983920097351,
                -0.9550490379333496,
                0.33307191729545593
            ],
            [
                0.6749739646911621,
                0.4415053725242615,
                -0.3164273202419281,
                0.4993565082550049
            ]
        ]
    ],
    "start_goal_config": [
        null,
        null,
        null,
        null
    ],
    "start_config": [
        [
            -2.0552691212494256,
            -1.6600633833888885,
            1.9049215513607167,
            -1.4128740040372227,
            -1.2334471734910457,
            -1.620509690462179e-05
        ],
        [
            -2.9039656138747327,
            -2.7254584638047676,
            1.6298356645060503,
            -1.220421410040378,
            -1.5452182372071526,
            -3.208559147688811e-06
        ],
        [
            -4.797053941575203,
            -1.643212450001362,
            1.2852861436959462,
            -1.6575913934743611,
            -2.1966988226088233,
            3.724368034607811e-05
        ],
        [
            -2.81268799768055,
            -2.828335591587178,
            2.2630053925305735,
            -0.575219260214522,
            -1.794142988223902,
            1.7658073827972297e-06
        ]
    ],
    "goal_config": [
        [
            -4.603877977119099,
            -1.2667356802910532,
            1.5714695241523389,
            -1.64326223562455,
            -2.0090786233144793,
            2.923218727399096e-05
        ],
        [
            -3.2519836545333796,
            -1.2229285413331417,
            1.858400096451523,
            -1.5412618566077578,
            -1.5992255143166605,
            5.787748932862051e-06
        ],
        [
            -2.81754509988978,
            -3.2011325269884945,
            1.8059067863725702,
            -0.8703457985660955,
            -1.7702361028499258,
            1.107113157110684e-17
        ],
        [
            -2.0338645943264733,
            -2.171280841317439,
            2.0829388172808816,
            -1.1766780870413491,
            -1.1440667771595385,
            5.107469500045735e-07
        ]
    ],
    "base_poses": [
        [
            [
                0.00916130627019407,
                0.7329979445238501,
                0.0
            ],
            [
                0.0,
                0.0,
                -0.4428432229668874,
                0.8965990630556668
            ]
        ],
        [
            [
                -0.11943727911135826,
                -0.2133830751814545,
                0.0
            ],
            [
                0.0,
                0.0,
                0.9464021681289407,
                0.32299061311567584
            ]
        ],
        [
            [
                -0.08263223852700052,
                -0.6714156654006804,
                0.0
            ],
            [
                0.0,
                0.0,
                0.9786473292940708,
                0.20554660022871313
            ]
        ],
        [
            [
                0.27519415134364555,
                -0.7522127965381243,
                0.0
            ],
            [
                -0.0,
                -0.0,
                0.2364961222098333,
                0.9716324326512118
            ]
        ]
    ],
    "difficulty": 0.8740838188310468,
    "dynamic_speed": null
}