{
    "target_eff_poses": [
        [
            [
                -0.6979814767837524,
                -1.1293518543243408,
                0.16061365604400635
            ],
            [
                0.4988100230693817,
                0.5877648591995239,
                -0.4962170422077179,
                0.39936164021492004
            ]
        ],
        [
            [
                0.09857895225286484,
                -0.5892861485481262,
                0.7498146891593933
            ],
            [
                -0.15277297794818878,
                -0.2822839319705963,
                0.8782637119293213,
                -0.3544418513774872
            ]
        ],
        [
            [
                -0.5292025804519653,
                0.3561139702796936,
                0.5844698548316956
            ],
            [
                -0.3432328402996063,
                0.3448096215724945,
                0.4206332266330719,
                0.7657448649406433
            ]
        ]
    ],
    "start_goal_config": [
        null,
        null,
        null
    ],
    "start_config": [
        [
            -3.314481688673917,
            -1.9787957985119937,
            1.1272120929935845,
            -1.6792278256748057,
            -1.6545908371885056,
            -2.839755423159991e-06
        ],
        [
            -3.159173284316215,
            -1.6706532954213351,
            2.1093123721680525,
            -1.3083283391954297,
            -1.6318816543502057,
            1.432404702899701e-05
        ],
        [
            -4.75080831173227,
            -0.8931441044736175,
            1.100360324972505,
            -1.9096417120796476,
            -2.0343274799054933,
            2.3578686723244435e-05
        ]
    ],
    "goal_config": [
        [
            -3.9860335771545716,
            -1.02338808394846,
            1.4108589807902412,
            -1.7685692851218198,
            -1.760208034380787,
            1.650668081882953e-05
        ],
        [
            -3.6953240628880986,
            -2.2844866703709283,
            1.3073791585041337,
            -1.5109513815757005,
            -2.2619772397147924,
            3.0360766887682776e-05
        ],
        [
            -4.199036586651577,
            -1.4642009790455304,
            1.1289079354087648,
            -1.7900862429525994,
            -1.8516007520706381,
            2.2202831406224e-05
        ]
    ],
    "base_poses": [
        [
            [
                -0.7656250826975276,
                -0.4741180079833159,
                0.0
            ],
            [
                0.0,
                0.0,
                0.9300704075204353,
                0.36738132376969207
            ]
        ],
        [
            [
                0.08124765369339515,
                -0.5085438070139816,
                0.0
            ],
            [
                -0.0,
                -0.0,
                0.8447197050372975,
                0.5352089497772823
            ]
        ],
        [
            [
                -0.6171968605033378,
                -0.2036133686084728,
                0.0
            ],
            [
                0.0,
                0.0,
                -0.38882055420852984,
                0.921313506155734
            ]
        ]
    ],
    "difficulty": 0.8244525890423833
}