{
    "target_eff_poses": [
        [
            [
                0.9016463160514832,
                -0.10384896397590637,
                0.5837211608886719
            ],
            [
                0.18764591217041016,
                0.5379058718681335,
                0.22193516790866852,
                0.7913223505020142
            ]
        ]
    ],
    "start_goal_config": [
        null
    ],
    "start_config": [
        [
            -4.378626130868839,
            -1.5724752646777014,
            2.6231662007130145,
            -1.2719526107640073,
            -2.6439377729478575,
            1.8663832180588817e-05
        ]
    ],
    "goal_config": [
        [
            -1.8555829577568044,
            -1.9563565470022375,
            1.5154556939103785,
            -1.4884074197399415,
            -0.9617084476017252,
            -2.0140929195614902e-05
        ]
    ],
    "base_poses": [
        [
            [
                0.5699058523733422,
                -0.267060571338827,
                0.0
            ],
            [
                -0.0,
                -0.0,
                0.7812576380065079,
                0.6242087015225692
            ]
        ]
    ],
    "difficulty": 0.0,
    "dynamic_speed": null,
    "ur5_count": 1,
    "id": "005510",
    "task_path": "/home/hqh2101/workspace-sharing-multiarm/src/data/8f14d7-hard-vlo-tasks/005510.json"
}