{
    "target_eff_poses": [
        [
            [
                0.9429782032966614,
                0.32824715971946716,
                0.2271089404821396
            ],
            [
                0.10840417444705963,
                0.8692443370819092,
                -0.17984652519226074,
                0.44756901264190674
            ]
        ],
        [
            [
                -0.7020897269248962,
                -0.012583705596625805,
                0.5247117877006531
            ],
            [
                -0.493272602558136,
                0.15881529450416565,
                0.845594584941864,
                0.128178209066391
            ]
        ],
        [
            [
                0.7297797799110413,
                -0.7850827574729919,
                0.36786767840385437
            ],
            [
                -0.513390064239502,
                -0.5618245601654053,
                0.598619818687439,
                -0.24987637996673584
            ]
        ],
        [
            [
                0.17754532396793365,
                0.6179625988006592,
                0.7365515232086182
            ],
            [
                -0.09046127647161484,
                0.330154687166214,
                0.22689524292945862,
                0.911774754524231
            ]
        ]
    ],
    "start_goal_config": [
        null,
        null,
        null,
        null
    ],
    "start_config": [
        [
            -3.3306220496589827,
            -2.5351526871376775,
            1.9821479473349333,
            -1.0915491070095076,
            -1.8795407925237162,
            1.3962209354176814e-05
        ],
        [
            -4.8419487870716,
            -2.0801494460845333,
            2.0809896626548654,
            -1.2108847962665847,
            -2.5211480979781653,
            2.639450628961345e-05
        ],
        [
            -3.507607836718393,
            -2.3337244881895756,
            1.4156356218687076,
            -1.4479844236169852,
            -1.9634414307179884,
            3.311267557452348e-05
        ],
        [
            -2.6306998057571613,
            -2.050486461912594,
            2.065857266957531,
            -1.2091820016606747,
            -1.4856698198559826,
            1.8982361522066248e-07
        ]
    ],
    "goal_config": [
        [
            -3.851262214313772,
            -1.7060773755285197,
            2.034010225035049,
            -1.3346001616296268,
            -1.8287954122787282,
            2.2235427919716043e-05
        ],
        [
            -2.7095015095652095,
            -1.356703559246994,
            1.1247205571088357,
            -1.8200971939914243,
            -1.40974940322901,
            -6.529825780677719e-06
        ],
        [
            -3.6895727104685876,
            -2.420273247496955,
            2.0839493938076794,
            -1.0753652042514432,
            -2.005775373672589,
            1.0149666034407065e-05
        ],
        [
            -3.102883797412682,
            -2.138896335279641,
            1.2670035911625086,
            -1.570921238088331,
            -1.5943391201390824,
            4.887400587542299e-06
        ]
    ],
    "base_poses": [
        [
            [
                0.6203105686697916,
                0.4202249788407382,
                0.0
            ],
            [
                0.0,
                0.0,
                0.9948258089585037,
                -0.1015953238592148
            ]
        ],
        [
            [
                -0.09330734626694193,
                -0.17045215795941238,
                0.0
            ],
            [
                0.0,
                0.0,
                -0.4322706784902414,
                0.9017438996287063
            ]
        ],
        [
            [
                0.7211857712082985,
                -0.648212333279102,
                0.0
            ],
            [
                -0.0,
                -0.0,
                0.7751284849129945,
                0.6318036339532132
            ]
        ],
        [
            [
                0.06891400694693317,
                0.43535809551743343,
                0.0
            ],
            [
                0.0,
                0.0,
                0.9722075495129808,
                -0.23412065408665894
            ]
        ]
    ],
    "difficulty": 0.7668578952318255,
    "dynamic_speed": null,
    "ur5_count": 4,
    "id": "005598",
    "task_path": "/home/huy/programming/projects/workspace-sharing-multiarm/src/data/8f14d7-hard-vlo-tasks/005598.json"
}