{
    "target_eff_poses": [
        [
            [
                0.7891520857810974,
                0.44101643562316895,
                0.2794574201107025
            ],
            [
                0.03543610870838165,
                0.8627595901489258,
                -0.3157879710197449,
                0.3932786285877228
            ]
        ]
    ],
    "start_goal_config": [
        null
    ],
    "start_config": [
        [
            -4.002971633913689,
            -2.323465298992598,
            2.093622880025221,
            -1.112900027008538,
            -2.100236823144665,
            2.137795628359987e-05
        ]
    ],
    "goal_config": [
        [
            -4.535034653055376,
            -1.9801143411740563,
            2.1387646282494894,
            -1.2159463659069736,
            -2.2062833188213875,
            1.7277127024187325e-05
        ]
    ],
    "base_poses": [
        [
            [
                0.5803489441698033,
                0.5808029368427032,
                0.0
            ],
            [
                0.0,
                0.0,
                0.9434424331483141,
                -0.3315363861406301
            ]
        ]
    ],
    "difficulty": 0.0,
    "dynamic_speed": null
}