{
    "target_eff_poses": [
        [
            [
                -0.04063938930630684,
                -0.5887385010719299,
                0.6252621412277222
            ],
            [
                -0.1225469559431076,
                0.36482858657836914,
                -0.1226184293627739,
                0.9147934317588806
            ]
        ],
        [
            [
                0.5115437507629395,
                -0.8655566573143005,
                0.3488697409629822
            ],
            [
                0.26065000891685486,
                0.7376353740692139,
                -0.5154389142990112,
                0.34968316555023193
            ]
        ],
        [
            [
                0.7105517983436584,
                0.26458314061164856,
                0.17214131355285645
            ],
            [
                0.23497240245342255,
                0.7590632438659668,
                -0.19359295070171356,
                0.5754413604736328
            ]
        ]
    ],
    "start_goal_config": [
        null,
        null,
        null
    ],
    "start_config": [
        [
            -1.4945799839950549,
            -1.3607536580247277,
            1.2995678691623709,
            -1.710541556934782,
            -0.8982147429025273,
            -2.8698691135336023e-05
        ],
        [
            -2.9053947437107603,
            -1.6000437424597875,
            2.0202651483169727,
            -1.3703678961051633,
            -1.5407212478559897,
            5.809271644758366e-06
        ],
        [
            -4.048759951965365,
            -1.7595934890114897,
            1.7642039642063476,
            -1.4386865391111952,
            -1.8617100768643993,
            2.845980403143882e-05
        ]
    ],
    "goal_config": [
        [
            -3.156932310632717,
            -2.6243655651191986,
            1.5642252558599048,
            -1.2913256037323932,
            -2.028127318688329,
            2.797684714888643e-05
        ],
        [
            -4.8299186682411035,
            -1.6897967728319336,
            1.7895861664320916,
            -1.4445631900369145,
            -2.205829986121741,
            2.3720934113064243e-05
        ],
        [
            -3.347062524914995,
            -1.1271917226462578,
            1.5212942871023818,
            -1.6989973796779054,
            -1.595125533526355,
            4.53584562904521e-06
        ]
    ],
    "base_poses": [
        [
            [
                -0.0029725693078619386,
                -0.6341659690520229,
                0.0
            ],
            [
                0.0,
                0.0,
                0.994690384616952,
                -0.10291277253373393
            ]
        ],
        [
            [
                0.376909452881242,
                -0.4784139815166453,
                0.0
            ],
            [
                0.0,
                0.0,
                0.9825683110740663,
                -0.18590189367797433
            ]
        ],
        [
            [
                0.16045881292342323,
                0.530570169867782,
                0.0
            ],
            [
                0.0,
                0.0,
                0.9781083553551327,
                0.20809624019784062
            ]
        ]
    ],
    "difficulty": 0.7364807674221763,
    "dynamic_speed": null
}