{
    "target_eff_poses": [
        [
            [
                0.15620659291744232,
                -0.015948381274938583,
                0.2953365743160248
            ],
            [
                0.6664828062057495,
                0.6067186594009399,
                0.24878394603729248,
                0.354682594537735
            ]
        ],
        [
            [
                -0.07950199395418167,
                0.9823414087295532,
                0.6859179735183716
            ],
            [
                -0.33217206597328186,
                0.2894752025604248,
                0.16138097643852234,
                0.8830752968788147
            ]
        ]
    ],
    "start_goal_config": [
        null,
        null
    ],
    "start_config": [
        [
            -3.9427988023283347,
            -1.5345133080977946,
            1.5588187984301434,
            -1.5846015911602067,
            -1.7875744752175806,
            2.2565293320398323e-05
        ],
        [
            -2.281889142547617,
            -1.6173404938673082,
            1.3181732797452632,
            -1.6694570330263783,
            -1.2903587308415205,
            -1.2892266832336758e-05
        ]
    ],
    "goal_config": [
        [
            -1.1234489377681742,
            -1.5999442688033723,
            1.98320603485831,
            -1.2793953056235845,
            -0.12681213713669146,
            -2.597969135602759e-05
        ],
        [
            -4.226901585312744,
            -2.1474014263347767,
            1.4126149680248006,
            -1.4942383566598574,
            -2.244033912858246,
            3.0001114105813722e-05
        ]
    ],
    "base_poses": [
        [
            [
                -0.30089004912575135,
                -0.15745373550054753,
                0.0
            ],
            [
                -0.0,
                -0.0,
                0.43623659568162315,
                0.8998320024249571
            ]
        ],
        [
            [
                -0.15565025771758145,
                0.7991543879005327,
                0.0
            ],
            [
                0.0,
                0.0,
                -0.4888431147985275,
                0.8723717149897019
            ]
        ]
    ],
    "difficulty": 0.24104877361150268,
    "dynamic_speed": null
}