{
    "target_eff_poses": [
        [
            [
                -0.3608425259590149,
                0.14850708842277527,
                0.5401613116264343
            ],
            [
                -0.5834001302719116,
                -0.0804714560508728,
                0.6223911046981812,
                0.5155560374259949
            ]
        ]
    ],
    "start_goal_config": [
        null
    ],
    "start_config": [
        [
            -2.9420424259288214,
            -1.1955651207191436,
            1.331291191405811,
            -1.76386417116642,
            -1.480671231849808,
            -2.392987192110581e-06
        ]
    ],
    "goal_config": [
        [
            -5.0741590988441025,
            -1.4752363110371736,
            1.2631620050418557,
            -1.6700920657464147,
            -2.3996470745234797,
            -3.729812362297739e-05
        ]
    ],
    "base_poses": [
        [
            [
                0.10606302115145938,
                -0.12514219538621973,
                0.0
            ],
            [
                -0.0,
                -0.0,
                0.6356969516898758,
                0.7719387188191816
            ]
        ]
    ],
    "difficulty": 0.0
}