{
    "target_eff_poses": [
        [
            [
                -0.1328616589307785,
                -0.23433811962604523,
                0.7088523507118225
            ],
            [
                -0.16097497940063477,
                -0.4007248878479004,
                0.810849130153656,
                -0.39500686526298523
            ]
        ],
        [
            [
                0.43079107999801636,
                0.6527754068374634,
                0.30849689245224
            ],
            [
                -0.6028556227684021,
                0.6560180187225342,
                -0.2266370952129364,
                0.39349856972694397
            ]
        ],
        [
            [
                -0.4637485444545746,
                0.5140120983123779,
                0.6018036603927612
            ],
            [
                -0.04775170609354973,
                -0.1038719043135643,
                0.9201944470405579,
                -0.3743964731693268
            ]
        ],
        [
            [
                -0.7832450270652771,
                -0.42525792121887207,
                0.2808653712272644
            ],
            [
                0.8544831275939941,
                -0.024225110188126564,
                -0.44318869709968567,
                -0.26991766691207886
            ]
        ]
    ],
    "start_goal_config": [
        null,
        null,
        null,
        null
    ],
    "start_config": [
        [
            -4.723304939477663,
            -2.1661744366924642,
            1.9696629943110857,
            -1.2362187653654466,
            -2.505432761712509,
            2.8788171102142518e-06
        ],
        [
            -2.3090493661900116,
            -1.3094417967918748,
            1.3624863585653118,
            -1.7220997730604468,
            -1.3064362286284918,
            -1.2239912578006387e-05
        ],
        [
            -5.234039700367967,
            -1.7360243384566605,
            2.0397493463331227,
            -1.2772655581770003,
            -2.7919874777373113,
            2.1154031384552693e-05
        ],
        [
            -2.1356868031874514,
            -2.094588257345562,
            1.9508889474054607,
            -1.2630068115208564,
            -1.2347572061895633,
            -5.488109624868088e-08
        ]
    ],
    "goal_config": [
        [
            -4.6286929160899755,
            -1.916693472836123,
            1.272356188257906,
            -1.60414830570235,
            -2.3063175250003165,
            3.488903508740113e-05
        ],
        [
            -4.999442526641527,
            -2.04453981067268,
            2.228223251628781,
            -1.126383698054373,
            -2.8365359734210056,
            2.0742244721165386e-05
        ],
        [
            -2.51130414961837,
            -3.020596037026504,
            1.3610564523311979,
            -1.2529052696961622,
            -2.324285052908187,
            3.1306947954008924e-06
        ],
        [
            -4.388788692701245,
            -1.929767523213742,
            2.089437391916205,
            -1.2508217950192488,
            -2.089482978451293,
            1.5959912053232757e-05
        ]
    ],
    "base_poses": [
        [
            [
                -0.17638478261584445,
                0.06700832221437947,
                0.0
            ],
            [
                0.0,
                0.0,
                0.9999810094287955,
                0.0061628550013032544
            ]
        ],
        [
            [
                0.18809067298915694,
                0.613554079086021,
                0.0
            ],
            [
                0.0,
                0.0,
                -0.5068670741798467,
                0.8620242276829357
            ]
        ],
        [
            [
                -0.49917924592969,
                0.17242422108504152,
                0.0
            ],
            [
                -0.0,
                -0.0,
                0.43317475241939496,
                0.9013099543810641
            ]
        ],
        [
            [
                -0.5325399180324824,
                -0.534573382586184,
                0.0
            ],
            [
                -0.0,
                -0.0,
                0.32963395828417497,
                0.9441088144625633
            ]
        ]
    ],
    "difficulty": 0.9208004509582863,
    "dynamic_speed": null,
    "ur5_count": 4,
    "id": "005671",
    "task_path": "/home/hqh2101/workspace-sharing-multiarm/src/data/8f14d7-hard-vlo-tasks/005671.json"
}