{
    "target_eff_poses": [
        [
            [
                0.010517794638872147,
                0.19921837747097015,
                0.6211941838264465
            ],
            [
                -0.39712339639663696,
                -0.05674618110060692,
                0.9037835597991943,
                0.14915810525417328
            ]
        ],
        [
            [
                -0.5566539764404297,
                0.8708334565162659,
                0.7004210948944092
            ],
            [
                -0.21130700409412384,
                0.27558061480522156,
                0.2793482840061188,
                0.8951922655105591
            ]
        ]
    ],
    "start_goal_config": [
        null,
        null
    ],
    "start_config": [
        [
            -4.8911302940192565,
            -1.8655558269169694,
            1.373505853967257,
            -1.519149574909439,
            -2.769120460298079,
            -8.214316426533108e-05
        ],
        [
            -2.921948121866785,
            -2.978153220167433,
            1.7910212864382304,
            -1.0382231463731624,
            -2.105713189595788,
            1.4550909290786481e-05
        ]
    ],
    "goal_config": [
        [
            -3.145989708396213,
            -2.5809234983353266,
            1.5670711353501616,
            -1.302171845586101,
            -1.8763131085529619,
            2.484605570553098e-05
        ],
        [
            -3.34688227353198,
            -2.3876419933175805,
            1.3972877163484474,
            -1.4419134446944153,
            -1.922498110597245,
            2.9952478086596943e-05
        ]
    ],
    "base_poses": [
        [
            [
                0.013076356813421897,
                0.2692272482236444,
                0.0
            ],
            [
                0.0,
                0.0,
                -0.008600821614239536,
                0.9999630122497332
            ]
        ],
        [
            [
                -0.5383592269664677,
                0.7850824077646288,
                0.0
            ],
            [
                0.0,
                0.0,
                -0.8359255406070325,
                0.5488428650905838
            ]
        ]
    ],
    "difficulty": 0.381296992481203,
    "dynamic_speed": null,
    "ur5_count": 2,
    "id": "005618",
    "task_path": "/home/huy/programming/projects/workspace-sharing-multiarm/src/data/8f14d7-hard-vlo-tasks/005618.json"
}