{
    "target_eff_poses": [
        [
            [
                0.6142111420631409,
                -0.17849911749362946,
                0.7933512926101685
            ],
            [
                -0.2508273124694824,
                0.14236216247081757,
                0.6064198613166809,
                0.7409950494766235
            ]
        ],
        [
            [
                0.29010748863220215,
                0.07220309227705002,
                0.32545891404151917
            ],
            [
                0.7844865918159485,
                0.35354456305503845,
                0.08650919049978256,
                0.502098798751831
            ]
        ],
        [
            [
                -0.2571920156478882,
                0.2169092744588852,
                0.08850206434726715
            ],
            [
                0.8546989560127258,
                -0.4572264850139618,
                -0.0845734179019928,
                -0.23082692921161652
            ]
        ],
        [
            [
                0.3565685451030731,
                -0.510476291179657,
                0.4705146849155426
            ],
            [
                0.06808467209339142,
                0.6578564047813416,
                -0.2772558033466339,
                0.6969351768493652
            ]
        ]
    ],
    "start_goal_config": [
        null,
        null,
        null,
        null
    ],
    "start_config": [
        [
            -4.030698640380055,
            -1.3534617289481152,
            1.1857710108256176,
            -1.7908056114701587,
            -1.7818708408219512,
            1.7810196312164133e-05
        ],
        [
            -3.093084365134008,
            -1.2614767305168093,
            1.6890469457386257,
            -1.5976329824724171,
            -1.546625679980552,
            1.4067696642243997e-07
        ],
        [
            -2.7129426224577773,
            -2.628695448823562,
            1.5929608471913743,
            -1.2729735435425704,
            -1.0893948463576537,
            -8.014549718102772e-07
        ],
        [
            -2.432265878421134,
            -1.681893506827246,
            1.8374586761478515,
            -1.428654155897736,
            -1.3866453454391192,
            -5.8645242779686374e-08
        ]
    ],
    "goal_config": [
        [
            -3.987602133164549,
            -1.9101455387903081,
            1.0723774532203627,
            -1.7186777124638237,
            -1.9395481856738666,
            2.8733981158419973e-05
        ],
        [
            -1.1362134444423229,
            -1.5476377092074336,
            1.8440230881896023,
            -1.3655278696688478,
            -0.2527990888747914,
            -5.901812849026181e-05
        ],
        [
            -4.629992470141003,
            -1.472034429660211,
            2.319919328998831,
            -1.3446422947979237,
            -2.299169027179251,
            4.0374983003046923e-17
        ],
        [
            -3.623731471671569,
            -2.2269731372417545,
            1.8155100638022466,
            -1.2848413003822787,
            -1.8462957290114033,
            -1.2110053535496178e-09
        ]
    ],
    "base_poses": [
        [
            [
                0.721934202552571,
                -0.4383980260030484,
                0.0
            ],
            [
                0.0,
                0.0,
                -0.2740098196768544,
                0.9617268940404328
            ]
        ],
        [
            [
                -0.15782400781170125,
                0.31552075898560084,
                0.0
            ],
            [
                -0.0,
                -0.0,
                0.07963130647982619,
                0.9968243852496366
            ]
        ],
        [
            [
                -0.27125524644353394,
                -0.044917303914262297,
                0.0
            ],
            [
                0.0,
                0.0,
                -0.11097729187062849,
                0.9938229423237629
            ]
        ],
        [
            [
                0.13647060758770702,
                -0.47866276414000436,
                0.0
            ],
            [
                0.0,
                0.0,
                0.9999999815419289,
                -0.00019213573819482882
            ]
        ]
    ],
    "difficulty": 0.8663594470046083,
    "dynamic_speed": null
}