{
    "target_eff_poses": [
        [
            [
                0.2433236539363861,
                -0.3451246917247772,
                0.5693674087524414
            ],
            [
                0.44326213002204895,
                0.20594355463981628,
                -0.6807330846786499,
                0.5456266403198242
            ]
        ],
        [
            [
                0.0192183218896389,
                0.06231723353266716,
                0.6038742661476135
            ],
            [
                -0.2923952639102936,
                0.5613200068473816,
                -0.5725618004798889,
                0.5211504697799683
            ]
        ]
    ],
    "start_goal_config": [
        null,
        null
    ],
    "start_config": [
        [
            -2.881357023209471,
            -2.9671764042365636,
            1.7798330692230393,
            -1.0382359726929236,
            -1.7354012594681767,
            7.839655152228405e-06
        ],
        [
            -2.7633087822547995,
            -3.13284963782852,
            1.5389588887223191,
            -1.0959486596618258,
            -1.9178557362467352,
            1.8493546350994378e-05
        ]
    ],
    "goal_config": [
        [
            -2.4467888329802086,
            -1.4149206557170413,
            1.1077472913525046,
            -1.813062965160376,
            -1.3300564239164199,
            -7.224372988967855e-06
        ],
        [
            -5.1894686817835085,
            -1.6557411596127092,
            1.3848480807710264,
            -1.5000229953359152,
            -2.883402108564019,
            6.575637310210651e-05
        ]
    ],
    "base_poses": [
        [
            [
                0.3782453038954481,
                0.24261628286894088,
                0.0
            ],
            [
                -0.0,
                -0.0,
                0.20640369418344606,
                0.9784669207629998
            ]
        ],
        [
            [
                -0.3892503109071781,
                0.2300243955854031,
                0.0
            ],
            [
                0.0,
                0.0,
                -0.661575994434983,
                0.7498781258226987
            ]
        ]
    ],
    "difficulty": 0.37336593623624564,
    "dynamic_speed": null
}