{
    "target_eff_poses": [
        [
            [
                -0.5097275972366333,
                -0.16740289330482483,
                0.6268951296806335
            ],
            [
                -0.18797899782657623,
                0.15656259655952454,
                0.5930908918380737,
                0.7670692205429077
            ]
        ],
        [
            [
                0.6938014030456543,
                -1.018010139465332,
                0.22212274372577667
            ],
            [
                0.7500600814819336,
                0.40701204538345337,
                -0.41731011867523193,
                0.31241533160209656
            ]
        ],
        [
            [
                -0.4325866103172302,
                -0.9587164521217346,
                0.7198617458343506
            ],
            [
                -0.12185052037239075,
                0.07582475990056992,
                0.4096665382385254,
                0.9008753299713135
            ]
        ],
        [
            [
                1.0157960653305054,
                -0.3756445050239563,
                0.572995662689209
            ],
            [
                0.1628998965024948,
                0.5298691987991333,
                -0.18511050939559937,
                0.8114408850669861
            ]
        ]
    ],
    "start_goal_config": [
        null,
        null,
        null,
        null
    ],
    "start_config": [
        [
            -3.083637293465567,
            -2.6519294213890783,
            2.2753301409283613,
            -0.7505910761375929,
            -1.8953667246725059,
            4.829629613285965e-06
        ],
        [
            -2.0179674558388543,
            -1.0240701247155788,
            1.316773582514753,
            -1.804410897535491,
            -1.1911724556191978,
            -2.335552023272482e-05
        ],
        [
            -2.323503278689608,
            -2.9217188517702777,
            1.1447482378507314,
            -1.3982082006096563,
            -2.687499528587563,
            3.904177614038564e-05
        ],
        [
            -3.0331454453437208,
            -2.420843784848735,
            1.1599857294819853,
            -1.5499941057082478,
            -1.685337634537237,
            7.783547422350642e-06
        ]
    ],
    "goal_config": [
        [
            -2.8815355650584857,
            -2.8310210712261936,
            1.4561446838141787,
            -1.2724178930236245,
            -1.788976734453738,
            1.6419027310135768e-05
        ],
        [
            -2.5654248988209973,
            -1.5396356777153783,
            1.8887619623522653,
            -1.4458676551289962,
            -1.425339684404825,
            8.554778183328413e-07
        ],
        [
            -2.6930962220303103,
            -2.6992112299241224,
            1.2620884291832326,
            -1.4164614478156798,
            -2.1580726351514326,
            -3.253008450839363e-05
        ],
        [
            -2.843037864590026,
            -1.9252866637369543,
            1.4815146037518245,
            -1.5226693389202357,
            -1.496821893742772,
            2.1271207594482748e-06
        ]
    ],
    "base_poses": [
        [
            [
                -0.4225470632317054,
                0.0012272376768105442,
                0.0
            ],
            [
                0.0,
                0.0,
                -0.8037394564624809,
                0.594981416621894
            ]
        ],
        [
            [
                0.7476804708982094,
                -0.5944652199502571,
                0.0
            ],
            [
                -0.0,
                -0.0,
                0.27810345071686515,
                0.9605511286232358
            ]
        ],
        [
            [
                -0.36971587940458017,
                -0.7640584163321498,
                0.0
            ],
            [
                0.0,
                0.0,
                0.8794080576328134,
                -0.47606876411972504
            ]
        ],
        [
            [
                0.6583998957528161,
                -0.3068488496202642,
                0.0
            ],
            [
                0.0,
                0.0,
                0.9169008429018297,
                0.3991150764953813
            ]
        ]
    ],
    "difficulty": 0.8240383711088122
}