{
    "target_eff_poses": [
        [
            [
                -0.23324312269687653,
                -0.6621102094650269,
                0.3636928200721741
            ],
            [
                0.6517606377601624,
                0.38667336106300354,
                -0.6517021656036377,
                -0.031241251155734062
            ]
        ],
        [
            [
                0.7910374402999878,
                -0.13143061101436615,
                0.40774545073509216
            ],
            [
                -0.5531719326972961,
                -0.0874340832233429,
                0.7762741446495056,
                -0.2894037365913391
            ]
        ],
        [
            [
                0.24879400432109833,
                0.44064295291900635,
                0.4637233018875122
            ],
            [
                -0.5528697967529297,
                0.3789633512496948,
                0.5347061157226562,
                0.5145982503890991
            ]
        ],
        [
            [
                -0.10078146308660507,
                0.0475890226662159,
                0.0949520543217659
            ],
            [
                0.8847382664680481,
                0.41740915179252625,
                -0.1819903701543808,
                0.09943487495183945
            ]
        ]
    ],
    "start_goal_config": [
        null,
        null,
        null,
        null
    ],
    "start_config": [
        [
            -4.643914316226935,
            -1.7246587018385935,
            1.9243305826545838,
            -1.3851717076560415,
            -2.1197621325687406,
            2.749037898834875e-05
        ],
        [
            -1.879313352419584,
            -1.496179383111161,
            1.9447908451206088,
            -1.4527201277425947,
            -1.1314399408084161,
            -1.7147515158777338e-05
        ],
        [
            -3.8288519790089435,
            -1.3929252588837935,
            1.9486484301119094,
            -1.4616764582143806,
            -1.779826216810604,
            2.0058865507008125e-05
        ],
        [
            -5.363310507774287,
            -1.419685150445425,
            1.8888403390599537,
            -1.3750743666421832,
            -2.8734964965156373,
            2.3099543805767534e-05
        ]
    ],
    "goal_config": [
        [
            -3.737340375298865,
            -2.5596443210984057,
            2.133074510205362,
            -0.9950524047166764,
            -2.154156521574135,
            8.640560004333311e-06
        ],
        [
            -2.704520424897462,
            -3.000448382674766,
            1.9427014518724777,
            -0.8949761513147575,
            -1.370703760164457,
            -1.2739586718748109e-05
        ],
        [
            -3.3969273799911486,
            -2.1480025760083072,
            1.792893385154957,
            -1.3173017924296968,
            -1.7361431481998506,
            1.684389979873028e-05
        ],
        [
            -2.77835698503922,
            -1.622582404973183,
            2.4156209035660225,
            -1.2108369512066564,
            -1.5115654309366382,
            6.865311185149475e-08
        ]
    ],
    "base_poses": [
        [
            [
                -0.1805661725084038,
                -0.5916840461475085,
                0.0
            ],
            [
                -0.0,
                -0.0,
                0.515556399257832,
                0.8568556466431781
            ]
        ],
        [
            [
                0.643777316526547,
                -0.05951448905294554,
                0.0
            ],
            [
                -0.0,
                -0.0,
                0.03825441401506426,
                0.999268032015617
            ]
        ],
        [
            [
                0.38389220199032126,
                0.22038715566111722,
                0.0
            ],
            [
                0.0,
                0.0,
                -0.527698960960728,
                0.8494314608024405
            ]
        ],
        [
            [
                -0.09327320065570122,
                0.25624216064869887,
                0.0
            ],
            [
                -0.0,
                -0.0,
                0.2848234474180587,
                0.958579993428244
            ]
        ]
    ],
    "difficulty": 0.9188375811153955,
    "dynamic_speed": null
}