{
    "target_eff_poses": [
        [
            [
                -0.22831401228904724,
                -0.375320166349411,
                0.12970717251300812
            ],
            [
                -0.5698618292808533,
                0.7202242612838745,
                0.3939163088798523,
                -0.036938779056072235
            ]
        ],
        [
            [
                -0.3635404109954834,
                0.8355218172073364,
                0.5679188370704651
            ],
            [
                -0.4618619978427887,
                0.30817529559135437,
                0.7811054587364197,
                0.2856322228908539
            ]
        ],
        [
            [
                -0.13481315970420837,
                1.0216234922409058,
                0.3740566670894623
            ],
            [
                -0.6099620461463928,
                0.39048153162002563,
                0.6444936990737915,
                0.24514955282211304
            ]
        ]
    ],
    "start_goal_config": [
        null,
        null,
        null
    ],
    "start_config": [
        [
            -2.916371574991511,
            -1.3806077207110763,
            1.5058928252665391,
            -1.645165859497691,
            -1.4948691381061017,
            -3.7889402547880175e-07
        ],
        [
            -1.4452745967631557,
            -1.4976214147028797,
            1.5305748476933914,
            -1.5848070731441113,
            -0.8410598055175279,
            -2.3189033315603464e-05
        ],
        [
            -3.8308239508084854,
            -1.0449457892739555,
            1.2354498395328701,
            -1.8379978805719757,
            -1.7042402270607528,
            1.1268613464151476e-05
        ]
    ],
    "goal_config": [
        [
            -1.34128036691565,
            -1.2850618820353465,
            1.9786105976311332,
            -1.5070681210600798,
            -0.575881384111525,
            -2.2834548330212072e-05
        ],
        [
            -2.4750667020446095,
            -2.1893573466521388,
            1.6156291152521425,
            -1.3905665201979511,
            -1.3329637644877732,
            -3.6004500395939927e-06
        ],
        [
            -2.4109742421487352,
            -1.5990693883294596,
            1.6199497168288983,
            -1.542594827253458,
            -1.3648359028851864,
            -7.95438258547059e-06
        ]
    ],
    "base_poses": [
        [
            [
                0.2345259656214833,
                -0.543760063321814,
                0.0
            ],
            [
                0.0,
                0.0,
                0.964654259607546,
                -0.26351880278457784
            ]
        ],
        [
            [
                -0.12148458505810711,
                0.7414657142662724,
                0.0
            ],
            [
                0.0,
                0.0,
                -0.7192710381415748,
                0.6947295687465312
            ]
        ],
        [
            [
                0.25318573364000097,
                0.7261241193014907,
                0.0
            ],
            [
                0.0,
                0.0,
                -0.7391238279454935,
                0.6735695709896644
            ]
        ]
    ],
    "difficulty": 0.7157904636508982,
    "dynamic_speed": null
}