{
    "target_eff_poses": [
        [
            [
                0.4795759618282318,
                0.57985919713974,
                0.5116369128227234
            ],
            [
                -0.31253373622894287,
                0.514301598072052,
                0.1243775337934494,
                0.7888895869255066
            ]
        ],
        [
            [
                0.6889042258262634,
                -1.1268975734710693,
                0.2134270966053009
            ],
            [
                0.22292211651802063,
                0.6094074249267578,
                -0.29908934235572815,
                0.6996241211891174
            ]
        ],
        [
            [
                0.5301494002342224,
                -0.7805596590042114,
                0.506950855255127
            ],
            [
                -0.6242817640304565,
                -0.024424679577350616,
                0.7309845685958862,
                -0.2744764983654022
            ]
        ]
    ],
    "start_goal_config": [
        null,
        null,
        null
    ],
    "start_config": [
        [
            -4.897028946149352,
            -1.8044931227896654,
            1.5978455289863587,
            -1.4836748252716345,
            -2.310549268983769,
            3.0174475715025023e-05
        ],
        [
            -1.452321551783877,
            -1.3499785831831548,
            1.3903926670591424,
            -1.676114308552747,
            -0.8726032616735511,
            -2.8472393934279637e-05
        ],
        [
            -3.208603896560921,
            -2.714746122606063,
            2.1395355565593226,
            -0.8850112692915897,
            -1.9475015000945344,
            5.596320595932146e-06
        ]
    ],
    "goal_config": [
        [
            -4.405597616336595,
            -1.6311229584969749,
            1.405480413887203,
            -1.6243898633972738,
            -1.9604813709550293,
            2.9022710873024797e-05
        ],
        [
            -3.607523224514418,
            -0.8603088409381401,
            1.077836892060839,
            -1.9468426149233835,
            -1.6241016778261128,
            5.385301169824516e-06
        ],
        [
            -2.2920376913026357,
            -2.211329470707892,
            1.7441245854005099,
            -1.3247410360931928,
            -1.250701694722014,
            -2.8472521371403727e-08
        ]
    ],
    "base_poses": [
        [
            [
                0.15120455723587534,
                0.2235954053748146,
                0.0
            ],
            [
                0.0,
                0.0,
                -0.5543377157581769,
                0.8322918339669125
            ]
        ],
        [
            [
                0.05490779633646936,
                -0.6710429483346445,
                0.0
            ],
            [
                0.0,
                0.0,
                0.9895972990776272,
                0.14386516485329318
            ]
        ],
        [
            [
                0.6707049452597991,
                -0.5586153386233038,
                0.0
            ],
            [
                0.0,
                0.0,
                -0.223716229813506,
                0.9746543225769999
            ]
        ]
    ],
    "difficulty": 0.587444789023588
}