{
    "target_eff_poses": [
        [
            [
                -0.11865446716547012,
                0.9796068668365479,
                0.5285195708274841
            ],
            [
                -0.35911375284194946,
                0.4919570982456207,
                0.24322323501110077,
                0.7548894286155701
            ]
        ],
        [
            [
                -0.00022748687479179353,
                0.3941308259963989,
                0.7387601137161255
            ],
            [
                0.14948101341724396,
                0.23996423184871674,
                -0.5503087639808655,
                0.7856416702270508
            ]
        ]
    ],
    "start_goal_config": [
        null,
        null
    ],
    "start_config": [
        [
            -3.5019947210993014,
            -2.5087946514865016,
            1.5850977919552256,
            -1.3187208503737013,
            -2.206024783856216,
            8.290567743064806e-06
        ],
        [
            -3.2783554362604024,
            -1.9632499336151323,
            1.3702696554036835,
            -1.565598289611673,
            -1.6378499014907044,
            1.2761370174468278e-05
        ]
    ],
    "goal_config": [
        [
            -4.022714540721425,
            -1.9486663870427257,
            1.585917829194054,
            -1.469021503145832,
            -1.8896668219557067,
            2.8678171487080672e-05
        ],
        [
            -3.051916124928714,
            -2.372356729519031,
            1.2982005719064276,
            -1.4941901423332724,
            -1.6247241413435054,
            2.892470193783336e-06
        ]
    ],
    "base_poses": [
        [
            [
                -0.2592447504611046,
                0.6698509559644537,
                0.0
            ],
            [
                0.0,
                0.0,
                -0.6124017348400015,
                0.7905467191538755
            ]
        ],
        [
            [
                -0.11064132083020883,
                0.3927028142034148,
                0.0
            ],
            [
                -0.0,
                -0.0,
                0.8086709609244487,
                0.5882612319008697
            ]
        ]
    ],
    "difficulty": 0.7296992481203007,
    "dynamic_speed": null
}