{
    "target_eff_poses": [
        [
            [
                -0.49800193309783936,
                -0.1253209114074707,
                0.5923277735710144
            ],
            [
                -0.4090316593647003,
                -0.329271525144577,
                0.7584913372993469,
                -0.3859589993953705
            ]
        ],
        [
            [
                0.8064966797828674,
                -0.5480555891990662,
                0.486873596906662
            ],
            [
                0.25436827540397644,
                0.5916540622711182,
                -0.3607865869998932,
                0.6745926737785339
            ]
        ]
    ],
    "start_goal_config": [
        null,
        null
    ],
    "start_config": [
        [
            -5.078177086962573,
            -1.9795616842429058,
            2.3009071491893636,
            -1.0749979240772736,
            -2.986851728689763,
            2.3274834941896015e-05
        ],
        [
            -2.935920687918456,
            -1.978411048962512,
            1.3461678294720327,
            -1.5728161125425775,
            -1.5154623032695493,
            3.305552545662229e-06
        ]
    ],
    "goal_config": [
        [
            -3.4806049559711765,
            -2.1925597766386713,
            1.5692757518342941,
            -1.412645328041571,
            -1.7778871049372587,
            2.1021033433928766e-05
        ],
        [
            -3.330314495635384,
            -1.8911139866497482,
            1.6179281135928165,
            -1.4689298567137847,
            -1.6558767760441129,
            1.1116642912323436e-05
        ]
    ],
    "base_poses": [
        [
            [
                -0.48604705932721726,
                0.10238569779406692,
                0.0
            ],
            [
                -0.0,
                -0.0,
                0.6770605881255847,
                0.7359272790208536
            ]
        ],
        [
            [
                0.5057188726380548,
                -0.3285003610782294,
                0.0
            ],
            [
                0.0,
                0.0,
                0.9379210066665987,
                0.3468489372241382
            ]
        ]
    ],
    "difficulty": 0.17774851876234365,
    "dynamic_speed": null
}