{
    "target_eff_poses": [
        [
            [
                -0.10984956473112106,
                -0.03963034227490425,
                0.6662145256996155
            ],
            [
                0.004114656709134579,
                0.43099445104599,
                -0.15584935247898102,
                0.8887844681739807
            ]
        ],
        [
            [
                -0.18630090355873108,
                0.9483737945556641,
                0.20161041617393494
            ],
            [
                0.022379210218787193,
                0.7111542820930481,
                0.3988017439842224,
                0.5785463452339172
            ]
        ]
    ],
    "start_goal_config": [
        null,
        null
    ],
    "start_config": [
        [
            -2.708917704841778,
            -2.7635026815013566,
            0.9894139431270361,
            -1.5313217758358593,
            -1.930336723131074,
            -2.1661354429063296e-05
        ],
        [
            -4.3936015251977905,
            -1.5611492327747125,
            2.430756230326974,
            -1.2693466548287609,
            -2.2752081446766503,
            2.0481160275991604e-09
        ]
    ],
    "goal_config": [
        [
            -3.3515591500787805,
            -2.200147704781435,
            1.427651291785817,
            -1.4778596287199735,
            -1.7348488972309273,
            1.6267472577038857e-05
        ],
        [
            -1.5212900719390294,
            -0.9056041894244611,
            1.2060956349363476,
            -1.8587866480914255,
            -0.9358182546713609,
            -2.954357301833669e-05
        ]
    ],
    "base_poses": [
        [
            [
                -0.3077455014329784,
                -0.09239613803056468,
                0.0
            ],
            [
                0.0,
                0.0,
                0.9999098591952504,
                -0.01342659614847824
            ]
        ],
        [
            [
                -0.6995239381595172,
                0.3964081340778789,
                0.0
            ],
            [
                -0.0,
                -0.0,
                0.8657585335950176,
                0.5004619481113469
            ]
        ]
    ],
    "difficulty": 0.4772876892692561,
    "dynamic_speed": null
}