{
    "target_eff_poses": [
        [
            [
                -0.46566593647003174,
                0.6707500219345093,
                0.1894056499004364
            ],
            [
                0.8123928904533386,
                -0.40042775869369507,
                -0.3414780795574188,
                -0.2511337995529175
            ]
        ],
        [
            [
                0.3195186257362366,
                0.5807579755783081,
                0.2643750011920929
            ],
            [
                -0.3184520900249481,
                0.821255624294281,
                -0.09767365455627441,
                0.4632357060909271
            ]
        ]
    ],
    "start_goal_config": [
        null,
        null
    ],
    "start_config": [
        [
            -3.364691017091024,
            -1.7886388341595634,
            2.0148188794498916,
            -1.3143855262349304,
            -1.6918873011977265,
            1.5677766559839323e-05
        ],
        [
            -2.845608394719828,
            -2.7934916544941606,
            1.6284475335298374,
            -1.1974754145631905,
            -1.1694443873602662,
            -3.6116304418330197e-06
        ]
    ],
    "goal_config": [
        [
            -3.5391356530234144,
            -1.682401364462197,
            2.111505267743109,
            -1.3045516020295762,
            -1.7469395447233655,
            2.2409425186796004e-05
        ],
        [
            -3.7409049814449418,
            -2.4251031728531287,
            2.325129120121679,
            -0.8863668350495043,
            -2.1485155277657935,
            4.677000370681077e-07
        ]
    ],
    "base_poses": [
        [
            [
                -0.2507875395804128,
                0.44423923008757615,
                0.0
            ],
            [
                0.0,
                0.0,
                -0.3403091566120543,
                0.9403136061580691
            ]
        ],
        [
            [
                0.23819382259575006,
                0.528796095912963,
                0.0
            ],
            [
                0.0,
                0.0,
                0.9284013697777687,
                -0.37157892377631285
            ]
        ]
    ],
    "difficulty": 0.5797987397724067,
    "dynamic_speed": null
}