{
    "target_eff_poses": [
        [
            [
                -0.6001809239387512,
                0.6980068683624268,
                0.3032618761062622
            ],
            [
                0.7264732718467712,
                0.49741697311401367,
                -0.39188721776008606,
                -0.2669031322002411
            ]
        ]
    ],
    "start_goal_config": [
        null
    ],
    "start_config": [
        [
            -2.9398734042098043,
            -3.0128124257280513,
            1.6513267779528689,
            -1.0912921457233347,
            -1.3147860766503678,
            -2.058873611724094e-05
        ]
    ],
    "goal_config": [
        [
            -4.647018535723312,
            -2.326489990562551,
            2.3357119691030905,
            -0.9972365469615243,
            -2.769097152916504,
            -3.3302395387237505e-05
        ]
    ],
    "base_poses": [
        [
            [
                -0.44639264416891716,
                0.6864504223884358,
                0.0
            ],
            [
                -0.0,
                -0.0,
                0.6845188061248,
                0.7289952016724652
            ]
        ]
    ],
    "difficulty": 0.0
}