{
    "target_eff_poses": [
        [
            [
                0.1561899483203888,
                -0.19806954264640808,
                0.3420830965042114
            ],
            [
                0.7080641984939575,
                0.360260009765625,
                -0.6024960875511169,
                0.0765264555811882
            ]
        ],
        [
            [
                0.43463319540023804,
                -0.6822723150253296,
                0.5297351479530334
            ],
            [
                -0.38855206966400146,
                -0.4380919933319092,
                0.7361740469932556,
                -0.3393382430076599
            ]
        ]
    ],
    "start_goal_config": [
        null,
        null
    ],
    "start_config": [
        [
            -4.571035845298969,
            -1.7400307392822563,
            1.1133277584074757,
            -1.7232976672356335,
            -2.132768393728069,
            4.211829247530191e-05
        ],
        [
            -3.256254933643235,
            -2.4155188659575773,
            1.3218973435736228,
            -1.4707935803294512,
            -1.9821740306584184,
            1.3515241911240822e-06
        ]
    ],
    "goal_config": [
        [
            -3.6484666574412947,
            -2.2787362085492098,
            2.0916399546362836,
            -1.1183111462642674,
            -1.9151163443189874,
            7.070442522015812e-07
        ],
        [
            -3.724732269319593,
            -2.3616970420824583,
            1.7507924972394537,
            -1.279502587426627,
            -1.984136680390077,
            2.028804933003214e-05
        ]
    ],
    "base_poses": [
        [
            [
                0.25867130154362616,
                -0.049490356237331445,
                0.0
            ],
            [
                -0.0,
                -0.0,
                0.5243372709597448,
                0.8515106730291095
            ]
        ],
        [
            [
                0.4225038596785926,
                -0.5256638882268445,
                0.0
            ],
            [
                -0.0,
                -0.0,
                0.801720262676395,
                0.5976994398642951
            ]
        ]
    ],
    "difficulty": 0.5746261638295871,
    "dynamic_speed": null
}