{
    "target_eff_poses": [
        [
            [
                0.056919846683740616,
                0.4875481128692627,
                0.39689871668815613
            ],
            [
                -0.6376941204071045,
                0.30842360854148865,
                0.3442288339138031,
                0.6162204146385193
            ]
        ],
        [
            [
                0.7164682149887085,
                -0.5753239393234253,
                0.5290326476097107
            ],
            [
                -0.32710957527160645,
                -0.47497862577438354,
                0.6942711472511292,
                -0.4305603802204132
            ]
        ],
        [
            [
                -0.15330761671066284,
                -0.580053985118866,
                0.8105629682540894
            ],
            [
                -0.22971460223197937,
                -0.014152145944535732,
                0.8606395721435547,
                0.45423609018325806
            ]
        ]
    ],
    "start_goal_config": [
        null,
        null,
        null
    ],
    "start_config": [
        [
            -2.905671650045888,
            -3.0965194642206897,
            1.7291075181183069,
            -1.0037927239813462,
            -1.0809642052757842,
            -2.5900752843191046e-05
        ],
        [
            -4.23694814996317,
            -2.0746891023804417,
            1.443045540534112,
            -1.500596622518259,
            -2.0920648861860727,
            3.3676446884083274e-05
        ],
        [
            -2.0441223863764875,
            -2.4854238112894875,
            1.9553974039347595,
            -1.1477510163959712,
            -0.5503384182977631,
            -1.693244638751259e-05
        ]
    ],
    "goal_config": [
        [
            -3.6628839786528715,
            -2.6335078390170144,
            2.0751827794686726,
            -1.0089037971280528,
            -2.181674632010456,
            1.6074085612848583e-05
        ],
        [
            -4.478126849552631,
            -1.5793434757864522,
            1.333612265165191,
            -1.6664328860052864,
            -1.9834003899755137,
            3.168129690575033e-05
        ],
        [
            -3.6011334030313593,
            -2.196835956467762,
            1.1371965300230291,
            -1.6174678019492115,
            -2.118023058748286,
            3.930726156885157e-05
        ]
    ],
    "base_poses": [
        [
            [
                0.09472204470053103,
                0.4340418549654985,
                0.0
            ],
            [
                0.0,
                0.0,
                -0.4752718199520061,
                0.8798390177523999
            ]
        ],
        [
            [
                0.683759976924053,
                -0.06728106959263713,
                0.0
            ],
            [
                0.0,
                0.0,
                0.9900612523230538,
                0.14063682536414993
            ]
        ],
        [
            [
                -0.059201442745494104,
                -0.5769931638839815,
                0.0
            ],
            [
                -0.0,
                -0.0,
                0.017755962196632846,
                0.9998423504765498
            ]
        ]
    ],
    "difficulty": 0.5198909056710241,
    "dynamic_speed": null
}