{
    "target_eff_poses": [
        [
            [
                -0.34502968192100525,
                0.9498757123947144,
                0.639007031917572
            ],
            [
                -0.5003215074539185,
                0.10208474844694138,
                0.5330116152763367,
                0.6746522784233093
            ]
        ],
        [
            [
                -1.3357638120651245,
                0.5686207413673401,
                0.21997608244419098
            ],
            [
                0.7142040133476257,
                -0.04928332194685936,
                -0.6409847736358643,
                -0.27680733799934387
            ]
        ],
        [
            [
                0.3111024796962738,
                -0.7416813969612122,
                0.7441558837890625
            ],
            [
                -0.04845642298460007,
                0.06350027024745941,
                0.3254244923591614,
                0.9421882033348083
            ]
        ],
        [
            [
                0.40842315554618835,
                -0.26880955696105957,
                0.47842034697532654
            ],
            [
                -0.27462008595466614,
                -0.5133348703384399,
                0.6472592949867249,
                -0.4920635521411896
            ]
        ]
    ],
    "start_goal_config": [
        null,
        null,
        null,
        null
    ],
    "start_config": [
        [
            -3.090018295676548,
            -2.477200748402656,
            1.4948095269197808,
            -1.3682495348011854,
            -1.7118067101484378,
            1.2241497801056161e-05
        ],
        [
            -3.7827886029296276,
            -2.362750096593881,
            1.4674593991610554,
            -1.413227283617075,
            -2.611387926417685,
            2.7566475564553584e-05
        ],
        [
            -2.775901551803713,
            -3.1768181481161184,
            1.7953153441197685,
            -0.9589372328141212,
            -2.4683953471962217,
            2.710354344786377e-05
        ],
        [
            -3.0237541505156456,
            -3.051608347201345,
            1.367686816605264,
            -1.2241721063934528,
            -1.4564925380188447,
            -8.15476759238157e-06
        ]
    ],
    "goal_config": [
        [
            -4.5003564356692,
            -2.0613868500171892,
            1.4753839892343308,
            -1.4837302612754397,
            -2.2716859422176277,
            3.775981611990148e-05
        ],
        [
            -4.4471609097073275,
            -1.0151002370893847,
            1.286861882425262,
            -1.8175128093105897,
            -1.9095562218445632,
            2.6666483242232012e-05
        ],
        [
            -2.7954485758207466,
            -2.6790944945751454,
            1.166683043707058,
            -1.4692493544483078,
            -1.8901813126581462,
            2.1126790440738996e-05
        ],
        [
            -3.3107089205051157,
            -2.674754657875668,
            1.882045296623028,
            -1.1060702720733542,
            -2.0003514416062314,
            1.8115267571848943e-05
        ]
    ],
    "base_poses": [
        [
            [
                -0.206535566147803,
                0.7316495983362798,
                0.0
            ],
            [
                -0.0,
                -0.0,
                0.12733890899552536,
                0.9918592653475741
            ]
        ],
        [
            [
                -0.6891790890672725,
                0.3090684120782443,
                0.0
            ],
            [
                -0.0,
                -0.0,
                0.40275155460947426,
                0.915309338562462
            ]
        ],
        [
            [
                0.49003986373991615,
                -0.595778591557451,
                0.0
            ],
            [
                0.0,
                0.0,
                0.9494913735059908,
                -0.3137931351029005
            ]
        ],
        [
            [
                0.35039273434546514,
                -0.2543220256186224,
                0.0
            ],
            [
                -0.0,
                -0.0,
                0.813040430074946,
                0.5822072303428968
            ]
        ]
    ],
    "difficulty": 0.41522491349480967
}