{
    "target_eff_poses": [
        [
            [
                0.8308549523353577,
                0.7805044651031494,
                0.6435127854347229
            ],
            [
                0.037972111254930496,
                0.006488870829343796,
                0.9976359009742737,
                -0.05690917745232582
            ]
        ],
        [
            [
                0.02853561006486416,
                -0.5159144997596741,
                0.3977140486240387
            ],
            [
                0.06882350891828537,
                0.7366284132003784,
                -0.20591692626476288,
                0.6404998898506165
            ]
        ]
    ],
    "start_goal_config": [
        null,
        null
    ],
    "start_config": [
        [
            -2.9749842639349233,
            -3.0647955083576877,
            1.2021930670826282,
            -1.2988365613633646,
            -1.5610125262311687,
            -6.265325148451236e-07
        ],
        [
            -4.638233230622217,
            -1.2754587500174794,
            1.149665761395794,
            -1.8100864478863632,
            -2.0086727973122733,
            2.9916359883979628e-05
        ]
    ],
    "goal_config": [
        [
            -2.9019666748267685,
            -2.9714406453425495,
            1.1309699093064587,
            -1.3781837815668945,
            -1.6829594425650272,
            8.248622578460314e-06
        ],
        [
            -3.624594652508559,
            -2.027593797804995,
            1.8677008019919683,
            -1.3160395350661274,
            -1.7886922537104812,
            1.965872553206378e-05
        ]
    ],
    "base_poses": [
        [
            [
                0.4180236037777829,
                0.7825981857500246,
                0.0
            ],
            [
                0.0,
                0.0,
                -0.006749243660709211,
                0.9999772235956219
            ]
        ],
        [
            [
                -0.2626064453508713,
                -0.4795286788843381,
                0.0
            ],
            [
                0.0,
                0.0,
                0.9992238517173401,
                -0.03939154933692299
            ]
        ]
    ],
    "difficulty": 0.03601993792908868,
    "dynamic_speed": null,
    "ur5_count": 2,
    "id": "005820",
    "task_path": "/home/huy/programming/projects/workspace-sharing-multiarm/src/data/8f14d7-hard-vlo-tasks/005820.json"
}