{
    "target_eff_poses": [
        [
            [
                0.427442729473114,
                0.7416571974754333,
                0.5749672055244446
            ],
            [
                -0.5007889866828918,
                -0.39510345458984375,
                0.6864035725593567,
                0.34921884536743164
            ]
        ],
        [
            [
                -0.3952805995941162,
                0.05901631340384483,
                0.6367720365524292
            ],
            [
                0.10270042717456818,
                0.3166184425354004,
                -0.5087969303131104,
                0.7939339280128479
            ]
        ],
        [
            [
                0.0025668020825833082,
                1.0798243284225464,
                0.18594446778297424
            ],
            [
                -0.035281118005514145,
                0.8352381587028503,
                0.2555709183216095,
                0.48560887575149536
            ]
        ],
        [
            [
                0.6149666905403137,
                -0.4403386116027832,
                0.22246399521827698
            ],
            [
                -0.3148472309112549,
                0.9017369151115417,
                -0.2636316418647766,
                0.13505582511425018
            ]
        ]
    ],
    "start_goal_config": [
        null,
        null,
        null,
        null
    ],
    "start_config": [
        [
            -2.9166094466050305,
            -2.761709656705712,
            2.251813386811058,
            -0.6796909012822537,
            -1.8305214516492043,
            1.5938208837647949e-06
        ],
        [
            -5.078924778084993,
            -1.4633185423555792,
            1.4008909953563193,
            -1.6242037927915258,
            -2.3738143043011206,
            2.838708586098104e-05
        ],
        [
            -1.9889909761495688,
            -1.7048952910020212,
            1.302504646349459,
            -1.6503456991764942,
            -1.141009035538711,
            -1.9545728986168966e-05
        ],
        [
            -3.0862096178514635,
            -2.3716347423881325,
            1.112704647614625,
            -1.5864442015359623,
            -1.9744937622253549,
            2.7609266780712643e-05
        ]
    ],
    "goal_config": [
        [
            -4.7203267509006634,
            -2.095603852762765,
            1.6924674380414921,
            -1.3549316580809023,
            -2.7094086773998485,
            3.1274898242787855e-05
        ],
        [
            -2.998803317890309,
            -2.669832355057331,
            1.509061457573123,
            -1.3021484158245722,
            -1.8270840291200643,
            2.261734438261828e-05
        ],
        [
            -1.8470053359904606,
            -1.2778526348121826,
            1.711065476357106,
            -1.5949530217311922,
            -1.1285623785377286,
            -1.952992906494132e-05
        ],
        [
            -5.099702433536637,
            -1.831909494301817,
            2.335136046080383,
            -1.1046578983558455,
            -3.0040811997859715,
            1.7709603093294183e-05
        ]
    ],
    "base_poses": [
        [
            [
                0.6753085962239664,
                0.7821459881719555,
                0.0
            ],
            [
                -0.0,
                -0.0,
                0.7758383562600217,
                0.6309317276502646
            ]
        ],
        [
            [
                -0.4130007370945931,
                -0.03949733611135875,
                0.0
            ],
            [
                0.0,
                0.0,
                0.8711941781859701,
                0.49093859483123975
            ]
        ],
        [
            [
                -0.3631489512774508,
                0.6765715828880252,
                0.0
            ],
            [
                0.0,
                0.0,
                0.9271860550937923,
                0.37460114687439405
            ]
        ],
        [
            [
                0.43106344571205235,
                -0.23793433937585873,
                0.0
            ],
            [
                0.0,
                0.0,
                -0.8262740786872954,
                0.5632682725748549
            ]
        ]
    ],
    "difficulty": 0.6140911225927665,
    "dynamic_speed": null,
    "ur5_count": 4,
    "id": "005877",
    "task_path": "/home/hqh2101/workspace-sharing-multiarm/src/data/8f14d7-hard-vlo-tasks/005877.json"
}