{
    "target_eff_poses": [
        [
            [
                -0.5064380764961243,
                0.5983995795249939,
                0.5295568108558655
            ],
            [
                -0.289835661649704,
                0.5037639141082764,
                -0.0961780995130539,
                0.8080637454986572
            ]
        ],
        [
            [
                0.24723340570926666,
                0.9446762800216675,
                0.4425981938838959
            ],
            [
                -0.529698371887207,
                0.26775914430618286,
                0.6850200891494751,
                0.4224596917629242
            ]
        ],
        [
            [
                0.18858496844768524,
                0.035038188099861145,
                0.30545687675476074
            ],
            [
                -0.36154642701148987,
                0.7066861391067505,
                0.14323005080223083,
                0.591070294380188
            ]
        ],
        [
            [
                0.6277999877929688,
                1.0859726667404175,
                0.11709561944007874
            ],
            [
                -0.37446829676628113,
                0.5951647162437439,
                0.33310529589653015,
                0.6281667351722717
            ]
        ]
    ],
    "start_goal_config": [
        null,
        null,
        null,
        null
    ],
    "start_config": [
        [
            -4.858817856040617,
            -1.3165805368820365,
            1.5551895284452377,
            -1.6295364167920083,
            -2.1545716633144267,
            3.4622702517044756e-05
        ],
        [
            -4.955398090853412,
            -1.9525025928419422,
            1.649759593399223,
            -1.3990984077002024,
            -2.6625802702300922,
            3.7647858551092023e-05
        ],
        [
            -4.311128055328805,
            -1.2940346366740467,
            1.385726280528641,
            -1.714047635153016,
            -1.8789064177496821,
            1.7110773708743424e-17
        ],
        [
            -2.659084339858362,
            -1.5409770752086078,
            2.1357653315213017,
            -1.3475897197974456,
            -1.4600282712462145,
            6.080548564152566e-11
        ]
    ],
    "goal_config": [
        [
            -3.8319243180009352,
            -2.4734442772181597,
            1.7988844641806427,
            -1.226632956100059,
            -2.2113594432904424,
            2.824866107953126e-05
        ],
        [
            -3.5954777770094783,
            -1.3282298832421378,
            1.234608408398681,
            -1.7771008256738012,
            -1.655379425730711,
            -2.6044878346081065e-06
        ],
        [
            -2.9084440145365034,
            -2.7796004764654407,
            2.2071249814737843,
            -0.7350459175856074,
            -1.8059450262390937,
            6.711065508108154e-06
        ],
        [
            -3.6825991095275445,
            -0.7678786417212689,
            1.129264133275813,
            -1.9432860978702426,
            -1.6448206656368778,
            3.9145279192811714e-06
        ]
    ],
    "base_poses": [
        [
            [
                -0.5824343415013495,
                0.5317367927439594,
                0.0
            ],
            [
                0.0,
                0.0,
                -0.8540940094516377,
                0.5201186624404337
            ]
        ],
        [
            [
                0.6557435807644585,
                0.4663632644347151,
                0.0
            ],
            [
                0.0,
                0.0,
                -0.2796058446956591,
                0.9601148741749744
            ]
        ],
        [
            [
                0.24704515169369134,
                -0.01869520692528659,
                0.0
            ],
            [
                0.0,
                0.0,
                0.9716355847885199,
                -0.2364831714365127
            ]
        ],
        [
            [
                0.3310546800006484,
                0.36986830377363766,
                0.0
            ],
            [
                0.0,
                0.0,
                -0.7002164574606161,
                0.7139306077633212
            ]
        ]
    ],
    "difficulty": 0.9731026050973385,
    "dynamic_speed": null
}