{
    "target_eff_poses": [
        [
            [
                -1.0491160154342651,
                0.44341105222702026,
                0.3755244016647339
            ],
            [
                -0.44699186086654663,
                0.41838976740837097,
                0.6500977277755737,
                0.45002371072769165
            ]
        ]
    ],
    "start_goal_config": [
        null
    ],
    "start_config": [
        [
            -3.056278382016041,
            -2.779128583241548,
            1.73387383309955,
            -1.1500242327525307,
            -1.9597421912220037,
            2.1294417707049396e-05
        ]
    ],
    "goal_config": [
        [
            -2.7704699360989284,
            -1.170884262255242,
            1.1818047935392542,
            -1.8347013547886852,
            -1.423935054871871,
            -6.530652964402953e-06
        ]
    ],
    "base_poses": [
        [
            [
                -0.7798138432481934,
                -0.19563104375371998,
                0.0
            ],
            [
                0.0,
                0.0,
                -0.7607666029508744,
                0.649025558691325
            ]
        ]
    ],
    "difficulty": 0.0,
    "dynamic_speed": null
}