{
    "target_eff_poses": [
        [
            [
                0.15864244103431702,
                1.0018930435180664,
                0.16433177888393402
            ],
            [
                -0.30634215474128723,
                0.5903767347335815,
                0.4662545621395111,
                0.5832807421684265
            ]
        ],
        [
            [
                -0.1767711192369461,
                -0.24811045825481415,
                0.5733409523963928
            ],
            [
                -0.25905969738960266,
                0.4409538507461548,
                0.2853037714958191,
                0.8105859160423279
            ]
        ],
        [
            [
                -0.49082136154174805,
                0.016057360917329788,
                0.2854304015636444
            ],
            [
                -0.4961208403110504,
                0.6900927424430847,
                0.10614731907844543,
                0.5161095261573792
            ]
        ],
        [
            [
                0.21488700807094574,
                0.37703433632850647,
                0.394361674785614
            ],
            [
                0.6205405592918396,
                -0.38541164994239807,
                -0.5505229830741882,
                -0.4041185975074768
            ]
        ]
    ],
    "start_goal_config": [
        null,
        null,
        null,
        null
    ],
    "start_config": [
        [
            -1.9187044738445553,
            -2.023682184444192,
            2.5065399922352287,
            -1.0188108874168205,
            -0.7668757282118186,
            -4.480040166559388e-17
        ],
        [
            -2.1621398877711147,
            -1.573183243239027,
            2.3434509171031754,
            -1.2981233694779581,
            -1.168843270939531,
            -2.29635131498096e-06
        ],
        [
            -2.3284262804278013,
            -1.9446438085243862,
            2.2862953644709396,
            -1.1378156019965906,
            -1.3286992924188052,
            -1.3163522993301028e-06
        ],
        [
            -3.399011972040772,
            -2.7020806162530397,
            2.156934934177003,
            -0.8895437633414881,
            -2.069166094264179,
            1.0812812906799918e-05
        ]
    ],
    "goal_config": [
        [
            -2.6796917152763804,
            -0.7823489476009067,
            1.063053743154891,
            -1.966973720283761,
            -1.3750885694197381,
            -1.0657947486688562e-05
        ],
        [
            -3.2298002515904582,
            -2.422900174853345,
            1.6588718550237571,
            -1.3038812261721155,
            -1.7635550742932766,
            2.496922375508915e-05
        ],
        [
            -4.120573870231817,
            -1.9791266269632737,
            2.0951274330392904,
            -1.2259282635901652,
            -1.9912686244134963,
            -2.8637645844729212e-06
        ],
        [
            -2.9936729443752705,
            -2.3306415529116795,
            1.9853043505231713,
            -1.158182973727737,
            -1.6482368455734688,
            -3.108434365849944e-11
        ]
    ],
    "base_poses": [
        [
            [
                -0.0378389678079637,
                0.22800291140467155,
                0.0
            ],
            [
                0.0,
                0.0,
                0.9408910038892395,
                -0.33870949027197217
            ]
        ],
        [
            [
                -0.18167303786205247,
                -0.3845094701991196,
                0.0
            ],
            [
                0.0,
                0.0,
                0.8874925798681594,
                -0.46082200541961804
            ]
        ],
        [
            [
                -0.6209419224019209,
                -0.20788107885203133,
                0.0
            ],
            [
                0.0,
                0.0,
                -0.6195991401838736,
                0.7849184068955222
            ]
        ],
        [
            [
                0.36722982649656233,
                0.26355290793764796,
                0.0
            ],
            [
                0.0,
                0.0,
                -0.6197803590442245,
                0.7847753223330944
            ]
        ]
    ],
    "difficulty": 0.891281858365466,
    "dynamic_speed": null,
    "ur5_count": 4,
    "id": "005835",
    "task_path": "/home/huy/programming/projects/workspace-sharing-multiarm/src/data/8f14d7-hard-vlo-tasks/005835.json"
}