{
    "target_eff_poses": [
        [
            [
                -0.885411262512207,
                -0.13098682463169098,
                0.2438545674085617
            ],
            [
                -0.47991204261779785,
                0.8244795799255371,
                0.24568383395671844,
                -0.17192231118679047
            ]
        ],
        [
            [
                0.47314804792404175,
                -0.07986626029014587,
                0.6755548119544983
            ],
            [
                0.08305279910564423,
                0.35073208808898926,
                -0.49104225635528564,
                0.7930742502212524
            ]
        ],
        [
            [
                -0.10044578462839127,
                0.8081635236740112,
                0.8306136727333069
            ],
            [
                0.023193929344415665,
                0.07706528902053833,
                -0.8494915962219238,
                0.5214278697967529
            ]
        ]
    ],
    "start_goal_config": [
        null,
        null,
        null
    ],
    "start_config": [
        [
            -1.95379146514846,
            -2.0943921029665082,
            1.5022997968428986,
            -1.4547033952696236,
            -0.7922919281436699,
            -2.383477155813915e-05
        ],
        [
            -1.9156646122473566,
            -1.2869549556683895,
            1.538302443437987,
            -1.6543358040514775,
            -1.1660285456226007,
            -2.696883779904128e-05
        ],
        [
            -5.134351630480001,
            -1.4588131240113171,
            1.586512387095179,
            -1.552044678430855,
            -2.4264071918416237,
            2.695556242278142e-05
        ]
    ],
    "goal_config": [
        [
            -1.1219577426159457,
            -1.6690967449048086,
            2.194746379252994,
            -1.1347242175718908,
            0.08343683538423302,
            -2.3335594130991888e-05
        ],
        [
            -3.2442470041740377,
            -2.4619541364417854,
            1.4520726357735885,
            -1.3942408943779232,
            -1.8926989807170076,
            2.6534123732870535e-05
        ],
        [
            -2.8159713252834075,
            -2.4267856341709972,
            1.0482015019497908,
            -1.6018496172645107,
            -2.2989018126888294,
            3.6164316100318624e-05
        ]
    ],
    "base_poses": [
        [
            [
                -0.45790941416344677,
                -0.06566892023254012,
                0.0
            ],
            [
                0.0,
                0.0,
                0.9412656015080128,
                -0.337667095550868
            ]
        ],
        [
            [
                0.4016638370761352,
                -0.1045103460836676,
                0.0
            ],
            [
                0.0,
                0.0,
                0.9420497327213988,
                0.33547324942466156
            ]
        ],
        [
            [
                -0.08782830465634728,
                0.6717919775371983,
                0.0
            ],
            [
                -0.0,
                -0.0,
                0.6829229490330204,
                0.7304904145052435
            ]
        ]
    ],
    "difficulty": 0.48919984973703984,
    "dynamic_speed": null
}