{
    "target_eff_poses": [
        [
            [
                0.13680700957775116,
                0.12479858845472336,
                0.36019134521484375
            ],
            [
                0.5927138328552246,
                -0.4940492510795593,
                -0.5463518500328064,
                -0.3257378935813904
            ]
        ],
        [
            [
                -0.2489420473575592,
                -0.9178236722946167,
                0.5987735390663147
            ],
            [
                -0.46287623047828674,
                -0.14113911986351013,
                0.7680280208587646,
                -0.41947388648986816
            ]
        ],
        [
            [
                -0.5515144467353821,
                0.8335041999816895,
                0.44820451736450195
            ],
            [
                -0.4123675525188446,
                0.558689534664154,
                0.19338101148605347,
                0.6931253671646118
            ]
        ]
    ],
    "start_goal_config": [
        null,
        null,
        null
    ],
    "start_config": [
        [
            -3.0095724806492195,
            -2.0404227809128344,
            1.34767983015765,
            -1.556738907737756,
            -1.5470517657881546,
            4.267554711490195e-06
        ],
        [
            -3.1732048687814616,
            -2.2905304679592797,
            1.160874105370284,
            -1.5845750462295833,
            -1.7489378297714258,
            6.438735217032866e-06
        ],
        [
            -2.824694088665096,
            -3.125716797983672,
            0.9798194364072214,
            -1.3660963219349647,
            -1.8297151123205697,
            -1.4219614695329845e-05
        ]
    ],
    "goal_config": [
        [
            -2.4843071850718395,
            -1.9405616472001086,
            1.8924789997356313,
            -1.3307480745150515,
            -1.4135620648451386,
            -5.061801576236875e-09
        ],
        [
            -2.548265729340005,
            -1.5373121479750607,
            1.1659117310416196,
            -1.7599414557584443,
            -1.3668563272637557,
            -7.612196108373219e-06
        ],
        [
            -4.019701055932476,
            -2.0730933593878156,
            1.8031972605450526,
            -1.3365342426608886,
            -1.9345575208389556,
            2.9274129145382005e-05
        ]
    ],
    "base_poses": [
        [
            [
                0.36073763845973983,
                -0.12145636497555523,
                0.0
            ],
            [
                0.0,
                0.0,
                -0.8104293035469612,
                0.5858364481255733
            ]
        ],
        [
            [
                0.023400400881615546,
                -0.4460964343584204,
                0.0
            ],
            [
                -0.0,
                -0.0,
                0.1010893708168222,
                0.9948773487761489
            ]
        ],
        [
            [
                -0.6695349961600251,
                0.5801167753323804,
                0.0
            ],
            [
                0.0,
                0.0,
                -0.6270563548121412,
                0.7789738942286256
            ]
        ]
    ],
    "difficulty": 0.3023271592373974
}