{
    "target_eff_poses": [
        [
            [
                -0.18611618876457214,
                0.2939609885215759,
                0.8137677311897278
            ],
            [
                0.08069433271884918,
                0.11603105068206787,
                -0.6001076102256775,
                0.7873347997665405
            ]
        ],
        [
            [
                0.27947455644607544,
                -0.609778881072998,
                0.7389689087867737
            ],
            [
                -0.08952399343252182,
                0.32557380199432373,
                -0.02742866799235344,
                0.940869152545929
            ]
        ],
        [
            [
                -0.5048953890800476,
                -0.041793715208768845,
                0.5669165849685669
            ],
            [
                -0.2776523530483246,
                0.4890977442264557,
                0.2970346510410309,
                0.7716625332832336
            ]
        ],
        [
            [
                -0.4529128670692444,
                0.6808596849441528,
                0.5362525582313538
            ],
            [
                -0.4354315400123596,
                0.4310672879219055,
                0.10238088667392731,
                0.7836443781852722
            ]
        ]
    ],
    "start_goal_config": [
        null,
        null,
        null,
        null
    ],
    "start_config": [
        [
            -3.242832099029947,
            -2.4811544769305507,
            1.5235271143656728,
            -1.3538024406701405,
            -1.865763897641783,
            2.3691696241824028e-05
        ],
        [
            -5.196771638453646,
            -1.274468984882792,
            1.4702142209446571,
            -1.624019698648973,
            -2.4787875325367987,
            2.770137895464852e-05
        ],
        [
            -3.0750629621442447,
            -2.398131288236719,
            1.5657701835094326,
            -1.3563661003163618,
            -1.656878336556675,
            8.347957804581663e-06
        ],
        [
            -3.71022087719251,
            -2.42792092493693,
            1.7925370637369051,
            -1.2396583816143123,
            -2.0351958767931646,
            2.4254481661209065e-05
        ]
    ],
    "goal_config": [
        [
            -3.036060469678397,
            -2.3715562398569667,
            1.105183322370453,
            -1.5916058822824064,
            -1.6143912962631695,
            -1.5665372993364836e-07
        ],
        [
            -3.555675811975875,
            -2.1787508484038165,
            1.2802233891728023,
            -1.5542028014644627,
            -1.8683059351450382,
            2.1207972876345936e-05
        ],
        [
            -3.5276398449923634,
            -1.943344109047469,
            1.5043715402798885,
            -1.5080163776997018,
            -1.719674159065409,
            1.608553160641602e-05
        ],
        [
            -4.822822083133372,
            -1.7436204598539138,
            1.4745784163208862,
            -1.5535462528995945,
            -2.2313266426815623,
            3.4245823012011144e-05
        ]
    ],
    "base_poses": [
        [
            [
                -0.27345454451508844,
                0.2276088221199657,
                0.0
            ],
            [
                -0.0,
                -0.0,
                0.7761666947244215,
                0.6305277646547904
            ]
        ],
        [
            [
                0.1431618669485939,
                -0.7161497195043645,
                0.0
            ],
            [
                0.0,
                0.0,
                0.947120722466984,
                -0.32087744868347845
            ]
        ],
        [
            [
                -0.6482808607974099,
                -0.35827813351935767,
                0.0
            ],
            [
                0.0,
                0.0,
                -0.8051226634566753,
                0.5931083347824654
            ]
        ],
        [
            [
                -0.685232682634426,
                0.32698866792028913,
                0.0
            ],
            [
                0.0,
                0.0,
                -0.266726388348772,
                0.9637722935208399
            ]
        ]
    ],
    "difficulty": 0.7868883253498639,
    "dynamic_speed": null,
    "ur5_count": 4,
    "id": "005932",
    "task_path": "/home/hqh2101/workspace-sharing-multiarm/src/data/8f14d7-hard-vlo-tasks/005932.json"
}