{
    "target_eff_poses": [
        [
            [
                -0.44220298528671265,
                0.14430154860019684,
                0.4157724380493164
            ],
            [
                -0.33429521322250366,
                0.5414184331893921,
                0.2275523543357849,
                0.7371110916137695
            ]
        ],
        [
            [
                0.08741740137338638,
                -0.9707762002944946,
                0.14504937827587128
            ],
            [
                0.5854750275611877,
                0.6878571510314941,
                -0.2852395474910736,
                0.32048389315605164
            ]
        ],
        [
            [
                -0.3033723533153534,
                -1.0318350791931152,
                0.2583726942539215
            ],
            [
                0.13068042695522308,
                0.7618781924247742,
                -0.5182238817214966,
                0.3659347891807556
            ]
        ]
    ],
    "start_goal_config": [
        null,
        null,
        null
    ],
    "start_config": [
        [
            -3.2423665617319055,
            -2.71088990960644,
            2.210758213535875,
            -0.8097185359183234,
            -1.9955830961187144,
            6.930510180220065e-06
        ],
        [
            -3.0037253074469046,
            -2.7844308388573733,
            2.073723509410651,
            -0.9026888822827079,
            -1.8246782697522037,
            1.3182733735669294e-05
        ],
        [
            -1.897304980874457,
            -2.4096545328097854,
            2.4667601278070794,
            -0.7993396448507978,
            -0.6908879649711386,
            -6.870515896491276e-06
        ]
    ],
    "goal_config": [
        [
            -3.042236260929653,
            -2.7576786349184164,
            1.9880156648879461,
            -0.9925254210538104,
            -1.8245163907873017,
            1.406983883248211e-17
        ],
        [
            -3.1428863471344584,
            -1.432180283118204,
            1.9805882469143208,
            -1.435257374711186,
            -1.592907291987773,
            1.697048503107025e-06
        ],
        [
            -5.106843309224298,
            -1.1755709994199537,
            1.4716959105847134,
            -1.6705940029162958,
            -2.3568922939755397,
            -5.721968162300794e-06
        ]
    ],
    "base_poses": [
        [
            [
                -0.38754011372378194,
                0.0905679054827978,
                0.0
            ],
            [
                0.0,
                0.0,
                0.9299172232724144,
                -0.3677688919162719
            ]
        ],
        [
            [
                -0.07089713845575363,
                -0.6044165746285162,
                0.0
            ],
            [
                -0.0,
                -0.0,
                0.7547167175364747,
                0.6560508183601093
            ]
        ],
        [
            [
                -0.5830197010232541,
                -0.48525803304464826,
                0.0
            ],
            [
                0.0,
                0.0,
                0.9132093573574687,
                -0.4074906988322053
            ]
        ]
    ],
    "difficulty": 0.7352361280630927,
    "dynamic_speed": null
}