{
    "target_eff_poses": [
        [
            [
                0.5639535784721375,
                -0.46684715151786804,
                0.2554423213005066
            ],
            [
                0.06670710444450378,
                0.7262387275695801,
                -0.1574038863182068,
                0.6658464670181274
            ]
        ],
        [
            [
                -0.22579437494277954,
                0.6820265650749207,
                0.3146696388721466
            ],
            [
                -0.6394850015640259,
                -0.1100912019610405,
                0.7604564428329468,
                0.02539488486945629
            ]
        ]
    ],
    "start_goal_config": [
        null,
        null
    ],
    "start_config": [
        [
            -2.665626986914404,
            -3.0786097767157865,
            1.6085082294193203,
            -1.1438558421333522,
            -2.7467278357054976,
            2.8336985159531543e-05
        ],
        [
            -3.05898981038968,
            -1.9602868816646568,
            1.252022748697875,
            -1.6224603251958098,
            -1.5515795057033763,
            4.94112114506418e-06
        ]
    ],
    "goal_config": [
        [
            -3.7989212138829185,
            -1.1686707716225744,
            1.4010296617178666,
            -1.739363389419103,
            -1.7113348039299716,
            1.5296424755162497e-05
        ],
        [
            -2.741934139714359,
            -3.211235931272895,
            2.0093959982623426,
            -0.5274969781944421,
            -1.774663280312317,
            1.4146754659279439e-06
        ]
    ],
    "base_poses": [
        [
            [
                -0.06632356567729436,
                -0.35129979925083676,
                0.0
            ],
            [
                0.0,
                0.0,
                0.986120051562142,
                -0.16603386373592127
            ]
        ],
        [
            [
                -0.404475687681801,
                0.740989062899756,
                0.0
            ],
            [
                0.0,
                0.0,
                -0.1309003079868446,
                0.9913955362865768
            ]
        ]
    ],
    "difficulty": 0.08223081620191329
}