{
    "target_eff_poses": [
        [
            [
                -0.6587401628494263,
                1.17386794090271,
                0.29289665818214417
            ],
            [
                -0.351738840341568,
                0.5378231406211853,
                0.5445179343223572,
                0.5390048623085022
            ]
        ],
        [
            [
                -0.23560777306556702,
                -0.8016138076782227,
                0.43305471539497375
            ],
            [
                0.13039462268352509,
                0.6257327198982239,
                -0.31355521082878113,
                0.7022385001182556
            ]
        ],
        [
            [
                -0.6857241988182068,
                0.002499489113688469,
                0.2524118721485138
            ],
            [
                -0.6820420026779175,
                0.062282122671604156,
                0.7194972038269043,
                -0.11516701430082321
            ]
        ],
        [
            [
                -0.05859489366412163,
                0.7155004739761353,
                0.5305541157722473
            ],
            [
                -0.32340458035469055,
                0.47259247303009033,
                0.18743371963500977,
                0.7980817556381226
            ]
        ]
    ],
    "start_goal_config": [
        null,
        null,
        null,
        null
    ],
    "start_config": [
        [
            -3.038986699241938,
            -2.6562998229494763,
            1.4847976568678753,
            -1.323153364833139,
            -2.267875810831206,
            3.553515626279502e-05
        ],
        [
            -4.337860753423427,
            -2.147585475618959,
            1.4887073340637524,
            -1.4580593907751225,
            -2.2818468665553766,
            3.508856528400918e-05
        ],
        [
            -3.1989737506501785,
            -2.6886047430789124,
            1.7549626022786613,
            -1.1720465104725786,
            -1.982978035907743,
            2.5868633065576273e-05
        ],
        [
            -3.936050356454043,
            -2.123804073910519,
            2.2104119341342026,
            -1.1088764060816994,
            -2.011896405747758,
            1.1855249813015293e-06
        ]
    ],
    "goal_config": [
        [
            -2.565396923019959,
            -1.0255434808300201,
            1.1557806982062455,
            -1.8759768828769545,
            -1.359495634244653,
            1.2284205593773135e-06
        ],
        [
            -3.9860568879483917,
            -1.456546503584245,
            1.381953244224475,
            -1.680145187886992,
            -1.785299074189619,
            1.816714925968414e-05
        ],
        [
            -2.4164500580311046,
            -1.02788062751665,
            1.2352712993646886,
            -1.8401007925784256,
            -1.321011638896313,
            -1.5369882421597718e-05
        ],
        [
            -4.378389666234268,
            -1.5804692614326592,
            1.3288306160495404,
            -1.6704716244349325,
            -1.9402463022270644,
            -3.7167943984201627e-07
        ]
    ],
    "base_poses": [
        [
            [
                -0.6698437174164701,
                0.43654725268267347,
                0.0
            ],
            [
                0.0,
                0.0,
                0.9223261836393625,
                -0.38641222932672437
            ]
        ],
        [
            [
                -0.7339942935926027,
                -0.5422490997302827,
                0.0
            ],
            [
                0.0,
                0.0,
                0.9940060003707473,
                -0.10932552870647393
            ]
        ],
        [
            [
                0.008789964982817033,
                0.19115766568407122,
                0.0
            ],
            [
                0.0,
                0.0,
                -0.32286130403070945,
                0.9464462892101114
            ]
        ],
        [
            [
                -0.354097056867173,
                0.29961390070096927,
                0.0
            ],
            [
                0.0,
                0.0,
                -0.5115589325435089,
                0.8592481937920764
            ]
        ]
    ],
    "difficulty": 0.9859075535512966,
    "dynamic_speed": null
}