{
    "target_eff_poses": [
        [
            [
                0.268155574798584,
                -0.7603179812431335,
                0.2631397545337677
            ],
            [
                -0.3938179612159729,
                -0.5802479386329651,
                0.7075703144073486,
                -0.08697193115949631
            ]
        ]
    ],
    "start_goal_config": [
        null
    ],
    "start_config": [
        [
            -1.9550838988171717,
            -1.0826421188994395,
            1.5485205268727482,
            -1.7031395235977294,
            -1.1716078804287748,
            -2.413088136760716e-05
        ]
    ],
    "goal_config": [
        [
            -5.18244788349593,
            -0.944465588401395,
            1.1663868145254002,
            -1.8091932716753751,
            -2.422997595517537,
            -4.7810851788402884e-05
        ]
    ],
    "base_poses": [
        [
            [
                0.5903235462002259,
                -0.10760674330958242,
                0.0
            ],
            [
                0.0,
                0.0,
                0.9999980389212809,
                0.0019804427768267065
            ]
        ]
    ],
    "difficulty": 0.0,
    "dynamic_speed": null,
    "ur5_count": 1,
    "id": "005923",
    "task_path": "/home/hqh2101/workspace-sharing-multiarm/src/data/8f14d7-hard-vlo-tasks/005923.json"
}