{
    "target_eff_poses": [
        [
            [
                0.16467319428920746,
                -0.45186638832092285,
                0.5179470777511597
            ],
            [
                -0.10102911293506622,
                0.09664931893348694,
                0.9494482278823853,
                0.28106948733329773
            ]
        ],
        [
            [
                -0.4017975628376007,
                -0.2472151666879654,
                0.8066897392272949
            ],
            [
                -0.26112011075019836,
                0.004215470049530268,
                0.6805807948112488,
                0.6845498085021973
            ]
        ],
        [
            [
                0.23023362457752228,
                0.5904033780097961,
                0.6379767656326294
            ],
            [
                -0.13586239516735077,
                0.33788979053497314,
                0.09043038636445999,
                0.9269273281097412
            ]
        ],
        [
            [
                -0.5058026909828186,
                0.49888771772384644,
                0.7001537680625916
            ],
            [
                -0.28688758611679077,
                -0.29996445775032043,
                0.9040225148200989,
                -0.10227484256029129
            ]
        ]
    ],
    "start_goal_config": [
        null,
        null,
        null,
        null
    ],
    "start_config": [
        [
            -2.7896170193589676,
            -2.033027622200392,
            1.9252126913673915,
            -1.285403339579551,
            -1.5301872411886779,
            3.46263526969327e-06
        ],
        [
            -3.5041170191167708,
            -1.9381903258847684,
            1.9499795134951174,
            -1.3013252188011906,
            -1.7445749384123057,
            2.041754420070087e-05
        ],
        [
            -3.8594943721671675,
            -1.1035664714902849,
            1.3811261214858899,
            -1.7626224264030896,
            -1.7241975318317684,
            1.2364477147523636e-05
        ],
        [
            -4.028824933210975,
            -1.552463744571189,
            1.631307462770587,
            -1.5490675278044326,
            -1.8197777298356188,
            2.5162005497655476e-05
        ]
    ],
    "goal_config": [
        [
            -3.1404852190879056,
            -3.181159196066196,
            1.4412299002018434,
            -1.12109994407671,
            -1.0952660059450703,
            -3.274414926319066e-05
        ],
        [
            -3.814705987959733,
            -2.1679710235364915,
            1.1621083806492511,
            -1.6072724883869673,
            -2.342997374797526,
            3.120998074031923e-05
        ],
        [
            -3.0827095888950313,
            -2.6027402963212416,
            1.5234797861347102,
            -1.3168244966179403,
            -1.8558530077972575,
            6.853473000007692e-07
        ],
        [
            -4.084000283395089,
            -2.2023965758732715,
            1.4024902840287161,
            -1.485621737750368,
            -2.2658447381795557,
            3.789619262234728e-05
        ]
    ],
    "base_poses": [
        [
            [
                0.13557637711257375,
                -0.06133731106902596,
                0.0
            ],
            [
                0.0,
                0.0,
                -0.5021955910710819,
                0.8647540623256804
            ]
        ],
        [
            [
                -0.31973547874140085,
                -0.3058588236835796,
                0.0
            ],
            [
                0.0,
                0.0,
                -0.06559831647231563,
                0.9978461108186963
            ]
        ],
        [
            [
                0.28482000373195726,
                0.5369689647422662,
                0.0
            ],
            [
                0.0,
                0.0,
                0.9779602988695423,
                -0.2087909333160699
            ]
        ],
        [
            [
                -0.429951209564706,
                0.6413417107149921,
                0.0
            ],
            [
                -0.0,
                -0.0,
                0.8024493806830062,
                0.5967201952686534
            ]
        ]
    ],
    "difficulty": 0.8439763001974984,
    "dynamic_speed": null
}