{
    "target_eff_poses": [
        [
            [
                -0.22406910359859467,
                -0.19772183895111084,
                0.6737334728240967
            ],
            [
                -0.1734154373407364,
                -0.018737709149718285,
                0.8930568099021912,
                0.41475963592529297
            ]
        ]
    ],
    "start_goal_config": [
        null
    ],
    "start_config": [
        [
            -3.550750550358579,
            -2.050046797374689,
            1.947213476294663,
            -1.2698907575397491,
            -1.7802486304802494,
            1.7834536391909587e-05
        ]
    ],
    "goal_config": [
        [
            -2.6985204886910568,
            -2.7943441695175077,
            1.3463248196564135,
            -1.3429132516152065,
            -2.1132875232612,
            3.088108859209205e-05
        ]
    ],
    "base_poses": [
        [
            [
                -0.4137121957708697,
                -0.08899516610771396,
                0.0
            ],
            [
                0.0,
                0.0,
                -0.3756282508730197,
                0.9267704231070799
            ]
        ]
    ],
    "difficulty": 0.0,
    "dynamic_speed": null,
    "ur5_count": 1,
    "id": "005920",
    "task_path": "/home/huy/programming/projects/workspace-sharing-multiarm/src/data/8f14d7-hard-vlo-tasks/005920.json"
}