{
    "target_eff_poses": [
        [
            [
                0.33022651076316833,
                -0.24413305521011353,
                0.5369444489479065
            ],
            [
                -0.12803484499454498,
                -0.009701174683868885,
                0.5937049984931946,
                0.7943723201751709
            ]
        ],
        [
            [
                -0.032008763402700424,
                -0.9617689251899719,
                0.4747990071773529
            ],
            [
                -0.1740003526210785,
                -0.6199973821640015,
                0.7098585367202759,
                -0.285355806350708
            ]
        ]
    ],
    "start_goal_config": [
        null,
        null
    ],
    "start_config": [
        [
            -3.362464083281606,
            -1.1535562591487827,
            1.3888144860287222,
            -1.7486640069232644,
            -1.592149021393066,
            5.10653021632645e-06
        ],
        [
            -1.607003680931602,
            -1.3761250971405905,
            1.5589547831953154,
            -1.6188810585983702,
            -0.9957877586713232,
            -2.425164776362039e-05
        ]
    ],
    "goal_config": [
        [
            -2.4471846279008878,
            -3.172982757769248,
            1.4440424481469953,
            -1.155140146075285,
            -2.5753845720301762,
            -2.8020931749740335e-06
        ],
        [
            -5.171648329796594,
            -1.3688654769200548,
            1.2891410480394097,
            -1.6625379953432216,
            -2.485767305490913,
            3.40832673298946e-05
        ]
    ],
    "base_poses": [
        [
            [
                0.07009019774035108,
                0.05314106363955773,
                0.0
            ],
            [
                0.0,
                0.0,
                -0.6989144359503325,
                0.7152052930594323
            ]
        ],
        [
            [
                -0.1013036997811374,
                -0.3828378944724678,
                0.0
            ],
            [
                0.0,
                0.0,
                0.959957431253006,
                -0.2801459087370905
            ]
        ]
    ],
    "difficulty": 0.3403215957663342
}