{
    "target_eff_poses": [
        [
            [
                -0.4071919620037079,
                0.0267944298684597,
                0.1498813033103943
            ],
            [
                0.7811149954795837,
                0.12595944106578827,
                -0.581446647644043,
                0.18950825929641724
            ]
        ],
        [
            [
                0.9458922743797302,
                0.7165157198905945,
                0.2731122076511383
            ],
            [
                0.5741927623748779,
                0.6494436860084534,
                -0.08677288889884949,
                0.4909134805202484
            ]
        ]
    ],
    "start_goal_config": [
        null,
        null
    ],
    "start_config": [
        [
            -5.324057720847039,
            -1.1436044166701596,
            1.9812796957830388,
            -1.4573740600869936,
            -2.9382956576215666,
            2.4959665267762285e-05
        ],
        [
            -2.399702664870094,
            -2.8289434377545555,
            1.2324910019690738,
            -1.4016731087234693,
            -2.712514558821261,
            3.718250364317082e-05
        ]
    ],
    "goal_config": [
        [
            -2.6978121814723997,
            -1.0521915521280918,
            1.4730454827963309,
            -1.7368878060043929,
            -1.4156097992042536,
            -8.951276726545354e-06
        ],
        [
            -2.024851895469845,
            -2.3758719335283662,
            2.292013155411902,
            -0.9599405107226697,
            -1.0217599365949943,
            1.9718190616419594e-05
        ]
    ],
    "base_poses": [
        [
            [
                0.09211899980610094,
                0.4288660619209803,
                0.0
            ],
            [
                -0.0,
                -0.0,
                0.015578794428852544,
                0.9998786432183376
            ]
        ],
        [
            [
                0.7385674785437937,
                0.6928515631339971,
                0.0
            ],
            [
                -0.0,
                -0.0,
                0.5337012534077987,
                0.8456730882030861
            ]
        ]
    ],
    "difficulty": 0.4229286184519891,
    "dynamic_speed": null
}