{
    "target_eff_poses": [
        [
            [
                0.494148850440979,
                0.34404903650283813,
                0.5796256065368652
            ],
            [
                -0.3689975440502167,
                -0.24690058827400208,
                0.875729501247406,
                -0.1896803081035614
            ]
        ]
    ],
    "start_goal_config": [
        null
    ],
    "start_config": [
        [
            -3.552149454607113,
            -1.901501025581801,
            1.8191104767428437,
            -1.373893079830437,
            -1.7375643794201612,
            1.7139923306744862e-05
        ]
    ],
    "goal_config": [
        [
            -3.1674601663755624,
            -2.6454408535215332,
            1.6597245839571027,
            -1.2357918833176946,
            -1.9472064858363205,
            2.703435419675162e-05
        ]
    ],
    "base_poses": [
        [
            [
                0.4440377480421678,
                0.38049228915352584,
                0.0
            ],
            [
                -0.0,
                -0.0,
                0.40268390637910956,
                0.9153391019416032
            ]
        ]
    ],
    "difficulty": 0.0,
    "dynamic_speed": null,
    "ur5_count": 1,
    "id": "006058",
    "task_path": "/home/hqh2101/workspace-sharing-multiarm/src/data/8f14d7-hard-vlo-tasks/006058.json"
}