{
    "target_eff_poses": [
        [
            [
                1.0398882627487183,
                -0.206282839179039,
                0.4596341848373413
            ],
            [
                0.01007451955229044,
                0.6798204183578491,
                0.19591747224330902,
                0.7066534161567688
            ]
        ],
        [
            [
                0.277416855096817,
                -0.5942003130912781,
                0.07234995067119598
            ],
            [
                0.942021906375885,
                0.27096548676490784,
                -0.19739973545074463,
                0.014346125535666943
            ]
        ],
        [
            [
                0.5017762184143066,
                0.6936009526252747,
                0.5156024694442749
            ],
            [
                -0.2222631573677063,
                -0.4943435490131378,
                0.8001572489738464,
                -0.2568499445915222
            ]
        ]
    ],
    "start_goal_config": [
        null,
        null,
        null
    ],
    "start_config": [
        [
            -3.02216283801444,
            -2.5778188781214224,
            1.7841461751386671,
            -1.1897123742935476,
            -1.697004242969382,
            2.2102294607365584e-07
        ],
        [
            -3.7943667933744405,
            -2.004336069493514,
            1.532614872760397,
            -1.4793845890341635,
            -1.8263898069495135,
            2.607657284414174e-05
        ],
        [
            -5.495988662951012,
            -1.0026023820294363,
            1.6987483528575853,
            -1.3833528033524862,
            -3.290185648161778,
            -5.516231752204646e-05
        ]
    ],
    "goal_config": [
        [
            -2.2393842723962463,
            -2.014510126429173,
            1.746490914974056,
            -1.3783302011976488,
            -1.2855235750820382,
            -1.1213005437906826e-05
        ],
        [
            -3.4793741979356905,
            -1.4805006250473045,
            2.3651620248014695,
            -1.2831330451108678,
            -1.7783292949048488,
            1.9576433284640428e-07
        ],
        [
            -3.4492376500575452,
            -2.7487204022413616,
            1.8621769283031195,
            -1.1093707819901246,
            -2.408459673138516,
            2.731089972078328e-05
        ]
    ],
    "base_poses": [
        [
            [
                0.7868816982754578,
                -0.423033319967721,
                0.0
            ],
            [
                0.0,
                0.0,
                0.9481948295463067,
                0.3176894162883781
            ]
        ],
        [
            [
                0.4425911173766508,
                -0.44564996428843817,
                0.0
            ],
            [
                -0.0,
                -0.0,
                0.3383902421372888,
                0.9410058682209517
            ]
        ],
        [
            [
                0.48678419501979997,
                0.6725667531743798,
                0.0
            ],
            [
                -0.0,
                -0.0,
                0.7728177628648614,
                0.6346280055280816
            ]
        ]
    ],
    "difficulty": 0.742132456552372,
    "dynamic_speed": null,
    "ur5_count": 3,
    "id": "006061",
    "task_path": "/home/hqh2101/workspace-sharing-multiarm/src/data/8f14d7-hard-vlo-tasks/006061.json"
}