{
    "target_eff_poses": [
        [
            [
                0.43392103910446167,
                0.9044561982154846,
                0.5824497938156128
            ],
            [
                0.22307050228118896,
                0.5313252210617065,
                0.28108757734298706,
                0.7674130797386169
            ]
        ],
        [
            [
                -0.15492932498455048,
                0.3959919810295105,
                0.7955295443534851
            ],
            [
                -0.1933150589466095,
                0.045721087604761124,
                0.7901038527488708,
                0.5798919796943665
            ]
        ]
    ],
    "start_goal_config": [
        null,
        null
    ],
    "start_config": [
        [
            -3.973737896837219,
            -1.6810180938999733,
            2.4334340573164543,
            -1.1839690463130188,
            -2.0543414811923744,
            4.180498352199942e-07
        ],
        [
            -2.930210966050071,
            -2.6100393974276868,
            1.320281372508225,
            -1.4148238471940309,
            -1.9559421627961646,
            -2.4039781598776997e-05
        ]
    ],
    "goal_config": [
        [
            -1.954497080149496,
            -2.163525772304793,
            1.6322989109921944,
            -1.3820799754020539,
            -0.8221976983916499,
            -2.0124062079473963e-05
        ],
        [
            -3.2088130208490457,
            -2.3458274849901426,
            1.1691596771715052,
            -1.5649570604737995,
            -1.9717528990606137,
            2.5066416025122446e-05
        ]
    ],
    "base_poses": [
        [
            [
                0.20307658471044387,
                0.7173329793145873,
                0.0
            ],
            [
                -0.0,
                -0.0,
                0.81576312540721,
                0.5783861367856775
            ]
        ],
        [
            [
                -0.11024322330886027,
                0.4336100588176979,
                0.0
            ],
            [
                0.0,
                0.0,
                -0.38854774835130523,
                0.9214285904242014
            ]
        ]
    ],
    "difficulty": 0.6398946675444371,
    "dynamic_speed": null,
    "ur5_count": 2,
    "id": "006049",
    "task_path": "/home/huy/programming/projects/workspace-sharing-multiarm/src/data/8f14d7-hard-vlo-tasks/006049.json"
}