{
    "target_eff_poses": [
        [
            [
                0.225838303565979,
                -0.6665098667144775,
                0.535766065120697
            ],
            [
                -0.36626675724983215,
                -0.22553130984306335,
                0.8769187927246094,
                -0.2144709676504135
            ]
        ],
        [
            [
                0.5785446763038635,
                0.7260808944702148,
                0.6724897623062134
            ],
            [
                0.014425470493733883,
                0.36492034792900085,
                -0.27560070157051086,
                0.8891958594322205
            ]
        ]
    ],
    "start_goal_config": [
        null,
        null
    ],
    "start_config": [
        [
            -4.183891744289045,
            -1.0638957517557828,
            1.4297845209186049,
            -1.7509650193659332,
            -1.8255473220114073,
            2.0654542755723956e-05
        ],
        [
            -2.772013280152232,
            -2.63530880775448,
            1.8578322725835295,
            -1.1275872000213174,
            -1.5143670225568864,
            -4.974622874306187e-06
        ]
    ],
    "goal_config": [
        [
            -2.9723420106880503,
            -2.8273688894986204,
            1.7152451011927081,
            -1.140175835452427,
            -1.882876399341441,
            2.6199488912515858e-05
        ],
        [
            -3.2063897745561616,
            -2.455190196518281,
            1.4555931407668463,
            -1.3942823169014684,
            -1.831861726563996,
            2.046108236817144e-05
        ]
    ],
    "base_poses": [
        [
            [
                0.12101648587393787,
                -0.6741390346453591,
                0.0
            ],
            [
                -0.0,
                -0.0,
                0.30628251973813725,
                0.9519406589188517
            ]
        ],
        [
            [
                0.5158424662035948,
                0.668076522981496,
                0.0
            ],
            [
                0.0,
                0.0,
                0.9905454191589999,
                0.137185176251377
            ]
        ]
    ],
    "difficulty": 0.0457067619674598
}