{
    "target_eff_poses": [
        [
            [
                -0.713486909866333,
                -0.47579655051231384,
                0.7474901676177979
            ],
            [
                -0.023735107854008675,
                0.010719340294599533,
                0.8022072911262512,
                0.5964773893356323
            ]
        ],
        [
            [
                0.1925690770149231,
                -0.18648028373718262,
                0.21846464276313782
            ],
            [
                0.8589385151863098,
                -0.2546752691268921,
                -0.39181461930274963,
                0.20939511060714722
            ]
        ],
        [
            [
                -0.3093087077140808,
                -0.2519652843475342,
                0.7176733613014221
            ],
            [
                -0.4033309519290924,
                -0.089797243475914,
                0.8011329174041748,
                0.43295109272003174
            ]
        ]
    ],
    "start_goal_config": [
        null,
        null,
        null
    ],
    "start_config": [
        [
            -3.084555024333903,
            -3.1110582137437333,
            1.336118201678019,
            -1.2106344677996173,
            -1.3356689569214297,
            -1.8510351814786245e-05
        ],
        [
            -2.8397202359118183,
            -2.8723218824673107,
            1.9258586331273897,
            -0.9813120670134327,
            -1.6439222112807887,
            8.696812456910365e-08
        ],
        [
            -2.068270217460926,
            -1.898590769484961,
            2.201689293111009,
            -1.212971134526634,
            -1.1897978738426287,
            -9.999691191905508e-06
        ]
    ],
    "goal_config": [
        [
            -2.84125498418019,
            -2.7085634488053216,
            1.1085892888518922,
            -1.4895220443930555,
            -1.7861807340058646,
            1.245575454660184e-05
        ],
        [
            -1.551853586891333,
            -1.6747941406569429,
            2.101866088067295,
            -1.3477631871280982,
            -0.7917477763880825,
            -2.355218514979375e-07
        ],
        [
            -4.749206598794033,
            -1.7616622618400357,
            1.1575561381876214,
            -1.6855153396591056,
            -2.2853497186962115,
            3.985444249392697e-05
        ]
    ],
    "base_poses": [
        [
            [
                -0.7713803046834414,
                -0.20424672255430354,
                0.0
            ],
            [
                0.0,
                0.0,
                -0.6302178259802895,
                0.776418374213721
            ]
        ],
        [
            [
                0.477693524800469,
                0.0767516144174738,
                0.0
            ],
            [
                0.0,
                0.0,
                -0.6393002849902639,
                0.7689571806097966
            ]
        ],
        [
            [
                0.06097931822273017,
                -0.3320748510380021,
                0.0
            ],
            [
                -0.0,
                -0.0,
                0.6175542279964766,
                0.786528305583261
            ]
        ]
    ],
    "difficulty": 0.7441926079187435,
    "dynamic_speed": null
}