{
    "target_eff_poses": [
        [
            [
                -0.6664628386497498,
                1.0474883317947388,
                0.6692693829536438
            ],
            [
                -0.2873126268386841,
                0.34560906887054443,
                0.7439073920249939,
                0.49457821249961853
            ]
        ],
        [
            [
                0.04532100260257721,
                0.05758606269955635,
                0.3641698658466339
            ],
            [
                0.13747170567512512,
                0.6170487999916077,
                -0.3288990557193756,
                0.7015537619590759
            ]
        ]
    ],
    "start_goal_config": [
        null,
        null
    ],
    "start_config": [
        [
            -3.237609622979643,
            -2.2107256784732483,
            1.957889646031589,
            -1.2133707064922714,
            -1.7136425578502135,
            1.1682813795419352e-05
        ],
        [
            -3.0980740484438263,
            -2.8526983219510984,
            1.8844135539557867,
            -1.032401471733962,
            -2.017104617368985,
            6.176372796602134e-06
        ]
    ],
    "goal_config": [
        [
            -2.3931350205155613,
            -1.9533465232659282,
            1.3285753257628061,
            -1.5845488444744642,
            -1.2802842425902063,
            -3.0156243718018306e-06
        ],
        [
            -4.093362793149103,
            -1.1892488379106787,
            1.2252431230822387,
            -1.8088630114579687,
            -1.7899805496814887,
            1.5951327302270736e-05
        ]
    ],
    "base_poses": [
        [
            [
                -0.48788850472034845,
                0.7551175941791521,
                0.0
            ],
            [
                0.0,
                0.0,
                0.8940121095991176,
                -0.44804279694035404
            ]
        ],
        [
            [
                -0.5331658235068635,
                0.40212263776761836,
                0.0
            ],
            [
                0.0,
                0.0,
                0.9892012567847485,
                -0.14656354790831863
            ]
        ]
    ],
    "difficulty": 0.6952067669172932,
    "dynamic_speed": null
}