{
    "target_eff_poses": [
        [
            [
                0.11995163559913635,
                0.6139234304428101,
                0.42280733585357666
            ],
            [
                -0.5445365905761719,
                -0.3056293725967407,
                0.6999111771583557,
                -0.34669142961502075
            ]
        ]
    ],
    "start_goal_config": [
        null
    ],
    "start_config": [
        [
            -4.498279200314404,
            -1.4266920430797414,
            1.2653871566402417,
            -1.7310210876704664,
            -1.9651813650973486,
            3.012445973315654e-05
        ]
    ],
    "goal_config": [
        [
            -2.830213384088138,
            -2.7482083211201274,
            1.9657538562466932,
            -1.0102996483731836,
            -1.6223377453792216,
            1.3173143458221854e-06
        ]
    ],
    "base_poses": [
        [
            [
                0.03905594332613782,
                0.677131854495548,
                0.0
            ],
            [
                -0.0,
                -0.0,
                0.32403482277740003,
                0.9460451541166621
            ]
        ]
    ],
    "difficulty": 0.0
}