{
    "target_eff_poses": [
        [
            [
                0.1621078997850418,
                -0.6604759693145752,
                0.20530924201011658
            ],
            [
                0.7395113706588745,
                0.5211364030838013,
                -0.13138248026371002,
                0.40531277656555176
            ]
        ],
        [
            [
                0.6284825205802917,
                0.34973058104515076,
                0.7001692056655884
            ],
            [
                0.0010357610881328583,
                -0.0006377198733389378,
                0.6356456279754639,
                0.7719799876213074
            ]
        ]
    ],
    "start_goal_config": [
        null,
        null
    ],
    "start_config": [
        [
            -1.9429525881485323,
            -1.5228253648536167,
            2.249674297353213,
            -1.3586974437500905,
            -1.0579512982405301,
            -1.1477720477567335e-05
        ],
        [
            -2.9336290929558166,
            -3.0935097520064345,
            2.1071112876775335,
            -0.5928849226296355,
            -2.0352820769717717,
            -1.2266471506491624e-05
        ]
    ],
    "goal_config": [
        [
            -1.7141813161420356,
            -1.7320684416497274,
            2.1602538506090743,
            -1.3084744712479695,
            -0.9273504781490055,
            -1.6359770917043917e-05
        ],
        [
            -2.7479168121218924,
            -2.8366987995950415,
            1.1271418985065493,
            -1.434461398352164,
            -1.8936530035110468,
            1.8712555191359953e-05
        ]
    ],
    "base_poses": [
        [
            [
                -0.10404015295879032,
                -0.4337573690658964,
                0.0
            ],
            [
                -0.0,
                -0.0,
                0.2200738954943827,
                0.9754832036083079
            ]
        ],
        [
            [
                0.6522641167610468,
                0.6922867486579705,
                0.0
            ],
            [
                0.0,
                0.0,
                -0.7939999199667523,
                0.6079178621267768
            ]
        ]
    ],
    "difficulty": 0.058873318912818585,
    "dynamic_speed": null
}