{
    "target_eff_poses": [
        [
            [
                -0.08043082058429718,
                -0.9245803952217102,
                0.20936906337738037
            ],
            [
                -0.19765636324882507,
                0.8716039657592773,
                -0.38093477487564087,
                0.23691177368164062
            ]
        ],
        [
            [
                -0.2045438289642334,
                0.8666709661483765,
                0.1740918904542923
            ],
            [
                0.7444167137145996,
                -0.4678543508052826,
                -0.2543294429779053,
                -0.4028307795524597
            ]
        ]
    ],
    "start_goal_config": [
        null,
        null
    ],
    "start_config": [
        [
            -4.669695686536678,
            -1.4141411436599325,
            1.1401794428985776,
            -1.7813076597283986,
            -2.0514603413298027,
            3.532947481292497e-05
        ],
        [
            -2.5850671626646022,
            -1.7313826914831,
            2.174380328376232,
            -1.266914343833324,
            -1.4483607920571615,
            9.729281179355274e-07
        ]
    ],
    "goal_config": [
        [
            -5.347312514720196,
            -1.2795202902292826,
            1.8033964183415632,
            -1.4542414197663085,
            -2.8082054807136485,
            2.368550693033494e-05
        ],
        [
            -4.514992442688779,
            -1.4115288362649563,
            1.902022752944034,
            -1.4835915837447375,
            -2.017320487644265,
            2.5046331790305805e-05
        ]
    ],
    "base_poses": [
        [
            [
                -0.43066673215465756,
                -0.5506323898210296,
                0.0
            ],
            [
                0.0,
                0.0,
                -0.760210826546509,
                0.6496764573243159
            ]
        ],
        [
            [
                -0.15063974386488788,
                0.4381171983031287,
                0.0
            ],
            [
                0.0,
                0.0,
                -0.09750206482438926,
                0.9952353226021374
            ]
        ]
    ],
    "difficulty": 0.20657894736842106,
    "dynamic_speed": null
}