{
    "target_eff_poses": [
        [
            [
                0.4018937945365906,
                -0.13853268325328827,
                0.5688036680221558
            ],
            [
                -0.13671211898326874,
                0.5438575744628906,
                -0.055073902010917664,
                0.8261328935623169
            ]
        ],
        [
            [
                0.3520122766494751,
                1.3811529874801636,
                0.3199746608734131
            ],
            [
                -0.44334280490875244,
                0.5315757393836975,
                0.6283800005912781,
                0.35498306155204773
            ]
        ],
        [
            [
                -0.7260565161705017,
                0.1251697838306427,
                0.1732122153043747
            ],
            [
                0.821684718132019,
                -0.13456986844539642,
                -0.47894713282585144,
                -0.2780914604663849
            ]
        ]
    ],
    "start_goal_config": [
        null,
        null,
        null
    ],
    "start_config": [
        [
            -3.7721934077754185,
            -1.7265355814662535,
            1.2981772414445076,
            -1.6558830095104629,
            -1.7533263338324727,
            1.815365118456539e-05
        ],
        [
            -1.1901201917841484,
            -1.3106239325266926,
            1.8225802533540614,
            -1.4990973725732486,
            -0.4594958740387107,
            -2.7538468275782557e-05
        ],
        [
            -4.289855193844783,
            -1.8198956968033797,
            2.4237238094528415,
            -1.1392486643582924,
            -2.2486141349934283,
            -7.606918365635497e-10
        ]
    ],
    "goal_config": [
        [
            -4.087117392389876,
            -1.8351779505020007,
            1.4451152897273354,
            -1.5608729058984705,
            -1.8836437327494402,
            2.3687225533968517e-05
        ],
        [
            -2.040645625626058,
            -1.2231042831102232,
            1.3540298946720197,
            -1.743473885277714,
            -1.209364923008247,
            -2.1926313784532147e-05
        ],
        [
            -4.4133883139772925,
            -1.2298345008006708,
            1.672000880658463,
            -1.6160784040889935,
            -1.9345234680091088,
            -9.101342305817504e-06
        ]
    ],
    "base_poses": [
        [
            [
                0.03494661925575948,
                -0.2754754962653738,
                0.0
            ],
            [
                0.0,
                0.0,
                -0.8458565530973852,
                0.533410434451943
            ]
        ],
        [
            [
                0.6185472746554883,
                0.7860494072600763,
                0.0
            ],
            [
                0.0,
                0.0,
                0.9475315577549197,
                -0.3196622390250923
            ]
        ],
        [
            [
                -0.27140986265462885,
                -0.16739252054901888,
                0.0
            ],
            [
                -0.0,
                -0.0,
                0.28758028054920565,
                0.9577565359940073
            ]
        ]
    ],
    "difficulty": 0.7662093591430182,
    "dynamic_speed": null
}