{
    "target_eff_poses": [
        [
            [
                0.4378865361213684,
                0.012761129066348076,
                0.32747384905815125
            ],
            [
                -0.390204519033432,
                0.7130852937698364,
                0.054095104336738586,
                0.5799340605735779
            ]
        ],
        [
            [
                0.5626398921012878,
                -1.0756051540374756,
                0.6097612977027893
            ],
            [
                -0.42105188965797424,
                -0.2757216989994049,
                0.7152557969093323,
                -0.4848732352256775
            ]
        ],
        [
            [
                -0.4679836630821228,
                0.42095300555229187,
                0.4741613566875458
            ],
            [
                0.09210386127233505,
                0.6148823499679565,
                -0.12020350247621536,
                0.7739429473876953
            ]
        ]
    ],
    "start_goal_config": [
        null,
        null,
        null
    ],
    "start_config": [
        [
            -2.912407884155275,
            -1.5082261257337906,
            2.362481194905193,
            -1.2769221484143718,
            -1.5575778022863438,
            5.168258931036555e-06
        ],
        [
            -2.4491870339516506,
            -1.3328239891047204,
            2.0123687432255446,
            -1.4644954207963703,
            -1.3703077018968117,
            -7.080736973763923e-06
        ],
        [
            -2.687168680995002,
            -2.9537664328639273,
            1.8583833299408052,
            -1.0007992545437479,
            -1.014291140707511,
            -2.1326812416643818e-05
        ]
    ],
    "goal_config": [
        [
            -4.083379064181462,
            -2.0398521888063654,
            2.033079222817378,
            -1.2367004890837745,
            -1.978476249535754,
            2.1652587284062756e-05
        ],
        [
            -3.09808192436653,
            -1.765596752656405,
            1.317330630768085,
            -1.638507169674946,
            -1.5548294295439464,
            5.5366553961617675e-06
        ],
        [
            -2.8551170216754636,
            -2.471981151351172,
            1.8568701938543457,
            -1.184549660773029,
            -1.576193028510446,
            7.5736981902871e-07
        ]
    ],
    "base_poses": [
        [
            [
                0.2617589251692949,
                -0.17562067327228303,
                0.0
            ],
            [
                0.0,
                0.0,
                -0.71947110345766,
                0.6945223763777645
            ]
        ],
        [
            [
                0.6208282058326693,
                -0.6472966790038672,
                0.0
            ],
            [
                -0.0,
                -0.0,
                0.5362628586854458,
                0.8440510330510316
            ]
        ],
        [
            [
                -0.6041725387336467,
                0.34987813395945544,
                0.0
            ],
            [
                0.0,
                0.0,
                0.9569121977911741,
                0.2903774194362657
            ]
        ]
    ],
    "difficulty": 0.2741027206730443
}