{
    "target_eff_poses": [
        [
            [
                0.9323899149894714,
                -0.10712721198797226,
                0.6317103505134583
            ],
            [
                0.3831910490989685,
                0.30975815653800964,
                -0.5156065821647644,
                0.7009739279747009
            ]
        ],
        [
            [
                0.7675577998161316,
                -0.14701443910598755,
                0.47255373001098633
            ],
            [
                -0.19641196727752686,
                0.6094590425491333,
                0.4363568127155304,
                0.6321192979812622
            ]
        ]
    ],
    "start_goal_config": [
        null,
        null
    ],
    "start_config": [
        [
            -2.796809853039305,
            -2.842997426006031,
            1.6749644892028042,
            -1.1594689316957991,
            -0.8875599274334524,
            -2.2833651522737473e-05
        ],
        [
            -2.8353764112707966,
            -1.7099136667434314,
            1.1586994186935253,
            -1.725874157531626,
            -1.4562898956080723,
            -2.995755742177934e-07
        ]
    ],
    "goal_config": [
        [
            -2.430287697239926,
            -1.985522136181689,
            1.4123610691448465,
            -1.5379742705693182,
            -1.314010071334536,
            -7.402877166004043e-06
        ],
        [
            -2.203075955540826,
            -1.6560141988097226,
            1.4886246277564803,
            -1.5843516341093506,
            -1.278366251064774,
            -1.3021842396760916e-05
        ]
    ],
    "base_poses": [
        [
            [
                0.7765004134920326,
                0.19023728109865057,
                0.0
            ],
            [
                -0.0,
                -0.0,
                0.43726487465004393,
                0.8993327690000411
            ]
        ],
        [
            [
                0.5999772651179165,
                -0.6059974083836223,
                0.0
            ],
            [
                0.0,
                0.0,
                0.9999362987729867,
                0.01128708980119557
            ]
        ]
    ],
    "difficulty": 0.33932098184896076,
    "dynamic_speed": null
}