{
    "target_eff_poses": [
        [
            [
                -0.170656219124794,
                0.05267839506268501,
                0.3874804675579071
            ],
            [
                0.43178439140319824,
                0.40738797187805176,
                -0.35001951456069946,
                0.7246265411376953
            ]
        ],
        [
            [
                0.20966701209545135,
                -0.1746865212917328,
                0.45888352394104004
            ],
            [
                -0.5333962440490723,
                0.05371575802564621,
                0.713080883026123,
                0.4517950117588043
            ]
        ],
        [
            [
                0.24903641641139984,
                0.755415678024292,
                0.5656472444534302
            ],
            [
                -0.05054479092359543,
                0.5666753053665161,
                0.6550747752189636,
                0.49719348549842834
            ]
        ]
    ],
    "start_goal_config": [
        null,
        null,
        null
    ],
    "start_config": [
        [
            -3.1574432850335463,
            -1.3971513248853753,
            1.8327977308380108,
            -1.5038165944071187,
            -1.582189123756354,
            7.7216481276979e-06
        ],
        [
            -3.4781224521203145,
            -2.698996681770734,
            2.1055756686047764,
            -0.9461657075245185,
            -2.1140543441541335,
            1.2386219796122649e-05
        ],
        [
            -2.752448194514149,
            -2.278144391074561,
            1.7070797856562352,
            -1.3216590508520263,
            -1.488707619265934,
            -3.0169061373912818e-06
        ]
    ],
    "goal_config": [
        [
            -2.0737940692262407,
            -1.1267243010901409,
            1.1199672908833314,
            -1.863689487961021,
            -1.206311628305574,
            -2.166230338884985e-05
        ],
        [
            -3.067964140976565,
            -2.893347289366751,
            1.892447539192724,
            -1.009076739444767,
            -2.0351842364387376,
            1.96972033082929e-05
        ],
        [
            -1.429673832856778,
            -1.5124890867528884,
            1.2528782118597175,
            -1.6716181366724383,
            -0.7381996623866217,
            4.5074892637313264e-05
        ]
    ],
    "base_poses": [
        [
            [
                -0.5303380006753164,
                0.6742643582215766,
                0.0
            ],
            [
                -0.0,
                -0.0,
                0.393709912900435,
                0.9192347385102088
            ]
        ],
        [
            [
                0.18975618345030387,
                -0.09434961778246753,
                0.0
            ],
            [
                0.0,
                0.0,
                -0.36101994397054954,
                0.9325580947348542
            ]
        ],
        [
            [
                0.1448878956879044,
                0.20301936368930917,
                0.0
            ],
            [
                0.0,
                0.0,
                0.9391395314784509,
                0.3435359375879557
            ]
        ]
    ],
    "difficulty": 0.8825355026803348
}