{
    "target_eff_poses": [
        [
            [
                -0.342342734336853,
                -0.40421247482299805,
                0.6715867519378662
            ],
            [
                -0.3202362656593323,
                -0.2715076804161072,
                0.855263352394104,
                -0.30373817682266235
            ]
        ],
        [
            [
                -0.032981738448143005,
                1.3502237796783447,
                0.0697004497051239
            ],
            [
                0.8516234159469604,
                0.25720441341400146,
                -0.09678327292203903,
                -0.4463367760181427
            ]
        ],
        [
            [
                0.5041237473487854,
                -0.9552059173583984,
                0.690671443939209
            ],
            [
                0.21039865911006927,
                0.3560929298400879,
                -0.5615933537483215,
                0.7166192531585693
            ]
        ]
    ],
    "start_goal_config": [
        null,
        null,
        null
    ],
    "start_config": [
        [
            -3.865561271099727,
            -2.1903094757467034,
            1.897338798888741,
            -1.2566232397891974,
            -1.9300783246583162,
            1.9618138704419943e-05
        ],
        [
            -2.4592460131731735,
            -2.6002777973629403,
            1.8314376351028518,
            -1.161561780843724,
            -1.1219305965977249,
            -2.0444551670542377e-05
        ],
        [
            -3.936700652717852,
            -2.1295739778620977,
            1.1578698746339164,
            -1.613178944346779,
            -2.47821426713297,
            -4.181336044943181e-05
        ]
    ],
    "goal_config": [
        [
            -3.624462268437428,
            -2.2656170363369292,
            1.443618011412491,
            -1.453038096097734,
            -1.9328097101443136,
            3.0341695208105967e-05
        ],
        [
            -5.464287657432743,
            -0.6544272189872851,
            1.285458550951174,
            -1.5797172535799244,
            -3.221358952904252,
            -0.00010207321640347313
        ],
        [
            -3.386830081331455,
            -2.0609866085607806,
            1.3317326161325036,
            -1.559513569624077,
            -1.7018464942200338,
            1.4731941053742768e-05
        ]
    ],
    "base_poses": [
        [
            [
                -0.32369008919159215,
                -0.24646745927097147,
                0.0
            ],
            [
                -0.0,
                -0.0,
                0.6915946567554915,
                0.7222858372882954
            ]
        ],
        [
            [
                0.30684011392910926,
                0.6960844309372551,
                0.0
            ],
            [
                -0.0,
                -0.0,
                0.5886387367574889,
                0.8083962132448096
            ]
        ],
        [
            [
                0.32786156060847027,
                -0.7573030397407128,
                0.0
            ],
            [
                0.0,
                0.0,
                0.8885794692335537,
                0.4587227123836536
            ]
        ]
    ],
    "difficulty": 0.45530516431924883,
    "dynamic_speed": null
}