{
    "target_eff_poses": [
        [
            [
                0.5127604007720947,
                -0.49476808309555054,
                0.6492642164230347
            ],
            [
                0.01596575230360031,
                0.3568193316459656,
                -0.511434018611908,
                0.7815755605697632
            ]
        ],
        [
            [
                0.019914895296096802,
                -0.20997363328933716,
                0.5905951857566833
            ],
            [
                -0.3342709541320801,
                0.45465850830078125,
                -0.08721946179866791,
                0.820939302444458
            ]
        ],
        [
            [
                -0.376364141702652,
                -0.21377551555633545,
                0.7190986275672913
            ],
            [
                -0.3156956434249878,
                -0.28149324655532837,
                0.9035015106201172,
                0.06915795803070068
            ]
        ],
        [
            [
                0.5927284359931946,
                0.8090106844902039,
                0.705130934715271
            ],
            [
                -0.42542916536331177,
                0.06436827033758163,
                0.5683518648147583,
                0.7013151049613953
            ]
        ]
    ],
    "start_goal_config": [
        null,
        null,
        null,
        null
    ],
    "start_config": [
        [
            -2.9047442681234763,
            -2.4076069373740943,
            2.3368596788188793,
            -0.8364090041262426,
            -1.715148898997374,
            2.4889376412539088e-06
        ],
        [
            -2.97920228335922,
            -2.6034414492106333,
            1.3630085075022558,
            -1.394949741406131,
            -1.6010733734389602,
            2.576546324969252e-06
        ],
        [
            -2.8438199857625968,
            -2.470902445426406,
            2.0635109217968943,
            -1.0561951520749118,
            -1.6159010882477867,
            2.2277423756970026e-06
        ],
        [
            -3.4168158256129124,
            -2.8490765834646665,
            1.9892687174044466,
            -0.991716573456157,
            -2.3797841316827535,
            1.777803397091022e-05
        ]
    ],
    "goal_config": [
        [
            -3.1580542155014966,
            -2.6074465905525255,
            1.5169630418540956,
            -1.3206229322492768,
            -2.105517594201467,
            2.9697623321545487e-17
        ],
        [
            -4.883951623619205,
            -1.746529991213442,
            1.3867926951700569,
            -1.5825958697284017,
            -2.3106349941108304,
            7.737174293794275e-05
        ],
        [
            -4.533637699516901,
            -2.001233759212799,
            1.3034748920128503,
            -1.5703981230980355,
            -2.375378688674931,
            -2.4667359868167358e-06
        ],
        [
            -4.406970807011214,
            -2.0630568476756275,
            1.3505236293878042,
            -1.5394461359849372,
            -2.3103972163734645,
            3.913432684775871e-05
        ]
    ],
    "base_poses": [
        [
            [
                0.5185966358243941,
                -0.5518412655284362,
                0.0
            ],
            [
                0.0,
                0.0,
                0.9541932438885393,
                0.29919099805553395
            ]
        ],
        [
            [
                -0.32845885404905073,
                -0.4381445428266547,
                0.0
            ],
            [
                0.0,
                0.0,
                -0.42188611626817674,
                0.9066488321837483
            ]
        ],
        [
            [
                -0.18407995865332194,
                -0.04758487875928563,
                0.0
            ],
            [
                -0.0,
                -0.0,
                0.8531102244708778,
                0.5217307206818942
            ]
        ],
        [
            [
                0.7277307783525329,
                0.6216118064822012,
                0.0
            ],
            [
                -0.0,
                -0.0,
                0.11251680673360699,
                0.9936498217191367
            ]
        ]
    ],
    "difficulty": 0.4390392835334826
}