{
    "target_eff_poses": [
        [
            [
                0.006655018776655197,
                0.24966710805892944,
                0.2738936245441437
            ],
            [
                -0.3549083173274994,
                0.7827441692352295,
                0.2110356241464615,
                0.46563470363616943
            ]
        ]
    ],
    "start_goal_config": [
        null
    ],
    "start_config": [
        [
            -4.817607270669666,
            -1.8363472835740575,
            1.699413094265917,
            -1.4400188415651907,
            -2.2474220630101285,
            2.7969938703056718e-05
        ]
    ],
    "goal_config": [
        [
            -2.7170912524410835,
            -2.345022683251851,
            2.2421303633614276,
            -0.9703277540909773,
            -1.5709573526119613,
            -8.809664567769096e-08
        ]
    ],
    "base_poses": [
        [
            [
                0.013493343503588107,
                0.09188917863170742,
                0.0
            ],
            [
                0.0,
                0.0,
                0.977325098143666,
                -0.21174430934141686
            ]
        ]
    ],
    "difficulty": 0.0,
    "dynamic_speed": null
}