{
    "target_eff_poses": [
        [
            [
                1.3949294090270996,
                0.3019702136516571,
                0.15205985307693481
            ],
            [
                -0.005663622636348009,
                0.768371045589447,
                -0.0810946524143219,
                0.634820818901062
            ]
        ],
        [
            [
                -0.4905387759208679,
                0.49364179372787476,
                0.4958699643611908
            ],
            [
                -0.1686769723892212,
                0.6043612360954285,
                0.13707759976387024,
                0.7664889693260193
            ]
        ],
        [
            [
                0.25709664821624756,
                0.3111320734024048,
                0.17728322744369507
            ],
            [
                0.13647213578224182,
                0.9340131282806396,
                0.089018814265728,
                0.3179159164428711
            ]
        ],
        [
            [
                -0.3963477909564972,
                -0.049344614148139954,
                0.22011442482471466
            ],
            [
                -0.5532167553901672,
                0.6600021719932556,
                0.13140510022640228,
                0.4910000264644623
            ]
        ]
    ],
    "start_goal_config": [
        null,
        null,
        null,
        null
    ],
    "start_config": [
        [
            -1.3474510265274466,
            -1.5179756024187119,
            1.6843961675682013,
            -1.5142495621156422,
            -0.7179846997794948,
            -2.403811636277211e-05
        ],
        [
            -3.1784125244136954,
            -2.514140444312388,
            1.5471714842025135,
            -1.3321490101560112,
            -1.8270108964475418,
            2.0403183779136008e-05
        ],
        [
            -3.1178429780948393,
            -1.6482449338722511,
            1.9301794680462703,
            -1.3936998711733637,
            -1.5982475991806286,
            -1.117677439324188e-08
        ],
        [
            -2.8448897871342926,
            -2.7675164906210785,
            1.0919727970019266,
            -1.4780347781636012,
            -1.7673111352396742,
            1.4315888669306394e-05
        ]
    ],
    "goal_config": [
        [
            -3.8055679636827118,
            -0.9980015182527435,
            1.3916293191103637,
            -1.7825678930577664,
            -1.7052208648452052,
            1.3471789325861466e-05
        ],
        [
            -3.1432278271540124,
            -2.252575544227776,
            1.767057788968953,
            -1.2995045639606713,
            -1.6660021816807253,
            -9.667889322065218e-07
        ],
        [
            -2.1428198025580887,
            -1.9906934759034087,
            2.38832646151654,
            -1.0705402783776345,
            -1.1527048289087936,
            -9.655847618974878e-06
        ],
        [
            -4.4693909105563465,
            -1.5325715597490004,
            1.9107561121108194,
            -1.444546657474805,
            -2.0068922621481713,
            2.232342896903772e-05
        ]
    ],
    "base_poses": [
        [
            [
                0.7263307016519243,
                0.28997858691277467,
                0.0
            ],
            [
                0.0,
                0.0,
                0.9631947184976979,
                -0.26880463957703626
            ]
        ],
        [
            [
                -0.6278592832344043,
                0.32000542124928066,
                0.0
            ],
            [
                0.0,
                0.0,
                0.9747075513104195,
                -0.2234842039573398
            ]
        ],
        [
            [
                0.12454057098070326,
                0.13081703334107375,
                0.0
            ],
            [
                0.0,
                0.0,
                0.9066891248655352,
                0.4217995149956552
            ]
        ],
        [
            [
                -0.5854763590128313,
                -0.41343901596799104,
                0.0
            ],
            [
                0.0,
                0.0,
                -0.4144452086077706,
                0.9100742656849833
            ]
        ]
    ],
    "difficulty": 0.8735070064892316,
    "dynamic_speed": null
}