{
    "target_eff_poses": [
        [
            [
                0.0341840460896492,
                -0.07406329363584518,
                0.42816632986068726
            ],
            [
                0.643936276435852,
                -0.1622444987297058,
                -0.6291459202766418,
                -0.40397804975509644
            ]
        ]
    ],
    "start_goal_config": [
        null
    ],
    "start_config": [
        [
            -3.6108044075611887,
            -0.9159489866632889,
            1.177606672540458,
            -1.8917050420673485,
            -1.6339997454077344,
            5.698854920244309e-06
        ]
    ],
    "goal_config": [
        [
            -4.280759217345117,
            -1.5310377275067186,
            1.465865044876345,
            -1.6239359362026584,
            -1.8947846143277898,
            2.5432620653175406e-05
        ]
    ],
    "base_poses": [
        [
            [
                0.437126750679502,
                -0.4047564952188738,
                0.0
            ],
            [
                -0.0,
                -0.0,
                0.16009069916787647,
                0.9871023088008357
            ]
        ]
    ],
    "difficulty": 0.0
}