{
    "target_eff_poses": [
        [
            [
                0.1631178855895996,
                -0.05248215049505234,
                0.4141918420791626
            ],
            [
                -0.5686894059181213,
                -0.2646375596523285,
                0.7263413667678833,
                -0.2810472249984741
            ]
        ],
        [
            [
                0.4826546609401703,
                -0.8678298592567444,
                0.21786688268184662
            ],
            [
                0.8057190775871277,
                0.39779478311538696,
                -0.4188127815723419,
                0.13104179501533508
            ]
        ]
    ],
    "start_goal_config": [
        null,
        null
    ],
    "start_config": [
        [
            -3.7763487167099608,
            -1.9055942701565172,
            1.8862019891734356,
            -1.3426714148978398,
            -1.812989486749676,
            2.438950507372806e-05
        ],
        [
            -3.99487447581769,
            -2.1396752492760114,
            1.7360938209839394,
            -1.3497123539643698,
            -1.9550336703681026,
            2.6741827028656408e-05
        ]
    ],
    "goal_config": [
        [
            -3.509366693147289,
            -1.3474051226226773,
            1.303654782120953,
            -1.7418099161350187,
            -1.637147558490672,
            9.062312615495452e-06
        ],
        [
            -3.356820273485846,
            -1.857818615300875,
            2.1671816932166355,
            -1.2179628088088883,
            -1.7261509180546324,
            1.6648879061291123e-05
        ]
    ],
    "base_poses": [
        [
            [
                0.5109095908235344,
                0.4540382345881926,
                0.0
            ],
            [
                -0.0,
                -0.0,
                0.5532489890142286,
                0.8330159399163584
            ]
        ],
        [
            [
                0.6013526229419965,
                -0.6315377525034269,
                0.0
            ],
            [
                -0.0,
                -0.0,
                0.46934314011591394,
                0.8830158644249454
            ]
        ]
    ],
    "difficulty": 0.0981070628943619
}