{
    "target_eff_poses": [
        [
            [
                0.6131437420845032,
                -0.28342515230178833,
                0.3026903569698334
            ],
            [
                -0.2109265923500061,
                0.7630589008331299,
                -0.06462806463241577,
                0.6075147390365601
            ]
        ],
        [
            [
                0.3650532364845276,
                0.22051210701465607,
                0.23628273606300354
            ],
            [
                -0.27882978320121765,
                0.7683168649673462,
                -0.3144594430923462,
                0.48276135325431824
            ]
        ],
        [
            [
                0.2452084720134735,
                0.10802152752876282,
                0.40529295802116394
            ],
            [
                -0.42300891876220703,
                0.5415811538696289,
                -0.17092454433441162,
                0.7060723304748535
            ]
        ]
    ],
    "start_goal_config": [
        null,
        null,
        null
    ],
    "start_config": [
        [
            -3.094395205027941,
            -2.571484074893451,
            1.5434586378499386,
            -1.3162439315504302,
            -1.7995121810219614,
            2.0071185812178647e-05
        ],
        [
            -2.8370677889518396,
            -1.0583453862648535,
            1.4377831718461798,
            -1.7498126805243635,
            -1.452075026908232,
            -5.1010222867090095e-06
        ],
        [
            -1.6317631852924457,
            -1.6778083608710757,
            1.2268310639184528,
            -1.6635823651535486,
            -0.824746769108614,
            3.775875886062795e-05
        ]
    ],
    "goal_config": [
        [
            -3.007673698306622,
            -2.8647773654458697,
            2.2116519665366745,
            -0.6613742861016948,
            -1.9464658082887378,
            4.451245987229531e-06
        ],
        [
            -5.204453849523581,
            -1.2060289757914542,
            1.5831923253590778,
            -1.6051636103193498,
            -2.4962656420983618,
            1.0720280543627966e-05
        ],
        [
            -5.185423062622626,
            -1.286948378287855,
            1.3289928653639038,
            -1.6683529758958136,
            -2.4713928775011555,
            2.8775531450544442e-05
        ]
    ],
    "base_poses": [
        [
            [
                0.6590713152944667,
                -0.3381248428409414,
                0.0
            ],
            [
                0.0,
                0.0,
                0.9998890645766214,
                -0.014894916585500488
            ]
        ],
        [
            [
                -0.20015557779858495,
                0.346944227808629,
                0.0
            ],
            [
                0.0,
                0.0,
                -0.6083412324295723,
                0.7936755917414048
            ]
        ],
        [
            [
                -0.30729184155817324,
                -0.15040871209142426,
                0.0
            ],
            [
                0.0,
                0.0,
                -0.32979204933788975,
                0.9440536023942258
            ]
        ]
    ],
    "difficulty": 0.6651932662465908,
    "dynamic_speed": null,
    "ur5_count": 3,
    "id": "006207",
    "task_path": "/home/huy/programming/projects/workspace-sharing-multiarm/src/data/8f14d7-hard-vlo-tasks/006207.json"
}