{
    "target_eff_poses": [
        [
            [
                -0.2498224675655365,
                -0.41710513830184937,
                0.374268114566803
            ],
            [
                -0.3934164047241211,
                0.6542544960975647,
                0.504217803478241,
                0.4036569893360138
            ]
        ]
    ],
    "start_goal_config": [
        null
    ],
    "start_config": [
        [
            -3.2594750267126726,
            -2.673601870526508,
            1.7531211073564787,
            -1.1796580502101586,
            -2.0382633140099222,
            1.973788629191644e-05
        ]
    ],
    "goal_config": [
        [
            -2.1471572452109386,
            -2.2014628874289817,
            2.0018382341639347,
            -1.2047488404475168,
            -1.2164744657954045,
            -1.2291805784609724e-05
        ]
    ],
    "base_poses": [
        [
            [
                -0.12453822952362115,
                -0.6428106241106074,
                0.0
            ],
            [
                0.0,
                0.0,
                0.9756067475629695,
                -0.21952556595896586
            ]
        ]
    ],
    "difficulty": 0.0,
    "dynamic_speed": null
}