{
    "target_eff_poses": [
        [
            [
                0.7038679718971252,
                -0.05217185243964195,
                0.2887671887874603
            ],
            [
                0.08341687172651291,
                0.8534875512123108,
                -0.335739403963089,
                0.3897174894809723
            ]
        ],
        [
            [
                -0.43288570642471313,
                0.4181774854660034,
                0.3390471041202545
            ],
            [
                -0.0426102876663208,
                0.7868523597717285,
                0.18935884535312653,
                0.5858250856399536
            ]
        ],
        [
            [
                -0.5600262880325317,
                -0.01749609224498272,
                0.2670436203479767
            ],
            [
                -0.4200734496116638,
                0.6566861867904663,
                0.41221874952316284,
                0.47156888246536255
            ]
        ]
    ],
    "start_goal_config": [
        null,
        null,
        null
    ],
    "start_config": [
        [
            -2.8278388802258805,
            -2.0400837513557715,
            1.6406506183441323,
            -1.4190720311589802,
            -1.5124213152044332,
            2.1245437126501663e-06
        ],
        [
            -3.712828003993814,
            -2.14058472072207,
            1.6874638756270557,
            -1.3712393571344643,
            -1.8431987450905323,
            2.3571637047067565e-05
        ],
        [
            -3.368610425798746,
            -2.7491646779283205,
            1.7930325294733775,
            -1.1478591416657644,
            -2.4592051414032543,
            2.3004082491635588e-05
        ]
    ],
    "goal_config": [
        [
            -4.052367377938371,
            -2.3102821025896287,
            2.2492214650749855,
            -1.0195304801154517,
            -2.1844918284238646,
            1.5643132182114998e-05
        ],
        [
            -2.233780203313362,
            -1.8546649779633315,
            1.8884761230887372,
            -1.3602792243623985,
            -1.3122623844807724,
            -6.696091495217044e-07
        ],
        [
            -2.6242132411288397,
            -1.3827987797959584,
            1.6240162639894764,
            -1.5949136723835107,
            -1.4215439379527492,
            -4.678228152386283e-06
        ]
    ],
    "base_poses": [
        [
            [
                0.5833773900710975,
                0.024382092228562358,
                0.0
            ],
            [
                0.0,
                0.0,
                0.9986938463649624,
                -0.05109404302613919
            ]
        ],
        [
            [
                -0.6940238730522801,
                0.16534284394639887,
                0.0
            ],
            [
                0.0,
                0.0,
                0.9636268586290425,
                0.26725133737499474
            ]
        ],
        [
            [
                -0.5834701051680704,
                -0.5575388962447813,
                0.0
            ],
            [
                0.0,
                0.0,
                0.9267887722982739,
                -0.375582975575116
            ]
        ]
    ],
    "difficulty": 0.2122260668973472
}