{
    "target_eff_poses": [
        [
            [
                -0.5140940546989441,
                -0.678057849407196,
                0.08458549529314041
            ],
            [
                0.47328633069992065,
                0.8257123827934265,
                -0.3044460415840149,
                0.03888045623898506
            ]
        ],
        [
            [
                0.037706248462200165,
                -0.24586781859397888,
                0.7657171487808228
            ],
            [
                -0.26743873953819275,
                -0.16520005464553833,
                0.9309476613998413,
                0.18580099940299988
            ]
        ],
        [
            [
                0.4187067449092865,
                -0.544514000415802,
                0.40626081824302673
            ],
            [
                0.05508309230208397,
                0.7055644392967224,
                0.10035902261734009,
                0.699337363243103
            ]
        ]
    ],
    "start_goal_config": [
        null,
        null,
        null
    ],
    "start_config": [
        [
            -1.5582862156143706,
            -2.165922198273259,
            2.6264362369448224,
            -0.908442450187705,
            0.006323945487216492,
            -1.2361765657116966e-05
        ],
        [
            -2.848923163042062,
            -3.0661791669469967,
            1.0197537615773324,
            -1.384800541273083,
            -1.7723410352570983,
            -1.3587604440179061e-05
        ],
        [
            -4.14031169967775,
            -1.042552574557474,
            1.1585464196399733,
            -1.8694017605432838,
            -1.7923545975557622,
            1.7591913240811032e-05
        ]
    ],
    "goal_config": [
        [
            -5.030322007989467,
            -1.2939516076203985,
            2.128911626290727,
            -1.458885612332156,
            -2.4941207479206473,
            -2.2944908046901454e-05
        ],
        [
            -3.810560783157045,
            -2.230359136473999,
            1.2695641693306385,
            -1.5412320335473089,
            -2.321168629705886,
            3.805843201913388e-05
        ],
        [
            -2.3625158038826117,
            -1.6920921643510123,
            1.6353624971378822,
            -1.5123542393048386,
            -1.3503523195194873,
            -4.570139932268417e-06
        ]
    ],
    "base_poses": [
        [
            [
                -0.37685824154984576,
                -0.3332214150979036,
                0.0
            ],
            [
                0.0,
                0.0,
                0.9992868239301775,
                0.03776034321266573
            ]
        ],
        [
            [
                0.12151845207845757,
                -0.19278911816368394,
                0.0
            ],
            [
                -0.0,
                -0.0,
                0.49051498875586835,
                0.8714327546092299
            ]
        ],
        [
            [
                -0.006129933116650221,
                -0.7098678060294443,
                0.0
            ],
            [
                0.0,
                0.0,
                0.9368690406043942,
                0.34968042661407556
            ]
        ]
    ],
    "difficulty": 0.7066115702479339,
    "dynamic_speed": null,
    "ur5_count": 3,
    "id": "006323",
    "task_path": "/home/hqh2101/workspace-sharing-multiarm/src/data/8f14d7-hard-vlo-tasks/006323.json"
}