{
    "target_eff_poses": [
        [
            [
                0.19775785505771637,
                -0.27802619338035583,
                0.33017247915267944
            ],
            [
                -0.08911114186048508,
                0.7978658080101013,
                0.1287047117948532,
                0.5821548700332642
            ]
        ],
        [
            [
                -1.04465913772583,
                -0.3414757549762726,
                0.08012790232896805
            ],
            [
                0.9554088115692139,
                0.12491027265787125,
                -0.2630055546760559,
                -0.04918874427676201
            ]
        ],
        [
            [
                -0.7394819855690002,
                0.14923709630966187,
                0.28292134404182434
            ],
            [
                0.6731526851654053,
                -0.5066760182380676,
                -0.46133509278297424,
                -0.2780555784702301
            ]
        ]
    ],
    "start_goal_config": [
        null,
        null,
        null
    ],
    "start_config": [
        [
            -4.132567565338076,
            -2.571809361932955,
            2.1782045029341957,
            -1.00222840997437,
            -2.5271638064649804,
            -2.5763109124375975e-05
        ],
        [
            -3.1644612932879785,
            -2.875047121044345,
            2.037813842131693,
            -0.9034494914281079,
            -2.0455857059703284,
            1.9608397721197095e-10
        ],
        [
            -3.6113842121668918,
            -1.3465243127718067,
            1.4307689369553007,
            -1.6856530501885179,
            -1.6717588378591088,
            1.2371605633049406e-05
        ]
    ],
    "goal_config": [
        [
            -2.5674457397819332,
            -2.2041449175728336,
            2.077486543901809,
            -1.1508900926703574,
            -1.4644399660461755,
            -3.386536110491264e-06
        ],
        [
            -3.9268778866983185,
            -1.423162886436211,
            2.2349152752956325,
            -1.3534765159137507,
            -1.885655098681476,
            2.1483274462715438e-05
        ],
        [
            -2.6047428076577,
            -1.9276662401303697,
            2.048706924539995,
            -1.258709961965159,
            -1.4679916531326465,
            8.046379309895196e-07
        ]
    ],
    "base_poses": [
        [
            [
                0.056865912157583964,
                -0.4560070046170104,
                0.0
            ],
            [
                0.0,
                0.0,
                0.9924854036346024,
                0.12236308092010609
            ]
        ],
        [
            [
                -0.7659305309761418,
                -0.2877836197785383,
                0.0
            ],
            [
                -0.0,
                -0.0,
                0.3571537315850679,
                0.9340456155964019
            ]
        ],
        [
            [
                -0.5239813201511425,
                -0.057751438836170066,
                0.0
            ],
            [
                0.0,
                0.0,
                -0.7593042925357679,
                0.6507357307976542
            ]
        ]
    ],
    "difficulty": 0.8320804360082691,
    "dynamic_speed": null,
    "ur5_count": 3,
    "id": "006332",
    "task_path": "/home/hqh2101/workspace-sharing-multiarm/src/data/8f14d7-hard-vlo-tasks/006332.json"
}