{
    "target_eff_poses": [
        [
            [
                0.49768203496932983,
                0.917130708694458,
                0.69277024269104
            ],
            [
                -0.1610942929983139,
                0.3708086609840393,
                0.4053489863872528,
                0.8199034929275513
            ]
        ]
    ],
    "start_goal_config": [
        null
    ],
    "start_config": [
        [
            -3.1740754601713035,
            -2.3816276908027985,
            1.4272838436962496,
            -1.4287020610648298,
            -1.732922091687797,
            1.1198098713847011e-05
        ]
    ],
    "goal_config": [
        [
            -3.0377951494685576,
            -1.7372756948045693,
            1.1516547261630978,
            -1.7235658380010557,
            -1.5214926957379542,
            3.2448947628702547e-06
        ]
    ],
    "base_poses": [
        [
            [
                0.3187452356342988,
                0.5264742874997894,
                0.0
            ],
            [
                0.0,
                0.0,
                0.9276983975490821,
                -0.3733305280644288
            ]
        ]
    ],
    "difficulty": 0.0,
    "dynamic_speed": null,
    "ur5_count": 1,
    "id": "006372",
    "task_path": "/home/hqh2101/workspace-sharing-multiarm/src/data/8f14d7-hard-vlo-tasks/006372.json"
}