{
    "target_eff_poses": [
        [
            [
                -0.4230593144893646,
                -0.7107617855072021,
                0.4966457784175873
            ],
            [
                -0.5486955642700195,
                -0.22041748464107513,
                0.7268844842910767,
                -0.34926825761795044
            ]
        ]
    ],
    "start_goal_config": [
        null
    ],
    "start_config": [
        [
            -2.7084506400208275,
            -2.659459932226357,
            2.024700178089739,
            -1.0067510644269484,
            -1.5318468039290214,
            -4.311862613041954e-06
        ]
    ],
    "goal_config": [
        [
            -2.96134623165529,
            -1.5467840573271476,
            1.3469555375283737,
            -1.6763918945389586,
            -1.5048516309025657,
            1.2964182584127436e-06
        ]
    ],
    "base_poses": [
        [
            [
                -0.1563001360437708,
                -0.2447219256358827,
                0.0
            ],
            [
                -0.0,
                -0.0,
                0.3191489932554273,
                0.9477045531725841
            ]
        ]
    ],
    "difficulty": 0.0,
    "dynamic_speed": null
}