{
    "target_eff_poses": [
        [
            [
                0.8219476938247681,
                0.3879965841770172,
                0.7049074172973633
            ],
            [
                -0.06338711827993393,
                -0.0023421242367476225,
                0.9939025640487671,
                -0.0901898741722107
            ]
        ]
    ],
    "start_goal_config": [
        null
    ],
    "start_config": [
        [
            -3.900500415083922,
            -1.7597491630755457,
            2.1189067834104827,
            -1.281010137566139,
            -1.8723514019034129,
            2.505888122884197e-05
        ]
    ],
    "goal_config": [
        [
            -3.023984194149301,
            -2.790497377236013,
            1.1946026833315087,
            -1.4187503869030742,
            -1.5172025034274412,
            -4.041773814363536e-06
        ]
    ],
    "base_poses": [
        [
            [
                0.5412029032327164,
                0.46909843702725484,
                0.0
            ],
            [
                -0.0,
                -0.0,
                0.004894028414550695,
                0.9999880241712286
            ]
        ]
    ],
    "difficulty": 0.0,
    "dynamic_speed": null
}