{
    "target_eff_poses": [
        [
            [
                -0.6363326907157898,
                -0.9593263268470764,
                0.4216521084308624
            ],
            [
                -0.5458667278289795,
                -0.47015371918678284,
                0.6586907505989075,
                -0.2170519083738327
            ]
        ],
        [
            [
                -0.008795390836894512,
                0.5641437768936157,
                0.46922504901885986
            ],
            [
                0.07131702452898026,
                0.49232491850852966,
                -0.4235432744026184,
                0.7570608854293823
            ]
        ],
        [
            [
                0.042011238634586334,
                -0.23931841552257538,
                0.24267761409282684
            ],
            [
                0.34206438064575195,
                0.6627967953681946,
                -0.3484039902687073,
                0.5677209496498108
            ]
        ]
    ],
    "start_goal_config": [
        null,
        null,
        null
    ],
    "start_config": [
        [
            -2.4113815247950594,
            -2.772802861676678,
            1.1903092014293193,
            -1.4327837829179764,
            -2.545296204975647,
            3.8089637893505915e-05
        ],
        [
            -3.1324681749719523,
            -2.539900192085445,
            1.4528546921554952,
            -1.370937842150426,
            -1.8966241391518124,
            1.0660465415773418e-05
        ],
        [
            -3.614742369088961,
            -1.3000033299677778,
            1.8552192287291525,
            -1.521948253126644,
            -1.7017479030875455,
            1.6866602716809036e-05
        ]
    ],
    "goal_config": [
        [
            -4.207486321042377,
            -1.9490208624742786,
            1.7924890514666627,
            -1.3762143324861218,
            -1.9634971158462762,
            2.6678992946169966e-05
        ],
        [
            -2.967615319965948,
            -2.9253261213457704,
            1.8459942951747235,
            -1.0209161330598437,
            -1.9370144616484295,
            1.5186488217469947e-09
        ],
        [
            -3.54270570890174,
            -1.1847047374252595,
            1.444382193986058,
            -1.7176171847951551,
            -1.644780993442609,
            9.60948583452943e-06
        ]
    ],
    "base_poses": [
        [
            [
                -0.5220470824307568,
                -0.654031878213298,
                0.0
            ],
            [
                0.0,
                0.0,
                0.8662388875799699,
                0.49963005278327316
            ]
        ],
        [
            [
                0.02217304400610176,
                0.4615390355932105,
                0.0
            ],
            [
                0.0,
                0.0,
                0.9155372548019526,
                0.4022331849433915
            ]
        ],
        [
            [
                -0.3632920979305421,
                0.2384789744304574,
                0.0
            ],
            [
                0.0,
                0.0,
                0.9514541585733297,
                0.3077904873993299
            ]
        ]
    ],
    "difficulty": 0.7977993040534186,
    "dynamic_speed": null
}