{
    "target_eff_poses": [
        [
            [
                0.9362033009529114,
                -0.5576347708702087,
                0.4473300874233246
            ],
            [
                0.5625138282775879,
                0.2103324979543686,
                -0.5947669148445129,
                0.5344071388244629
            ]
        ]
    ],
    "start_goal_config": [
        null
    ],
    "start_config": [
        [
            -3.086557804026987,
            -2.768034534426574,
            1.8958553811320475,
            -1.0558626300995206,
            -1.8795865912394987,
            1.2732225784948812e-05
        ]
    ],
    "goal_config": [
        [
            -2.5250227840981836,
            -2.745965194329798,
            1.9355391608023722,
            -1.0427802159570951,
            -1.1966171189767096,
            -1.5925396386819307e-05
        ]
    ],
    "base_poses": [
        [
            [
                0.7986020486856364,
                -0.4826819371502925,
                0.0
            ],
            [
                -0.0,
                -0.0,
                0.23441255766862304,
                0.9721372088379574
            ]
        ]
    ],
    "difficulty": 0.0,
    "dynamic_speed": null,
    "ur5_count": 1,
    "id": "006486",
    "task_path": "/home/huy/programming/projects/workspace-sharing-multiarm/src/data/8f14d7-hard-vlo-tasks/006486.json"
}