{
    "target_eff_poses": [
        [
            [
                0.08448628336191177,
                -0.41626033186912537,
                0.3778228163719177
            ],
            [
                0.22116625308990479,
                0.7962698936462402,
                -0.5615587830543518,
                -0.041126903146505356
            ]
        ],
        [
            [
                0.04914744943380356,
                -1.0319494009017944,
                0.509560763835907
            ],
            [
                0.027821118012070656,
                -0.02659069001674652,
                0.8336006999015808,
                0.551025390625
            ]
        ],
        [
            [
                0.4526728093624115,
                0.14631550014019012,
                0.42412981390953064
            ],
            [
                0.15082117915153503,
                0.6887233257293701,
                -0.3107548952102661,
                0.6374515891075134
            ]
        ],
        [
            [
                -0.7615135908126831,
                -0.39090436697006226,
                0.4781692624092102
            ],
            [
                -0.6182575225830078,
                -0.15901106595993042,
                0.748712956905365,
                0.17861123383045197
            ]
        ]
    ],
    "start_goal_config": [
        null,
        null,
        null,
        null
    ],
    "start_config": [
        [
            -3.184080439135898,
            -2.430262196657639,
            1.3439358714821197,
            -1.455915363352239,
            -1.8567902400797556,
            -3.851009764462239e-07
        ],
        [
            -1.6115617532905362,
            -1.0510616265213832,
            1.4034187995950895,
            -1.758798343490457,
            -0.9962792360300328,
            1.7108493856959453e-05
        ],
        [
            -2.257379453335059,
            -1.4940756797276717,
            1.1437495250790917,
            -1.7764543575012655,
            -1.266476675917161,
            -1.4798623379454388e-05
        ],
        [
            -2.1747841036325,
            -1.3832334153412413,
            1.356124860856093,
            -1.7066711976980027,
            -1.2615327303175632,
            -6.523163155311856e-06
        ]
    ],
    "goal_config": [
        [
            -5.379220884751748,
            -1.4897110468140609,
            1.686085091975149,
            -1.3926058726134865,
            -2.94377968055213,
            -5.933173633574175e-05
        ],
        [
            -3.033551968377446,
            -3.228241571436615,
            1.2061109126226461,
            -1.1964532571044595,
            -1.39197069101961,
            9.43344953393983e-06
        ],
        [
            -3.8632150472351734,
            -1.8242567136331131,
            1.6981588209520746,
            -1.4505246858050524,
            -1.808807069674235,
            1.417302235593836e-07
        ],
        [
            -3.765039872993514,
            -2.435462069222501,
            1.8744469148477618,
            -1.1957860611400715,
            -2.05671730724793,
            2.4394229306119293e-05
        ]
    ],
    "base_poses": [
        [
            [
                0.269658904936398,
                0.046261096907327603,
                0.0
            ],
            [
                0.0,
                0.0,
                0.9870041346440618,
                -0.16069486051372858
            ]
        ],
        [
            [
                0.0728717921162737,
                -0.5401956987995347,
                0.0
            ],
            [
                0.0,
                0.0,
                -0.6650161821936312,
                0.7468289478994552
            ]
        ],
        [
            [
                0.10753849642986935,
                0.3192028581151396,
                0.0
            ],
            [
                0.0,
                0.0,
                0.9996562122154419,
                -0.026219408442515125
            ]
        ],
        [
            [
                -0.6393572082657779,
                -0.34031248212230847,
                0.0
            ],
            [
                -0.0,
                -0.0,
                0.31505275235531477,
                0.949074161081915
            ]
        ]
    ],
    "difficulty": 0.6682271524526766
}