{
    "target_eff_poses": [
        [
            [
                0.7611751556396484,
                0.3381713926792145,
                0.21389199793338776
            ],
            [
                0.38534867763519287,
                0.7948985695838928,
                -0.19669684767723083,
                0.42538583278656006
            ]
        ],
        [
            [
                0.018193190917372704,
                -0.2116793692111969,
                0.634227454662323
            ],
            [
                0.06207907944917679,
                -0.610858142375946,
                0.7506820559501648,
                -0.24387498199939728
            ]
        ]
    ],
    "start_goal_config": [
        null,
        null
    ],
    "start_config": [
        [
            -2.995806601777049,
            -1.985339042111566,
            2.267283882918122,
            -1.1131979276282404,
            -1.6424754809312476,
            4.9344384094502986e-11
        ],
        [
            -3.4697488917877948,
            -1.6059230276951175,
            1.356070813928201,
            -1.6584418733753081,
            -1.6496010705403006,
            1.0333524767856342e-05
        ]
    ],
    "goal_config": [
        [
            -2.912275844280534,
            -1.6911478912019522,
            2.0465710880013135,
            -1.3309701487746803,
            -1.5525123004035943,
            5.593682297685499e-06
        ],
        [
            -4.757778118355771,
            -1.967668112145577,
            1.5574656521294121,
            -1.4092208038760974,
            -2.9287508336354935,
            -8.171793951597426e-05
        ]
    ],
    "base_poses": [
        [
            [
                0.47072930183191963,
                0.51675260492221,
                0.0
            ],
            [
                -0.0,
                -0.0,
                0.8488923926502157,
                0.5285657061336764
            ]
        ],
        [
            [
                -0.08402403860293306,
                0.06448477010047848,
                0.0
            ],
            [
                0.0,
                0.0,
                0.9735790923796437,
                -0.2283500621441326
            ]
        ]
    ],
    "difficulty": 0.2295949521677183
}