{
    "target_eff_poses": [
        [
            [
                -0.46527814865112305,
                0.5596098899841309,
                0.8425398468971252
            ],
            [
                -0.13287661969661713,
                0.0068077691830694675,
                0.903721034526825,
                0.40692245960235596
            ]
        ],
        [
            [
                -0.6729249954223633,
                -0.07460266351699829,
                0.23061254620552063
            ],
            [
                0.7704319953918457,
                -0.34177759289741516,
                -0.2022457718849182,
                -0.49871760606765747
            ]
        ],
        [
            [
                -0.13542436063289642,
                -0.8378071188926697,
                0.3131570518016815
            ],
            [
                0.7273925542831421,
                0.36683711409568787,
                -0.2757742702960968,
                0.5101755857467651
            ]
        ]
    ],
    "start_goal_config": [
        null,
        null,
        null
    ],
    "start_config": [
        [
            -3.2310795507805694,
            -2.676833965884623,
            1.7919598947018158,
            -1.1558758399546163,
            -1.972519922482129,
            1.8563795252445325e-05
        ],
        [
            -4.015033514956352,
            -1.6380668771975824,
            1.1395487440945173,
            -1.7488022893376323,
            -1.8191319760433924,
            1.9662790780162315e-05
        ],
        [
            -1.3779130704792626,
            -1.9072159797141408,
            1.9417858838212327,
            -1.2592997221676083,
            -0.27564743942098613,
            -1.9868497719622678e-05
        ]
    ],
    "goal_config": [
        [
            -3.195302492212888,
            -2.272151683611469,
            1.0448386935319254,
            -1.6473755725343073,
            -1.9427787638343437,
            2.6531259845432474e-05
        ],
        [
            -5.048289419779192,
            -1.3718179900466732,
            1.765614016222171,
            -1.5302921614648677,
            -2.3387818987964373,
            3.2449558197204524e-05
        ],
        [
            -1.6449690136032242,
            -1.729774601681463,
            1.8932673457182876,
            -1.4007931909836506,
            -0.9626581195158014,
            -1.64577480100523e-05
        ]
    ],
    "base_poses": [
        [
            [
                -0.43732637572550975,
                0.6148403998935268,
                0.0
            ],
            [
                0.0,
                0.0,
                -0.20868907878970697,
                0.9779820388912587
            ]
        ],
        [
            [
                -0.6699791041398468,
                -0.5677059521202854,
                0.0
            ],
            [
                -0.0,
                -0.0,
                0.15124619310341067,
                0.9884961249654577
            ]
        ],
        [
            [
                -0.3081189015372223,
                -0.4584891640334185,
                0.0
            ],
            [
                -0.0,
                -0.0,
                0.022846711083949898,
                0.9997389798305588
            ]
        ]
    ],
    "difficulty": 0.7479346601577168,
    "dynamic_speed": null,
    "ur5_count": 3,
    "id": "006462",
    "task_path": "/home/hqh2101/workspace-sharing-multiarm/src/data/8f14d7-hard-vlo-tasks/006462.json"
}