{
    "target_eff_poses": [
        [
            [
                -0.8315938711166382,
                -0.42589089274406433,
                0.4484216868877411
            ],
            [
                -0.6500211954116821,
                0.20868170261383057,
                0.7306952476501465,
                -0.0029827598482370377
            ]
        ],
        [
            [
                0.48718714714050293,
                -0.5734125971794128,
                0.7176108360290527
            ],
            [
                -0.1586313247680664,
                -0.3892074525356293,
                0.8211325407028198,
                -0.38612815737724304
            ]
        ],
        [
            [
                0.15173283219337463,
                -0.5355634093284607,
                0.26294881105422974
            ],
            [
                0.6911781430244446,
                0.5139877200126648,
                -0.4031752943992615,
                0.30909398198127747
            ]
        ],
        [
            [
                -0.11464563757181168,
                -0.6335610747337341,
                0.568297266960144
            ],
            [
                -0.4062518775463104,
                0.19873836636543274,
                0.5926821827888489,
                0.6664759516716003
            ]
        ]
    ],
    "start_goal_config": [
        null,
        null,
        null,
        null
    ],
    "start_config": [
        [
            -4.828863354227764,
            -2.109133188125365,
            1.8994368348835884,
            -1.2565476745738349,
            -2.793356789553407,
            1.1473137539653528e-05
        ],
        [
            -4.734763574639631,
            -1.1911816965588355,
            1.4837280372018802,
            -1.6926374028712812,
            -2.066198985657063,
            2.9721263929766807e-05
        ],
        [
            -5.090977690237174,
            -1.8007714265925998,
            2.1858073161816165,
            -1.232507937839729,
            -2.6885011287586793,
            3.1927437081924744e-08
        ],
        [
            -3.0612291250758332,
            -2.410691315294773,
            1.1570620180061753,
            -1.553961065054112,
            -1.8709354466139851,
            -1.1136979415560827e-06
        ]
    ],
    "goal_config": [
        [
            -2.1387760825902062,
            -1.8090989143871787,
            1.6473209520762866,
            -1.4769192377413318,
            -1.256069720160772,
            -6.165599258319441e-07
        ],
        [
            -4.559623212979722,
            -1.9613240191820454,
            1.2795580301862957,
            -1.5922667034903994,
            -2.3150372699395287,
            3.333607230597522e-05
        ],
        [
            -2.840066540822364,
            -1.9321310487907961,
            2.0965754647373216,
            -1.230225032528918,
            -1.556142904259247,
            2.910084406266019e-10
        ],
        [
            -3.157597887434995,
            -2.6704907969566607,
            1.6831687482011677,
            -1.2156789813834126,
            -1.9597629306538116,
            9.918785103125749e-08
        ]
    ],
    "base_poses": [
        [
            [
                -0.4150509714268056,
                -0.40104605754996875,
                0.0
            ],
            [
                0.0,
                0.0,
                -0.6089132123792813,
                0.7932368497428397
            ]
        ],
        [
            [
                0.45158499854047096,
                -0.2980872021389045,
                0.0
            ],
            [
                0.0,
                0.0,
                0.9987453235659914,
                0.05007772613710551
            ]
        ],
        [
            [
                0.115184204927966,
                -0.2583099524635817,
                0.0
            ],
            [
                -0.0,
                -0.0,
                0.47589547957809547,
                0.8795018433847279
            ]
        ],
        [
            [
                -0.06106692564485228,
                -0.6028806824008603,
                0.0
            ],
            [
                0.0,
                0.0,
                -0.5983584934091771,
                0.8012285025915514
            ]
        ]
    ],
    "difficulty": 0.9501267962806424
}