{
    "target_eff_poses": [
        [
            [
                1.1390630006790161,
                -0.019055457785725594,
                0.6021453142166138
            ],
            [
                0.14187513291835785,
                0.4679982662200928,
                -0.1720442920923233,
                0.8551315069198608
            ]
        ],
        [
            [
                0.359958678483963,
                0.543104887008667,
                0.6468420624732971
            ],
            [
                -0.2194172739982605,
                0.48836737871170044,
                -0.4262126088142395,
                0.7291750311851501
            ]
        ]
    ],
    "start_goal_config": [
        null,
        null
    ],
    "start_config": [
        [
            -4.373991452334475,
            -1.4945618381114307,
            2.5427038867073883,
            -1.3024683161698005,
            -2.449643127666092,
            2.0614934438510743e-05
        ],
        [
            -2.860663038401989,
            -2.5546619992901403,
            1.6199639575258171,
            -1.2820577189422018,
            -1.502590453316161,
            -5.4412128277852204e-06
        ]
    ],
    "goal_config": [
        [
            -2.8881566771457465,
            -1.5963064789248598,
            1.2062644978913075,
            -1.7295934345841155,
            -1.4749895189668667,
            -1.0309427905100769e-07
        ],
        [
            -4.901916671215982,
            -1.8740284993110274,
            1.397396125373126,
            -1.5349850885251861,
            -2.522020755641877,
            3.292810739842917e-05
        ]
    ],
    "base_poses": [
        [
            [
                0.6408644004972623,
                0.11051463702310949,
                0.0
            ],
            [
                0.0,
                0.0,
                0.9311794366838363,
                0.3645611837499616
            ]
        ],
        [
            [
                0.022099711858944104,
                0.5759500772155506,
                0.0
            ],
            [
                0.0,
                0.0,
                -0.6772147113793211,
                0.7357854542537674
            ]
        ]
    ],
    "difficulty": 0.20720537349888052
}