{
    "target_eff_poses": [
        [
            [
                -0.5881925821304321,
                -0.06251443177461624,
                0.4556792974472046
            ],
            [
                -0.3674481511116028,
                -0.6032813191413879,
                0.6783949136734009,
                -0.20202434062957764
            ]
        ],
        [
            [
                0.5999546647071838,
                1.0058314800262451,
                0.16137251257896423
            ],
            [
                -0.5054333806037903,
                0.767751932144165,
                0.11309889703989029,
                0.37723031640052795
            ]
        ],
        [
            [
                1.0846940279006958,
                -0.28438761830329895,
                0.5951784253120422
            ],
            [
                0.13783951103687286,
                0.49349650740623474,
                -0.42186346650123596,
                0.7479924559593201
            ]
        ],
        [
            [
                1.315528154373169,
                0.6976341605186462,
                0.3087424635887146
            ],
            [
                -0.2199065238237381,
                0.5902521014213562,
                -0.05778991058468819,
                0.7745346426963806
            ]
        ]
    ],
    "start_goal_config": [
        null,
        null,
        null,
        null
    ],
    "start_config": [
        [
            -2.6333910480256337,
            -3.0399490934134783,
            1.2844731592691991,
            -1.2732349105636827,
            -2.0927076196068413,
            3.1492402563908995e-05
        ],
        [
            -3.34029326626786,
            -1.0044930166351917,
            1.4184448473129194,
            -1.7702724341205296,
            -1.5810672726072204,
            3.481633170278409e-06
        ],
        [
            -5.081003582661484,
            -1.8635232792694143,
            2.072622318094132,
            -1.264020189021501,
            -2.6213542808684984,
            1.630601814167662e-06
        ],
        [
            -1.6816271118207375,
            -1.3707391994153009,
            1.2871414701422528,
            -1.7265087496991174,
            -1.029957602209185,
            -2.699171877577364e-05
        ]
    ],
    "goal_config": [
        [
            -4.890477909223356,
            -1.8266528354278557,
            1.694565042275495,
            -1.4407584519030427,
            -2.305086550456486,
            2.4862067442232897e-05
        ],
        [
            -3.932220594264792,
            -1.591973685630479,
            2.118848613821033,
            -1.336442111593868,
            -1.8617184008918983,
            -3.4440292549245866e-09
        ],
        [
            -3.9819479448154076,
            -1.6722352769449105,
            1.2816364718845366,
            -1.6750683849579031,
            -1.81195962947368,
            1.923012761558073e-05
        ],
        [
            -4.681166193621683,
            -1.00055756666666,
            1.1082286192055228,
            -1.8864369632248432,
            -2.001909606708561,
            3.0229688004620633e-05
        ]
    ],
    "base_poses": [
        [
            [
                -0.5136792202003977,
                0.30681346493883277,
                0.0
            ],
            [
                0.0,
                0.0,
                0.999209496965407,
                0.039754008277636935
            ]
        ],
        [
            [
                0.4542586652354921,
                0.719997846100449,
                0.0
            ],
            [
                0.0,
                0.0,
                -0.6733533872394954,
                0.7393207801036692
            ]
        ],
        [
            [
                0.7022660427166469,
                -0.012100999205174268,
                0.0
            ],
            [
                0.0,
                0.0,
                0.9996289894250866,
                -0.027237538453025505
            ]
        ],
        [
            [
                0.6235164444030901,
                0.43992106712369705,
                0.0
            ],
            [
                0.0,
                0.0,
                -0.613050775575149,
                0.7900435092871204
            ]
        ]
    ],
    "difficulty": 0.9591836734693877,
    "dynamic_speed": null,
    "ur5_count": 4,
    "id": "006568",
    "task_path": "/home/hqh2101/workspace-sharing-multiarm/src/data/8f14d7-hard-vlo-tasks/006568.json"
}