{
    "target_eff_poses": [
        [
            [
                0.1597258746623993,
                -0.05977320671081543,
                0.5876154899597168
            ],
            [
                0.01942526362836361,
                0.5145160555839539,
                0.0017493537161499262,
                0.8572589159011841
            ]
        ]
    ],
    "start_goal_config": [
        null
    ],
    "start_config": [
        [
            -4.749504107585003,
            -0.9927027356507983,
            1.4717876584776308,
            -1.747253849080117,
            -2.0719902600794637,
            3.427181695402794e-05
        ]
    ],
    "goal_config": [
        [
            -3.049592168375386,
            -1.6606784280764193,
            1.280999709048103,
            -1.6801712921214438,
            -1.531021948852573,
            4.5641392079997425e-06
        ]
    ],
    "base_poses": [
        [
            [
                -0.3147999869798348,
                -0.15722201813765613,
                0.0
            ],
            [
                0.0,
                0.0,
                0.9979625628666962,
                0.06380221874304565
            ]
        ]
    ],
    "difficulty": 0.0
}