{
    "target_eff_poses": [
        [
            [
                0.23201051354408264,
                0.3893498182296753,
                0.6227921843528748
            ],
            [
                -0.30094724893569946,
                -0.09659557044506073,
                0.9472401142120361,
                0.05325678735971451
            ]
        ],
        [
            [
                -0.7124218940734863,
                1.0150129795074463,
                0.6361330151557922
            ],
            [
                -0.4567008912563324,
                0.14133557677268982,
                0.48622065782546997,
                0.7314629554748535
            ]
        ],
        [
            [
                0.1619196981191635,
                -0.0658348873257637,
                0.5034374594688416
            ],
            [
                -0.07983502000570297,
                0.608272910118103,
                -0.0002666047657839954,
                0.7897027134895325
            ]
        ]
    ],
    "start_goal_config": [
        null,
        null,
        null
    ],
    "start_config": [
        [
            -1.955216796837645,
            -1.5514988652484738,
            1.6844593282998486,
            -1.5293347867619285,
            -1.189709851876914,
            -2.2010684777506794e-05
        ],
        [
            -1.8152067719482232,
            -1.625091945092943,
            1.734699828155089,
            -1.490051227436151,
            -1.1123655480174668,
            -1.9765798976123687e-05
        ],
        [
            -3.101641384662982,
            -2.478305668859507,
            2.1521574816967464,
            -0.9851601441231801,
            -1.7723547910872948,
            3.4729930551772483e-10
        ]
    ],
    "goal_config": [
        [
            -2.932585493923433,
            -2.7532089971683043,
            1.5229070681988977,
            -1.2681117381526092,
            -1.9375793420365237,
            2.8426515829308804e-05
        ],
        [
            -4.886393166947947,
            -1.5386378023534621,
            1.1312324155359208,
            -1.7372987061023708,
            -2.2547937123279493,
            -4.00865705326034e-05
        ],
        [
            -3.587136959252274,
            -1.7256459179694188,
            1.4787939453798062,
            -1.5737933041465522,
            -1.7016409798450176,
            1.636709663078438e-05
        ]
    ],
    "base_poses": [
        [
            [
                0.11128094554082979,
                0.42255846466030644,
                0.0
            ],
            [
                -0.0,
                -0.0,
                0.022726438799268594,
                0.9997417211357656
            ]
        ],
        [
            [
                -0.5429619916182804,
                0.5353515678260801,
                0.0
            ],
            [
                -0.0,
                -0.0,
                0.22822141527642154,
                0.9736092571505405
            ]
        ],
        [
            [
                -0.2607943853562372,
                -0.21415295475581597,
                0.0
            ],
            [
                0.0,
                0.0,
                0.9588527575203296,
                -0.28390383828976307
            ]
        ]
    ],
    "difficulty": 0.6052854321452084,
    "dynamic_speed": null,
    "ur5_count": 3,
    "id": "006530",
    "task_path": "/home/hqh2101/workspace-sharing-multiarm/src/data/8f14d7-hard-vlo-tasks/006530.json"
}