{
    "target_eff_poses": [
        [
            [
                -0.5226112604141235,
                0.02910609357059002,
                0.2854110896587372
            ],
            [
                0.7527321577072144,
                -0.3746967613697052,
                -0.5317800641059875,
                -0.10102733969688416
            ]
        ],
        [
            [
                0.2945183217525482,
                -0.5075638890266418,
                0.7566052675247192
            ],
            [
                -0.3717697560787201,
                -0.12043866515159607,
                0.7036671042442322,
                0.5934090614318848
            ]
        ],
        [
            [
                0.009914909489452839,
                0.15329046547412872,
                0.1630619466304779
            ],
            [
                0.8529881834983826,
                -0.42416056990623474,
                -0.22190338373184204,
                -0.2079852968454361
            ]
        ]
    ],
    "start_goal_config": [
        null,
        null,
        null
    ],
    "start_config": [
        [
            -1.9060103831460957,
            -1.3397793346992706,
            1.9807446009690868,
            -1.4920990156070209,
            -1.1272773602450825,
            -1.5416636767175764e-05
        ],
        [
            -3.9666188663316673,
            -1.082209294181795,
            1.1711028707790625,
            -1.8571062703432213,
            -1.7415609939729317,
            1.3854150374732675e-05
        ],
        [
            -3.1272205324080455,
            -2.6744889953721804,
            1.7426055856265883,
            -1.181468431773884,
            -1.875526783507082,
            1.7350486764673746e-05
        ]
    ],
    "goal_config": [
        [
            -2.3289858369205563,
            -2.533840254919169,
            2.258427936161379,
            -0.8685307212516643,
            -1.2966691806824373,
            -5.632298595303068e-06
        ],
        [
            -4.3666175840984645,
            -2.054176989865275,
            1.2778500633984917,
            -1.5622507792108726,
            -2.5847029729322193,
            3.6721474544886144e-05
        ],
        [
            -3.517979853021723,
            -1.8988254184334485,
            2.373122500490877,
            -1.0923613985109675,
            -1.86237621386096,
            -2.3598424042409126e-06
        ]
    ],
    "base_poses": [
        [
            [
                -0.3851999720634478,
                0.10599037712524473,
                0.0
            ],
            [
                0.0,
                0.0,
                -0.6676989019670153,
                0.7444314450048723
            ]
        ],
        [
            [
                0.47754364515950853,
                -0.583519815910698,
                0.0
            ],
            [
                -0.0,
                -0.0,
                0.40673116337209025,
                0.9135478973441874
            ]
        ],
        [
            [
                0.134877085566527,
                0.023322673598814903,
                0.0
            ],
            [
                0.0,
                0.0,
                -0.4068959121211576,
                0.9134745298578889
            ]
        ]
    ],
    "difficulty": 0.8131289382112292,
    "dynamic_speed": null
}