{
    "target_eff_poses": [
        [
            [
                1.2233465909957886,
                0.6999045014381409,
                0.36458975076675415
            ],
            [
                -0.15665163099765778,
                0.6611908674240112,
                0.006582521367818117,
                0.7336508631706238
            ]
        ],
        [
            [
                0.6893938779830933,
                -0.4756772816181183,
                0.5443804264068604
            ],
            [
                -0.4869132339954376,
                -0.10206931829452515,
                0.8134510517120361,
                0.3013216555118561
            ]
        ],
        [
            [
                0.32367220520973206,
                0.30225881934165955,
                0.7822881937026978
            ],
            [
                -0.19755470752716064,
                -0.0828438550233841,
                0.9743202328681946,
                -0.06934849917888641
            ]
        ]
    ],
    "start_goal_config": [
        null,
        null,
        null
    ],
    "start_config": [
        [
            -4.587388769979823,
            -2.0417559170865904,
            1.4160355605574881,
            -1.4966014813047586,
            -2.602840997362288,
            3.549857943557067e-05
        ],
        [
            -3.150943417086449,
            -2.37778976549206,
            1.1814490509707896,
            -1.5503725602220308,
            -1.9362436372351848,
            2.6458394724433396e-05
        ],
        [
            -4.230266971105402,
            -1.9839218808939876,
            1.1401107471729897,
            -1.6625029249699246,
            -2.164775552469592,
            -1.2235612437585797e-05
        ]
    ],
    "goal_config": [
        [
            -4.044176846227841,
            -1.3475744111313885,
            1.398284007525051,
            -1.6981496033511543,
            -1.7944597125032429,
            1.7893867218255567e-05
        ],
        [
            -3.3167184334532847,
            -2.6781329088963797,
            1.7567017162693184,
            -1.1787300765354902,
            -2.132191653332935,
            1.950514549498677e-05
        ],
        [
            -3.1831076376279714,
            -2.362984088574092,
            1.1990324534644505,
            -1.5458516333289014,
            -1.8968075788808225,
            -2.2420230654945415e-06
        ]
    ],
    "base_poses": [
        [
            [
                0.6697933596814554,
                0.4807694924714627,
                0.0
            ],
            [
                0.0,
                0.0,
                -0.8407638505289033,
                0.5414020203543866
            ]
        ],
        [
            [
                0.6896361199656453,
                -0.4353291781451525,
                0.0
            ],
            [
                -0.0,
                -0.0,
                0.013512216903402815,
                0.999908705829865
            ]
        ],
        [
            [
                0.29688955564182895,
                0.3643717913728284,
                0.0
            ],
            [
                -0.0,
                -0.0,
                0.2520706019266501,
                0.9677088465258217
            ]
        ]
    ],
    "difficulty": 0.7366688610928243,
    "dynamic_speed": null
}