{
    "target_eff_poses": [
        [
            [
                -0.39293789863586426,
                -0.5792363882064819,
                0.8058626055717468
            ],
            [
                -0.034173425287008286,
                0.17630553245544434,
                0.21318396925926208,
                0.9603651165962219
            ]
        ],
        [
            [
                -0.0372585728764534,
                -0.5194620490074158,
                0.34912237524986267
            ],
            [
                0.6685337424278259,
                -0.4066740572452545,
                -0.5179425477981567,
                -0.34556400775909424
            ]
        ]
    ],
    "start_goal_config": [
        null,
        null
    ],
    "start_config": [
        [
            -1.7163786888045758,
            -1.9396956411482966,
            1.7111009806826096,
            -1.408860405506734,
            -0.9162786325788347,
            -1.826485980598439e-05
        ],
        [
            -4.100698132113039,
            -2.0059576170255116,
            1.2120312674761418,
            -1.6265576633285668,
            -2.0405604061256875,
            3.3716967993504e-05
        ]
    ],
    "goal_config": [
        [
            -3.0208674596655256,
            -2.3250340501705993,
            1.133759515315428,
            -1.5891838631014668,
            -1.5438106158399192,
            -7.671058422200799e-07
        ],
        [
            -2.909981335093436,
            -2.2515706219100236,
            2.052603845502814,
            -1.1452525679886298,
            -1.6126519105613213,
            4.421732752892152e-06
        ]
    ],
    "base_poses": [
        [
            [
                -0.3565912872321965,
                -0.6862764177477682,
                0.0
            ],
            [
                0.0,
                0.0,
                0.9895658212480056,
                -0.1440815235127674
            ]
        ],
        [
            [
                0.13278878828286766,
                -0.6389002354541881,
                0.0
            ],
            [
                0.0,
                0.0,
                -0.6313068675134295,
                0.7755331321293638
            ]
        ]
    ],
    "difficulty": 0.5836546600206903,
    "dynamic_speed": null,
    "ur5_count": 2,
    "id": "006535",
    "task_path": "/home/huy/programming/projects/workspace-sharing-multiarm/src/data/8f14d7-hard-vlo-tasks/006535.json"
}