{
    "target_eff_poses": [
        [
            [
                -0.2578209936618805,
                -0.3721364438533783,
                0.7220907211303711
            ],
            [
                -0.1427694857120514,
                0.193134143948555,
                0.2413700520992279,
                0.9402428269386292
            ]
        ]
    ],
    "start_goal_config": [
        null
    ],
    "start_config": [
        [
            -2.962854289674025,
            -2.5929308375505085,
            1.070430190451002,
            -1.546717451146577,
            -1.6400324261967616,
            4.44984495504451e-06
        ]
    ],
    "goal_config": [
        [
            -3.014226496860783,
            -2.5526832835564894,
            1.3255989037826446,
            -1.4294062202839173,
            -1.956123481330838,
            2.4461524725631213e-05
        ]
    ],
    "base_poses": [
        [
            [
                -0.16655090798556849,
                -0.35547384961561357,
                0.0
            ],
            [
                0.0,
                0.0,
                0.9285653494077296,
                -0.3711689532804447
            ]
        ]
    ],
    "difficulty": 0.0,
    "dynamic_speed": null
}