{
    "target_eff_poses": [
        [
            [
                -0.32102280855178833,
                -0.5062613487243652,
                0.7218940854072571
            ],
            [
                -0.10993792116641998,
                0.11272116005420685,
                0.94468092918396,
                0.2877245843410492
            ]
        ],
        [
            [
                -0.551979124546051,
                0.39095309376716614,
                0.23129718005657196
            ],
            [
                0.7466904520988464,
                0.05440903082489967,
                -0.6307287812232971,
                -0.20414277911186218
            ]
        ],
        [
            [
                0.36261850595474243,
                -0.09063444286584854,
                0.5323007702827454
            ],
            [
                -0.3399049937725067,
                0.47802892327308655,
                -0.13494715094566345,
                0.7985876202583313
            ]
        ],
        [
            [
                -0.00662792706862092,
                -0.29581961035728455,
                0.5844751596450806
            ],
            [
                0.020323213189840317,
                0.5231178998947144,
                -0.4791037440299988,
                0.7045525312423706
            ]
        ]
    ],
    "start_goal_config": [
        null,
        null,
        null,
        null
    ],
    "start_config": [
        [
            -2.2522828650690334,
            -2.6046255468101487,
            2.097677729153579,
            -1.0019661679480931,
            -1.1043064347484062,
            -1.6310499158793033e-05
        ],
        [
            -3.491129429727595,
            -2.409761418587658,
            1.7161330948476656,
            -1.2808691480899697,
            -1.9004852898219773,
            2.4032649399510223e-05
        ],
        [
            -5.34309667943177,
            -1.0112222529967652,
            1.2202786298210153,
            -1.6891846977736766,
            -2.728944850077208,
            -9.360230482168203e-05
        ],
        [
            -2.9729917014425316,
            -2.5061929571195063,
            1.266580940718114,
            -1.4719307254752874,
            -1.389278206509707,
            -1.2298227793317522e-05
        ]
    ],
    "goal_config": [
        [
            -3.109573854748798,
            -2.674467025043661,
            1.2701515445409703,
            -1.4210464126458577,
            -1.0685323279252403,
            -5.16928925588948e-06
        ],
        [
            -4.5268882642810535,
            -1.1303651213474053,
            1.418031913353767,
            -1.7371487045513427,
            -1.9565548968601174,
            7.416947027560042e-06
        ],
        [
            -3.9058072132414337,
            -2.496019903630655,
            1.820599833066379,
            -1.212574294363275,
            -2.356304422691341,
            4.317412744855625e-07
        ],
        [
            -4.744527794523852,
            -1.5459974881017333,
            1.2188764291286627,
            -1.712517144792803,
            -2.1291636573958264,
            3.178675242593422e-05
        ]
    ],
    "base_poses": [
        [
            [
                -0.24965816315778822,
                -0.27038882129501063,
                0.0
            ],
            [
                0.0,
                0.0,
                -0.5335470993175216,
                0.8457703546529984
            ]
        ],
        [
            [
                0.0807645665154133,
                0.2979427161620323,
                0.0
            ],
            [
                -0.0,
                -0.0,
                0.5417434308881449,
                0.8405439043200192
            ]
        ],
        [
            [
                0.2933765030695681,
                -0.14326845456688253,
                0.0
            ],
            [
                0.0,
                0.0,
                -0.8211001069062397,
                0.5707842100466354
            ]
        ],
        [
            [
                -0.4458619775678745,
                -0.021587310393793024,
                0.0
            ],
            [
                0.0,
                0.0,
                0.8853848913655777,
                -0.4648586819040429
            ]
        ]
    ],
    "difficulty": 0.8836640647042227
}