{
    "target_eff_poses": [
        [
            [
                -0.6052871942520142,
                0.9660632014274597,
                0.6488029956817627
            ],
            [
                -0.2892248034477234,
                0.362647145986557,
                0.5810976624488831,
                0.6687014102935791
            ]
        ],
        [
            [
                -0.25137171149253845,
                -0.04161861166357994,
                0.11754818260669708
            ],
            [
                0.9128487706184387,
                -0.34025782346725464,
                -0.016241610050201416,
                -0.2250954806804657
            ]
        ],
        [
            [
                0.23475007712841034,
                0.14661642909049988,
                0.8247573971748352
            ],
            [
                0.057105179876089096,
                0.13476663827896118,
                -0.6070767641067505,
                0.7810472249984741
            ]
        ]
    ],
    "start_goal_config": [
        null,
        null,
        null
    ],
    "start_config": [
        [
            -5.245247914058494,
            -1.5890762523432362,
            1.5909381863657701,
            -1.475691741150399,
            -2.6756612500885257,
            2.767913070722662e-05
        ],
        [
            -3.1364809735281898,
            -2.9100391992456367,
            2.0492988465019772,
            -0.8714124706950721,
            -2.0544040313523326,
            6.949570659628683e-06
        ],
        [
            -2.5193998366005412,
            -2.1747930940573847,
            1.4111841775963458,
            -1.490206207892161,
            -1.2803829454312667,
            6.704820424689844e-07
        ]
    ],
    "goal_config": [
        [
            -2.9400364189972565,
            -2.0815937131513365,
            1.4176281459166011,
            -1.5129365172638132,
            -1.528617467668491,
            2.338682951357119e-06
        ],
        [
            -4.846583502541651,
            -1.5916134204285022,
            2.4151672071871757,
            -1.2788209246047608,
            -2.7127579720676844,
            1.7672490715425996e-05
        ],
        [
            -3.124323590293095,
            -2.319832075216763,
            1.0864092664138931,
            -1.6143757987065948,
            -1.830780867648224,
            1.9575256048673632e-05
        ]
    ],
    "base_poses": [
        [
            [
                -0.5383652021437857,
                0.6965545806335556,
                0.0
            ],
            [
                0.0,
                0.0,
                -0.8289595838513149,
                0.5593085090905152
            ]
        ],
        [
            [
                -0.33053807616566844,
                -0.27977144966801626,
                0.0
            ],
            [
                0.0,
                0.0,
                -0.07520381350494738,
                0.9971681836251661
            ]
        ],
        [
            [
                0.17443433802379749,
                0.0992995072499856,
                0.0
            ],
            [
                -0.0,
                -0.0,
                0.8580368756566474,
                0.5135880839869429
            ]
        ]
    ],
    "difficulty": 0.5835606131853663,
    "dynamic_speed": null,
    "ur5_count": 3,
    "id": "006516",
    "task_path": "/home/hqh2101/workspace-sharing-multiarm/src/data/8f14d7-hard-vlo-tasks/006516.json"
}