{
    "target_eff_poses": [
        [
            [
                0.23340243101119995,
                0.842197060585022,
                0.3542596101760864
            ],
            [
                -0.4154849946498871,
                0.6162545084953308,
                0.3311840295791626,
                0.5813086628913879
            ]
        ]
    ],
    "start_goal_config": [
        null
    ],
    "start_config": [
        [
            -2.7743941134160015,
            -0.9499996831885166,
            1.128054522345699,
            -1.9052561004690598,
            -1.411789270154224,
            -6.973473641553014e-06
        ]
    ],
    "goal_config": [
        [
            -3.3875174825768313,
            -1.6127845633137379,
            1.6655523652761768,
            -1.5185747773478662,
            -1.6461440441713702,
            1.002124877550534e-05
        ]
    ],
    "base_poses": [
        [
            [
                0.1208299259324569,
                0.3908794746781026,
                0.0
            ],
            [
                0.0,
                0.0,
                -0.7785150664940652,
                0.627625916642821
            ]
        ]
    ],
    "difficulty": 0.0
}