{
    "target_eff_poses": [
        [
            [
                0.522132158279419,
                0.22852537035942078,
                0.7443434000015259
            ],
            [
                -0.15716712176799774,
                0.31007397174835205,
                0.560719907283783,
                0.7514957189559937
            ]
        ],
        [
            [
                -1.2960336208343506,
                -1.0264374017715454,
                0.19384780526161194
            ],
            [
                0.7971354126930237,
                0.1240760013461113,
                -0.5887745022773743,
                0.05024842545390129
            ]
        ]
    ],
    "start_goal_config": [
        null,
        null
    ],
    "start_config": [
        [
            -3.4789331437663993,
            -2.6468538038027303,
            1.8522996080653356,
            -1.1394570379264117,
            -2.1501532249090705,
            1.60636912894721e-05
        ],
        [
            -3.876656738234815,
            -1.3337575299080058,
            2.025327116539572,
            -1.45185349143271,
            -1.804641251238148,
            2.2402669764136333e-05
        ]
    ],
    "goal_config": [
        [
            -2.729104803030076,
            -1.9988283817240646,
            1.2029636397385357,
            -1.6356392160476252,
            -1.3988943539178214,
            -4.64119485518648e-06
        ],
        [
            -3.476763851728014,
            -1.2301862078736412,
            1.605260813511676,
            -1.6394569727768475,
            -1.6400686737253882,
            1.0735704205531673e-05
        ]
    ],
    "base_poses": [
        [
            [
                0.5256405043953833,
                -0.05996969001914787,
                0.0
            ],
            [
                0.0,
                0.0,
                0.9397734410596174,
                -0.34179800976448954
            ]
        ],
        [
            [
                -0.7776554776937815,
                -0.7967261004685595,
                0.0
            ],
            [
                -0.0,
                -0.0,
                0.2834279028854605,
                0.9589935473536566
            ]
        ]
    ],
    "difficulty": 0.02097244427725007,
    "dynamic_speed": null
}