{
    "target_eff_poses": [
        [
            [
                0.5901936888694763,
                -0.1658773422241211,
                0.39634421467781067
            ],
            [
                0.31932803988456726,
                0.6276252269744873,
                -0.14723807573318481,
                0.6945769786834717
            ]
        ]
    ],
    "start_goal_config": [
        null
    ],
    "start_config": [
        [
            -1.1264999042302468,
            -0.9158072127872785,
            1.3573794183672356,
            -1.7343888023064324,
            -0.4980159944349939,
            4.7990428144401015e-05
        ]
    ],
    "goal_config": [
        [
            -2.2585803699420524,
            -1.596580222443504,
            1.578440673964742,
            -1.560884679960692,
            -1.3090336417499384,
            -1.255752298252247e-05
        ]
    ],
    "base_poses": [
        [
            [
                0.12949202645358793,
                0.02276343727590502,
                0.0
            ],
            [
                -0.0,
                -0.0,
                0.7100101838554861,
                0.7041914078015287
            ]
        ]
    ],
    "difficulty": 0.0,
    "dynamic_speed": null
}