{
    "target_eff_poses": [
        [
            [
                -0.7637291550636292,
                0.3047751188278198,
                0.4999704360961914
            ],
            [
                -0.10423853993415833,
                0.19254404306411743,
                0.18895690143108368,
                0.9572650790214539
            ]
        ]
    ],
    "start_goal_config": [
        null
    ],
    "start_config": [
        [
            -1.5862641360250747,
            -1.0405511604642437,
            1.601884962633174,
            -1.697401805263344,
            -0.9600236236123696,
            -2.7092943764290653e-05
        ]
    ],
    "goal_config": [
        [
            -2.78369340047136,
            -3.172805141545008,
            1.5419568605734704,
            -1.0692615893474873,
            -1.872147344119949,
            2.051462120006888e-05
        ]
    ],
    "base_poses": [
        [
            [
                -0.4909419963936184,
                0.43885500283926904,
                0.0
            ],
            [
                0.0,
                0.0,
                0.9861517700022053,
                -0.16584536930984073
            ]
        ]
    ],
    "difficulty": 0.0,
    "dynamic_speed": null
}