{
    "target_eff_poses": [
        [
            [
                -0.2964780628681183,
                -0.9023474454879761,
                0.7275698184967041
            ],
            [
                0.02068149670958519,
                -0.030063696205615997,
                0.32083404064178467,
                0.9464322328567505
            ]
        ],
        [
            [
                0.04981623589992523,
                0.48418930172920227,
                0.6155098080635071
            ],
            [
                -0.336836040019989,
                0.1426660716533661,
                0.7842982411384583,
                0.5010635256767273
            ]
        ],
        [
            [
                -0.14076611399650574,
                0.2754201591014862,
                0.6490797400474548
            ],
            [
                -0.10560568422079086,
                0.434325248003006,
                0.37908440828323364,
                0.810249388217926
            ]
        ]
    ],
    "start_goal_config": [
        null,
        null,
        null
    ],
    "start_config": [
        [
            -3.0342146389534586,
            -1.716754587152026,
            1.859903385397673,
            -1.4055642204881797,
            -1.5744285274864183,
            7.277301087663478e-06
        ],
        [
            -4.206127024379568,
            -1.2615566721412486,
            1.8707587059665165,
            -1.5331195692722912,
            -1.883709730976422,
            2.8137473255136792e-05
        ],
        [
            -1.353527603462069,
            -1.2306009001472864,
            1.3195652752635796,
            -1.7202326477930854,
            -0.7924846511600078,
            -2.6040245149616574e-05
        ]
    ],
    "goal_config": [
        [
            -2.779512152612652,
            -2.7872926670509157,
            1.059779316335458,
            -1.4870696211278265,
            -1.8462775307053763,
            1.978461092843825e-05
        ],
        [
            -2.990586000920852,
            -2.673016809619099,
            1.5570786433332977,
            -1.276662984972633,
            -1.7386670523700545,
            1.3576990310800239e-08
        ],
        [
            -2.572761081579473,
            -1.6476959259940385,
            1.1673506538475444,
            -1.7344726765825578,
            -1.3717051122995592,
            -5.518146503003875e-06
        ]
    ],
    "base_poses": [
        [
            [
                -0.03269645818164402,
                -0.6725613227660654,
                0.0
            ],
            [
                0.0,
                0.0,
                0.9600723054593666,
                -0.2797519763825391
            ]
        ],
        [
            [
                0.09441768290814012,
                0.5736936680599543,
                0.0
            ],
            [
                0.0,
                0.0,
                -0.5312526106391373,
                0.8472134699643894
            ]
        ],
        [
            [
                -0.4209591171724668,
                -0.12226700343632246,
                0.0
            ],
            [
                0.0,
                0.0,
                0.9985614586149836,
                -0.05361915113759633
            ]
        ]
    ],
    "difficulty": 0.6559766763848397,
    "dynamic_speed": null,
    "ur5_count": 3,
    "id": "006684",
    "task_path": "/home/huy/programming/projects/workspace-sharing-multiarm/src/data/8f14d7-hard-vlo-tasks/006684.json"
}