{
    "target_eff_poses": [
        [
            [
                0.46950188279151917,
                -0.020004218444228172,
                0.5734190940856934
            ],
            [
                -0.19613102078437805,
                0.3204728364944458,
                0.23302102088928223,
                0.8969565033912659
            ]
        ]
    ],
    "start_goal_config": [
        null
    ],
    "start_config": [
        [
            -2.5983611525461945,
            -3.1279230858618017,
            1.3260065785497892,
            -1.2105741628313058,
            -2.182530213261879,
            3.698713133027568e-05
        ]
    ],
    "goal_config": [
        [
            -2.9485363967309173,
            -2.803529594941374,
            1.6280457742745178,
            -1.1957390445083675,
            -1.8658498145023898,
            2.6307883077202594e-05
        ]
    ],
    "base_poses": [
        [
            [
                0.5866074028732067,
                -0.0013702902831198571,
                0.0
            ],
            [
                0.0,
                0.0,
                0.9537941466000668,
                -0.3004608558721924
            ]
        ]
    ],
    "difficulty": 0.0,
    "dynamic_speed": null
}