{
    "target_eff_poses": [
        [
            [
                0.3686826825141907,
                -0.03227844089269638,
                0.39110952615737915
            ],
            [
                -0.06338563561439514,
                0.7053474187850952,
                0.17056162655353546,
                0.6851102113723755
            ]
        ],
        [
            [
                -0.24928590655326843,
                -0.3941560387611389,
                0.2603687644004822
            ],
            [
                0.9236394762992859,
                0.10941803455352783,
                -0.019170144572854042,
                0.3668111562728882
            ]
        ],
        [
            [
                0.38162538409233093,
                0.31168729066848755,
                0.7862827181816101
            ],
            [
                -0.10088244080543518,
                -0.04631398618221283,
                0.9890920519828796,
                0.09682337194681168
            ]
        ],
        [
            [
                0.9294473528862,
                -0.582756757736206,
                0.202187180519104
            ],
            [
                0.34218326210975647,
                0.7949310541152954,
                0.1922096312046051,
                0.46265605092048645
            ]
        ]
    ],
    "start_goal_config": [
        null,
        null,
        null,
        null
    ],
    "start_config": [
        [
            -4.364421231012885,
            -2.3968998689498755,
            1.9847538359447072,
            -1.1625151806153973,
            -2.8872051301558814,
            2.6478758069045172e-05
        ],
        [
            -4.721050636915753,
            -1.1729596036051642,
            1.7193686799365475,
            -1.6151944117233736,
            -2.0858769052582615,
            2.417752206320019e-05
        ],
        [
            -4.621348838539204,
            -1.1380727800437545,
            1.5816554005093633,
            -1.6727231298920278,
            -2.014852944402046,
            2.6852145120771997e-05
        ],
        [
            -1.1216949811472148,
            -1.1285215330236154,
            1.2888502763845608,
            -1.6902168729846452,
            -0.4946615659829231,
            7.013948389177023e-05
        ]
    ],
    "goal_config": [
        [
            -2.579312316816188,
            -1.607160018003648,
            1.5919265696733005,
            -1.552496029124517,
            -1.4164256766007728,
            -4.997364855702667e-07
        ],
        [
            -1.509416803001665,
            -2.2251704347714454,
            2.4353795159379,
            -0.9624432726239935,
            -0.1701285812343498,
            -7.752137827694061e-17
        ],
        [
            -2.808640154295034,
            -2.5311091677947317,
            1.139829020845269,
            -1.527843883660541,
            -2.098754123876244,
            -2.316170994585788e-06
        ],
        [
            -1.40914125719234,
            -1.371178250277875,
            1.841829438190427,
            -1.520131265004383,
            -0.7705683418594472,
            -1.9302851697666148e-05
        ]
    ],
    "base_poses": [
        [
            [
                -0.03406846499977034,
                -0.3085352671756736,
                0.0
            ],
            [
                0.0,
                0.0,
                0.9934713146457349,
                0.11408219394837782
            ]
        ],
        [
            [
                -0.49744026374356365,
                -0.23657368862465555,
                0.0
            ],
            [
                -0.0,
                -0.0,
                0.002160417306401526,
                0.999997666295808
            ]
        ],
        [
            [
                0.22769033941928574,
                0.30467360203072635,
                0.0
            ],
            [
                0.0,
                0.0,
                -7.770475030052958e-05,
                0.9999999969809859
            ]
        ],
        [
            [
                0.4560472330790539,
                -0.779165768947279,
                0.0
            ],
            [
                -0.0,
                -0.0,
                0.6428380622572051,
                0.7660021055541569
            ]
        ]
    ],
    "difficulty": 0.9705882352941176,
    "dynamic_speed": null
}