{
    "target_eff_poses": [
        [
            [
                -0.040362272411584854,
                0.5171404480934143,
                0.34066277742385864
            ],
            [
                0.7463608384132385,
                0.29316848516464233,
                -0.500811755657196,
                -0.3258609473705292
            ]
        ],
        [
            [
                -0.046890389174222946,
                -0.4700786769390106,
                0.579974889755249
            ],
            [
                0.0004797648871317506,
                0.16442514955997467,
                0.5677096843719482,
                0.8066410422325134
            ]
        ],
        [
            [
                0.8081426620483398,
                0.4516129493713379,
                0.3004433214664459
            ],
            [
                0.017514949664473534,
                0.830501914024353,
                -0.21922510862350464,
                0.5117617249488831
            ]
        ]
    ],
    "start_goal_config": [
        null,
        null,
        null
    ],
    "start_config": [
        [
            -2.5511607838924766,
            -1.1403103313545746,
            1.5981473149639163,
            -1.666179901976205,
            -1.3848818366322013,
            -1.1165766750827044e-05
        ],
        [
            -4.504957662670128,
            -2.105477424315061,
            1.7801381287481466,
            -1.3399204666100024,
            -2.203768493252177,
            8.771745971332355e-06
        ],
        [
            -1.1378392966654576,
            -1.285362467864945,
            1.8191286068179782,
            -1.4846701797040998,
            -0.3618437037881858,
            -2.07229235097483e-05
        ]
    ],
    "goal_config": [
        [
            -4.075139104859497,
            -2.6155618660222544,
            2.257339819589653,
            -0.9225084805647629,
            -2.5219186106269453,
            1.3631940530974924e-05
        ],
        [
            -3.1837479709025738,
            -3.0386165476871545,
            1.432778297687988,
            -1.2054200347584638,
            -0.9546781545342755,
            2.8913381577069078e-05
        ],
        [
            -3.399395172140224,
            -2.489921241015557,
            2.229517489563599,
            -0.9205091249193512,
            -1.954434388442892,
            -4.0538592067623066e-08
        ]
    ],
    "base_poses": [
        [
            [
                0.02780665375329705,
                0.5065311042666845,
                0.0
            ],
            [
                -0.0,
                -0.0,
                0.3574132415842188,
                0.9339463446795329
            ]
        ],
        [
            [
                0.3090086512779715,
                -0.445996738599731,
                0.0
            ],
            [
                0.0,
                0.0,
                0.9472384096820771,
                -0.320529866350968
            ]
        ],
        [
            [
                0.7077056103483113,
                0.43074450632533945,
                0.0
            ],
            [
                0.0,
                0.0,
                0.9964737184076514,
                0.08390547373579825
            ]
        ]
    ],
    "difficulty": 0.3419499287604315
}