{
    "target_eff_poses": [
        [
            [
                -0.03986974433064461,
                0.5915690064430237,
                0.7675793766975403
            ],
            [
                -0.25549453496932983,
                0.16510626673698425,
                0.5375048518180847,
                0.7864801287651062
            ]
        ]
    ],
    "start_goal_config": [
        null
    ],
    "start_config": [
        [
            -3.702609602762999,
            -2.2894337290472926,
            1.7027370665975812,
            -1.3230576451434175,
            -1.9200661371182377,
            2.2001091951548333e-05
        ]
    ],
    "goal_config": [
        [
            -3.6992113679880867,
            -2.1491123946691046,
            1.217267790759061,
            -1.591539092493221,
            -1.9683957341289522,
            2.891386788247117e-05
        ]
    ],
    "base_poses": [
        [
            [
                0.022907835335969517,
                0.43899970053896986,
                0.0
            ],
            [
                0.0,
                0.0,
                -0.47385560525584197,
                0.8806025581200748
            ]
        ]
    ],
    "difficulty": 0.0,
    "dynamic_speed": null
}