{
    "target_eff_poses": [
        [
            [
                1.0566468238830566,
                0.8420432806015015,
                0.4490877091884613
            ],
            [
                -0.3028382360935211,
                0.5210309028625488,
                0.3055264949798584,
                0.7372037768363953
            ]
        ],
        [
            [
                -0.07345156371593475,
                0.17008523643016815,
                0.23783744871616364
            ],
            [
                0.6805379986763,
                0.5802096724510193,
                -0.21929053962230682,
                0.3900466859340668
            ]
        ],
        [
            [
                0.15655915439128876,
                -0.4082871675491333,
                0.3150341212749481
            ],
            [
                0.2884977459907532,
                0.7283329367637634,
                -0.3028956353664398,
                0.5427286624908447
            ]
        ],
        [
            [
                0.3726826012134552,
                0.21631716191768646,
                0.37381628155708313
            ],
            [
                0.2244189828634262,
                0.7269837856292725,
                -0.13333167135715485,
                0.6351010203361511
            ]
        ]
    ],
    "start_goal_config": [
        null,
        null,
        null,
        null
    ],
    "start_config": [
        [
            -3.9677571187324223,
            -2.1942508749496565,
            2.1266716749887373,
            -1.134583837076899,
            -2.0202100634236486,
            1.4823736825329636e-05
        ],
        [
            -4.317508884434813,
            -1.687199265077189,
            1.3644377984171598,
            -1.6304248083611432,
            -1.937754044947296,
            3.5027843283976606e-05
        ],
        [
            -3.010283450245279,
            -2.297042790727418,
            1.1168059191469746,
            -1.6051078008827833,
            -1.5174063619540972,
            -2.4345699096020845e-06
        ],
        [
            -2.781927653055315,
            -2.8851763422794448,
            1.5532595009959056,
            -1.209151904689561,
            -2.165343277647209,
            -6.554494895187039e-06
        ]
    ],
    "goal_config": [
        [
            -3.7490725626637627,
            -1.3819979937301243,
            1.2785486166164304,
            -1.7445110510634934,
            -1.7044105151919084,
            1.165279839893796e-05
        ],
        [
            -2.1543089909878073,
            -2.109609507333935,
            2.26760919016598,
            -1.0858566703443355,
            -1.2181610014849469,
            -1.9604412555854102e-17
        ],
        [
            -2.8214711011458915,
            -2.7252074152387418,
            2.187200513063053,
            -0.8033828786464676,
            -1.702689491637812,
            -3.951180270310453e-08
        ],
        [
            -2.631724561567697,
            -2.1268414380541296,
            1.9566449265727357,
            -1.2421986689014468,
            -1.4783116202129023,
            -5.844419203959687e-06
        ]
    ],
    "base_poses": [
        [
            [
                0.7681986070674933,
                0.3122359448607348,
                0.0
            ],
            [
                0.0,
                0.0,
                -0.7224594937382502,
                0.6914132482874993
            ]
        ],
        [
            [
                -0.2577231446643792,
                0.3090922995585248,
                0.0
            ],
            [
                -0.0,
                -0.0,
                0.37895144357734095,
                0.925416556697928
            ]
        ],
        [
            [
                0.07828235080858315,
                -0.4579656080953555,
                0.0
            ],
            [
                -0.0,
                -0.0,
                0.8235511071155098,
                0.567242077043671
            ]
        ],
        [
            [
                0.1081479920221119,
                0.22448380047843464,
                0.0
            ],
            [
                0.0,
                0.0,
                0.8736645054414921,
                0.48652886032759957
            ]
        ]
    ],
    "difficulty": 0.9731966519326625,
    "dynamic_speed": null
}