{
    "target_eff_poses": [
        [
            [
                0.0883784145116806,
                -0.7763091921806335,
                0.3337315320968628
            ],
            [
                0.316032737493515,
                0.6969329714775085,
                -0.4907256066799164,
                0.4166486859321594
            ]
        ]
    ],
    "start_goal_config": [
        null
    ],
    "start_config": [
        [
            -3.0701987802993482,
            -2.4971829890641972,
            1.537152365856252,
            -1.3415020726524305,
            -1.6988977884822491,
            8.452583069506344e-06
        ]
    ],
    "goal_config": [
        [
            -3.268187293630751,
            -2.7314552135578336,
            2.1751393998115494,
            -0.8424550944631881,
            -2.011925567595464,
            -1.5044732182641394e-05
        ]
    ],
    "base_poses": [
        [
            [
                0.03227058851168696,
                -0.7751966453632056,
                0.0
            ],
            [
                -0.0,
                -0.0,
                0.8348135336274074,
                0.5505328001786284
            ]
        ]
    ],
    "difficulty": 0.0,
    "dynamic_speed": null
}