{
    "target_eff_poses": [
        [
            [
                0.25386011600494385,
                -0.34879785776138306,
                0.26909488439559937
            ],
            [
                0.8162096738815308,
                -0.29597172141075134,
                -0.3575931191444397,
                -0.3439907729625702
            ]
        ]
    ],
    "start_goal_config": [
        null
    ],
    "start_config": [
        [
            -4.761282476115216,
            -1.9165672279032195,
            1.3524466299304179,
            -1.5591278472725432,
            -2.413350306427801,
            3.5149719664879866e-05
        ]
    ],
    "goal_config": [
        [
            -3.2816954598019006,
            -2.5741139753833417,
            2.3113265741638154,
            -0.7756223955859582,
            -1.9889444260516225,
            -1.1703958816790637e-05
        ]
    ],
    "base_poses": [
        [
            [
                0.32281349974294704,
                -0.3613086612202363,
                0.0
            ],
            [
                0.0,
                0.0,
                -0.4678851438197439,
                0.8837892804242297
            ]
        ]
    ],
    "difficulty": 0.0,
    "dynamic_speed": null,
    "ur5_count": 1,
    "id": "006874",
    "task_path": "/home/hqh2101/workspace-sharing-multiarm/src/data/8f14d7-hard-vlo-tasks/006874.json"
}