{
    "target_eff_poses": [
        [
            [
                -1.2457036972045898,
                1.0046257972717285,
                0.1729942262172699
            ],
            [
                0.6949015259742737,
                -0.3849683403968811,
                -0.5893672704696655,
                -0.14682450890541077
            ]
        ],
        [
            [
                0.2346656173467636,
                0.4261305332183838,
                0.6325969696044922
            ],
            [
                -0.3086886703968048,
                0.4031529426574707,
                0.021419299766421318,
                0.861231803894043
            ]
        ]
    ],
    "start_goal_config": [
        null,
        null
    ],
    "start_config": [
        [
            -2.7315626909432864,
            -2.856803767383778,
            2.135977758335142,
            -0.7702624540839842,
            -1.6382635580603369,
            -6.520233795512688e-07
        ],
        [
            -2.9878878762467114,
            -2.561981488372251,
            1.282977144902401,
            -1.4474998512184651,
            -1.6672543908419017,
            6.069476741141296e-06
        ]
    ],
    "goal_config": [
        [
            -2.320328656203908,
            -1.1180255331049003,
            1.5169099184153398,
            -1.7043973767335117,
            -1.3090517964902693,
            -1.5408805740826367e-05
        ],
        [
            -4.7153428278408,
            -1.7721078003353548,
            1.3148589431557833,
            -1.6191572320558267,
            -2.199410053230524,
            3.188268080914914e-05
        ]
    ],
    "base_poses": [
        [
            [
                -0.705142243166913,
                0.69613439625182,
                0.0
            ],
            [
                0.0,
                0.0,
                -0.7072964388746533,
                0.7069170726154758
            ]
        ],
        [
            [
                -0.056803808259723865,
                0.14921313386743518,
                0.0
            ],
            [
                0.0,
                0.0,
                -0.4302244965937016,
                0.9027219297938297
            ]
        ]
    ],
    "difficulty": 0.3167497413712029,
    "dynamic_speed": null
}