{
    "target_eff_poses": [
        [
            [
                0.3107069730758667,
                -0.279196560382843,
                0.5824860334396362
            ],
            [
                -0.17922718822956085,
                -0.4951516091823578,
                0.8072848320007324,
                -0.26644638180732727
            ]
        ],
        [
            [
                -0.20020970702171326,
                0.7663957476615906,
                0.669647216796875
            ],
            [
                -0.4534045457839966,
                0.11544429510831833,
                0.5845350027084351,
                0.6628844141960144
            ]
        ],
        [
            [
                0.08764034509658813,
                -0.6805242896080017,
                0.7207945585250854
            ],
            [
                -0.13056306540966034,
                0.18834219872951508,
                0.5595454573631287,
                0.7964856624603271
            ]
        ]
    ],
    "start_goal_config": [
        null,
        null,
        null
    ],
    "start_config": [
        [
            -2.483117760475117,
            -1.962113558062898,
            1.2475493409367966,
            -1.6212354078396762,
            -1.297062796196267,
            -1.1661172536217803e-05
        ],
        [
            -3.292643854883984,
            -1.505397629710077,
            2.330012847578608,
            -1.2822539338229955,
            -1.699538160634384,
            1.4545420970040635e-05
        ],
        [
            -3.691067090654818,
            -2.024620019137084,
            1.1893524922726644,
            -1.6365971040564993,
            -1.8400168260578127,
            2.005800000395723e-05
        ]
    ],
    "goal_config": [
        [
            -3.7763751442587496,
            -2.5272098898194524,
            1.7391539015864217,
            -1.244348004978784,
            -2.475511506795207,
            2.371579985910048e-05
        ],
        [
            -4.516209023472621,
            -1.9254868434388417,
            1.337618497861088,
            -1.5799455113087553,
            -2.169620050066358,
            3.176703796209901e-05
        ],
        [
            -2.987070846174042,
            -2.561184671048376,
            1.3141566688371156,
            -1.4321108538354597,
            -1.5645450576288327,
            -2.056516694797544e-07
        ]
    ],
    "base_poses": [
        [
            [
                0.3051922957814812,
                -0.22915378570410894,
                0.0
            ],
            [
                0.0,
                0.0,
                0.8859545584134153,
                0.4637720565390827
            ]
        ],
        [
            [
                -0.02355983216366775,
                0.5002169759158146,
                0.0
            ],
            [
                -0.0,
                -0.0,
                0.13815862026377887,
                0.9904101148750496
            ]
        ],
        [
            [
                0.21570500145942995,
                -0.6508416069613466,
                0.0
            ],
            [
                0.0,
                0.0,
                -0.8617804516331607,
                0.507281433903258
            ]
        ]
    ],
    "difficulty": 0.8516881406940656,
    "dynamic_speed": null
}