{
    "target_eff_poses": [
        [
            [
                0.06952441483736038,
                0.3838275372982025,
                0.5774862170219421
            ],
            [
                -0.33843082189559937,
                0.3506848216056824,
                0.4247627258300781,
                0.7629294991493225
            ]
        ]
    ],
    "start_goal_config": [
        null
    ],
    "start_config": [
        [
            -3.1350469227772435,
            -3.0353504562089126,
            1.347431896314686,
            -1.244720652605813,
            -1.246106612822404,
            -1.877676958040933e-05
        ]
    ],
    "goal_config": [
        [
            -4.150562704942435,
            -1.4400637914670682,
            1.1178732591912444,
            -1.8012783748443602,
            -1.8304146121919909,
            2.157984973673852e-05
        ]
    ],
    "base_poses": [
        [
            [
                -0.02493336432324944,
                -0.1873824363014831,
                0.0
            ],
            [
                0.0,
                0.0,
                -0.41549236145232754,
                0.9095966675262
            ]
        ]
    ],
    "difficulty": 0.0,
    "dynamic_speed": null
}