{
    "target_eff_poses": [
        [
            [
                -0.21014732122421265,
                0.26540419459342957,
                0.23645028471946716
            ],
            [
                0.859392523765564,
                0.10033943504095078,
                -0.4999922215938568,
                0.037206053733825684
            ]
        ]
    ],
    "start_goal_config": [
        null
    ],
    "start_config": [
        [
            -3.2095044901448224,
            -2.6312824328887636,
            1.6723273702722818,
            -1.2343494872172933,
            -1.9661940185717457,
            2.7817346554122233e-05
        ]
    ],
    "goal_config": [
        [
            -3.1257813950233095,
            -1.7059880967777714,
            2.0010780053655335,
            -1.3454617744015107,
            -1.6127438619733612,
            1.1196032294369418e-05
        ]
    ],
    "base_poses": [
        [
            [
                0.09969165521778223,
                0.4307685386594369,
                0.0
            ],
            [
                -0.0,
                -0.0,
                0.08724294209866239,
                0.9961870652914389
            ]
        ]
    ],
    "difficulty": 0.0,
    "dynamic_speed": null,
    "ur5_count": 1,
    "id": "006895",
    "task_path": "/home/hqh2101/workspace-sharing-multiarm/src/data/8f14d7-hard-vlo-tasks/006895.json"
}