{
    "target_eff_poses": [
        [
            [
                0.5307086110115051,
                0.5452547073364258,
                0.28516119718551636
            ],
            [
                0.604439377784729,
                -0.5884745121002197,
                -0.49174419045448303,
                -0.2157277911901474
            ]
        ]
    ],
    "start_goal_config": [
        null
    ],
    "start_config": [
        [
            -4.863682003323324,
            -2.010213645868815,
            1.732513650505532,
            -1.3721714738852513,
            -2.4789905489677424,
            2.5073078765593276e-05
        ]
    ],
    "goal_config": [
        [
            -2.2400281968117928,
            -2.5118546544583924,
            2.2644489162386447,
            -0.886303813518895,
            -1.2122013876489215,
            -1.004951228796586e-05
        ]
    ],
    "base_poses": [
        [
            [
                0.7008405374815003,
                0.5375909343159542,
                0.0
            ],
            [
                0.0,
                0.0,
                -0.8641724952086189,
                0.5031956861151629
            ]
        ]
    ],
    "difficulty": 0.0,
    "dynamic_speed": null,
    "ur5_count": 1,
    "id": "006925",
    "task_path": "/home/hqh2101/workspace-sharing-multiarm/src/data/8f14d7-hard-vlo-tasks/006925.json"
}