{
    "target_eff_poses": [
        [
            [
                -0.4804057478904724,
                0.22345088422298431,
                0.36165520548820496
            ],
            [
                -0.14322443306446075,
                0.7256453037261963,
                0.45824119448661804,
                0.4928901791572571
            ]
        ],
        [
            [
                -0.36276084184646606,
                -0.5242372751235962,
                0.5891999006271362
            ],
            [
                -0.4058294892311096,
                0.1665113866329193,
                0.5645896196365356,
                0.6991530060768127
            ]
        ],
        [
            [
                0.07735764980316162,
                -0.5549866557121277,
                0.21350876986980438
            ],
            [
                0.8946313858032227,
                -0.23551489412784576,
                -0.21063478291034698,
                -0.31591203808784485
            ]
        ],
        [
            [
                -0.5841715931892395,
                0.06139276176691055,
                0.6830551624298096
            ],
            [
                0.16045531630516052,
                0.3175264298915863,
                -0.6345245242118835,
                0.6861557364463806
            ]
        ]
    ],
    "start_goal_config": [
        null,
        null,
        null,
        null
    ],
    "start_config": [
        [
            -3.433712360292286,
            -1.8149110989290187,
            1.1406121104332,
            -1.7109928095577112,
            -1.6597147529528893,
            1.3016321554795132e-05
        ],
        [
            -5.243617157793122,
            -1.754134529578941,
            2.0169564866798346,
            -1.2725052482538906,
            -2.828668365764105,
            1.4457800215088154e-05
        ],
        [
            -1.800562027848979,
            -2.0971283050345986,
            2.16771187427167,
            -1.1700176494828234,
            -0.9324120476432084,
            -9.462649065928268e-09
        ],
        [
            -4.238168994719304,
            -1.743572173318001,
            2.3744544036354314,
            -1.19033849534412,
            -2.1455269750764043,
            1.0039221754685923e-09
        ]
    ],
    "goal_config": [
        [
            -1.6532217056570457,
            -1.5262719634942754,
            1.6107926955814906,
            -1.5610170017324307,
            -1.0166837857042816,
            -2.1118894551872515e-05
        ],
        [
            -3.2379376829551214,
            -2.6418042180690495,
            1.651567668684832,
            -1.2431271459050972,
            -2.072937927507628,
            2.4120838132788673e-05
        ],
        [
            -4.40657074644719,
            -2.0189910061620284,
            2.3378791112177457,
            -1.0978101215920086,
            -2.2961086227816514,
            1.279901264029308e-05
        ],
        [
            -3.233064368486139,
            -2.4360535261895837,
            1.4328934194126564,
            -1.4109662415194668,
            -1.8492204013305438,
            2.0261942682197815e-06
        ]
    ],
    "base_poses": [
        [
            [
                -0.6261989164120965,
                -0.2804318512054709,
                0.0
            ],
            [
                0.0,
                0.0,
                0.9631638563894179,
                0.26891520177383926
            ]
        ],
        [
            [
                -0.32188524968227483,
                -0.4983175276198994,
                0.0
            ],
            [
                0.0,
                0.0,
                -0.5582126457862749,
                0.8296979221887245
            ]
        ],
        [
            [
                0.15927668393313943,
                -0.7230634730259189,
                0.0
            ],
            [
                -0.0,
                -0.0,
                0.012421321990678568,
                0.9999228524041262
            ]
        ],
        [
            [
                -0.668209476626095,
                0.07666506063369938,
                0.0
            ],
            [
                -0.0,
                -0.0,
                0.8465237269151733,
                0.5323509930202486
            ]
        ]
    ],
    "difficulty": 0.949755822689707,
    "dynamic_speed": null,
    "ur5_count": 4,
    "id": "006931",
    "task_path": "/home/hqh2101/workspace-sharing-multiarm/src/data/8f14d7-hard-vlo-tasks/006931.json"
}