{
    "target_eff_poses": [
        [
            [
                -0.7750546932220459,
                -0.14208315312862396,
                0.3187043070793152
            ],
            [
                0.64467453956604,
                -0.24249666929244995,
                -0.5885247588157654,
                -0.42335420846939087
            ]
        ],
        [
            [
                0.02576860599219799,
                0.2133476585149765,
                0.7765067219734192
            ],
            [
                0.023673858493566513,
                0.17863740026950836,
                0.37085193395614624,
                0.9110417366027832
            ]
        ],
        [
            [
                -1.1718053817749023,
                -0.8147779703140259,
                0.2489262968301773
            ],
            [
                0.7810680270195007,
                -0.33499956130981445,
                -0.4943560063838959,
                0.18253816664218903
            ]
        ]
    ],
    "start_goal_config": [
        null,
        null,
        null
    ],
    "start_config": [
        [
            -2.978989457689143,
            -2.678539355266989,
            1.8600121383769115,
            -1.1105013021630945,
            -1.7113357598299441,
            -9.401909144230025e-07
        ],
        [
            -2.9856616618480354,
            -2.9476236216531038,
            2.1195989049868067,
            -0.7351039518586913,
            -1.9433766742347849,
            6.07173700214627e-06
        ],
        [
            -4.754499733527804,
            -2.196476267967934,
            2.161115047984938,
            -1.1381721718699231,
            -2.6220760511108905,
            2.1946735732731174e-05
        ]
    ],
    "goal_config": [
        [
            -4.20411415298039,
            -1.221423434004511,
            1.3474037598809263,
            -1.7479714016411323,
            -1.8346096175661168,
            2.4504195354281218e-05
        ],
        [
            -2.9565433174644697,
            -2.469016987640146,
            1.2036226784130226,
            -1.513840737337106,
            -1.0525462163475823,
            3.874728471945897e-05
        ],
        [
            -1.4566922527070452,
            -1.5120321405777397,
            1.8713421940202637,
            -1.469403852253004,
            -0.8119086377911217,
            1.0720485481350319e-05
        ]
    ],
    "base_poses": [
        [
            [
                -0.36016292920229387,
                -0.6294002491167645,
                0.0
            ],
            [
                -0.0,
                -0.0,
                0.039574466357456796,
                0.999216623967257
            ]
        ],
        [
            [
                0.14245115558689725,
                0.06441109374266019,
                0.0
            ],
            [
                0.0,
                0.0,
                0.9993898623920011,
                -0.03492710907156414
            ]
        ],
        [
            [
                -0.7271613364171732,
                -0.6388049136767464,
                0.0
            ],
            [
                0.0,
                0.0,
                -0.7631493933149647,
                0.6462221007385939
            ]
        ]
    ],
    "difficulty": 0.840093896713615,
    "dynamic_speed": null
}