{
    "target_eff_poses": [
        [
            [
                0.23449824750423431,
                -0.4528444707393646,
                0.4765412509441376
            ],
            [
                0.34638074040412903,
                0.530698835849762,
                -0.278751015663147,
                0.7215794920921326
            ]
        ]
    ],
    "start_goal_config": [
        null
    ],
    "start_config": [
        [
            -4.603309603166427,
            -2.0104590830156566,
            1.812920450526329,
            -1.3509248031329526,
            -2.191609181287205,
            3.241450509929936e-05
        ]
    ],
    "goal_config": [
        [
            -2.4343842466870442,
            -1.6582006193226813,
            1.478651523669036,
            -1.5892952037893724,
            -1.36117942501873,
            -6.124521538780627e-06
        ]
    ],
    "base_poses": [
        [
            [
                -0.14866466244307264,
                -0.15366004899633978,
                0.0
            ],
            [
                -0.0,
                -0.0,
                0.6770411440670207,
                0.7359451672783917
            ]
        ]
    ],
    "difficulty": 0.0,
    "dynamic_speed": null
}