{
    "target_eff_poses": [
        [
            [
                -0.2569279968738556,
                -0.5459694266319275,
                0.3288510739803314
            ],
            [
                -0.1726568043231964,
                0.7323786020278931,
                -0.07982384413480759,
                0.6537883877754211
            ]
        ]
    ],
    "start_goal_config": [
        null
    ],
    "start_config": [
        [
            -1.2326013145187673,
            -1.1101993384014062,
            1.2477544593454675,
            -1.7511461967043345,
            -0.668169568691706,
            4.9143758815041015e-05
        ]
    ],
    "goal_config": [
        [
            -4.352753099727482,
            -1.49312242029225,
            1.6224457306871698,
            -1.567337899721412,
            -1.9238055219226906,
            3.700036056436579e-05
        ]
    ],
    "base_poses": [
        [
            [
                -0.7464725739515802,
                -0.6646653281460765,
                0.0
            ],
            [
                0.0,
                0.0,
                -0.7896172167433377,
                0.6135997482255879
            ]
        ]
    ],
    "difficulty": 0.0,
    "dynamic_speed": null
}