{
    "target_eff_poses": [
        [
            [
                -0.5853940844535828,
                0.8035874366760254,
                0.6828550100326538
            ],
            [
                -0.20137372612953186,
                0.3096841275691986,
                0.3135002851486206,
                0.8747925162315369
            ]
        ],
        [
            [
                -1.174600601196289,
                0.06198934093117714,
                0.1451290398836136
            ],
            [
                0.7431230545043945,
                0.3590214252471924,
                -0.5628601908683777,
                0.04539002105593681
            ]
        ],
        [
            [
                -0.16853705048561096,
                -0.5228077173233032,
                0.3443765342235565
            ],
            [
                -0.47225329279899597,
                0.5801449418067932,
                0.19594573974609375,
                0.6340456604957581
            ]
        ],
        [
            [
                0.29448434710502625,
                -0.13737423717975616,
                0.5816702246665955
            ],
            [
                0.20816871523857117,
                0.4514981806278229,
                -0.47264066338539124,
                0.7276166677474976
            ]
        ]
    ],
    "start_goal_config": [
        null,
        null,
        null,
        null
    ],
    "start_config": [
        [
            -4.3782047907830455,
            -1.8808351173200857,
            2.055180509311497,
            -1.2811960099752921,
            -2.0589011178254424,
            1.844458142504412e-08
        ],
        [
            -3.9327356686455386,
            -2.1855233380094083,
            1.258922826749336,
            -1.5494123594864369,
            -2.5816068646788515,
            3.2553359728770235e-05
        ],
        [
            -3.5684518868403643,
            -2.291292117661791,
            1.8054123646520739,
            -1.2708412155606008,
            -1.8532496461266776,
            2.2301296562922462e-05
        ],
        [
            -2.388120422446428,
            -1.528192509270537,
            1.6662031905883152,
            -1.5412846929465776,
            -1.3580940418945562,
            -8.474148807225328e-06
        ]
    ],
    "goal_config": [
        [
            -3.248334827090698,
            -2.3885907243691653,
            1.4296080993787248,
            -1.4258847570627857,
            -1.8032414238579617,
            3.1379125647169036e-06
        ],
        [
            -4.453887901473908,
            -1.1188545913325103,
            1.5929738375580031,
            -1.6742179073384162,
            -1.940376581240346,
            2.4948923937351197e-05
        ],
        [
            -3.2011715236349727,
            -2.7282154147697955,
            2.1466634421262327,
            -0.8697756991163326,
            -1.9543011156713164,
            4.789024744928549e-06
        ],
        [
            -3.14181846323587,
            -2.4331435412854394,
            1.6413889627687202,
            -1.3091507347555442,
            -1.714864809557767,
            1.4206504807787805e-05
        ]
    ],
    "base_poses": [
        [
            [
                -0.566021268294739,
                0.6982114430026078,
                0.0
            ],
            [
                0.0,
                0.0,
                0.8709288674634053,
                -0.49140910433050616
            ]
        ],
        [
            [
                -0.706757905771545,
                0.408554387639972,
                0.0
            ],
            [
                -0.0,
                -0.0,
                0.7964623945518544,
                0.6046880634382708
            ]
        ],
        [
            [
                -0.12826395034296245,
                -0.5714852816141515,
                0.0
            ],
            [
                0.0,
                0.0,
                0.8671853072981176,
                -0.4979855849382281
            ]
        ],
        [
            [
                0.16483071549700345,
                -0.10142975900883333,
                0.0
            ],
            [
                0.0,
                0.0,
                0.8756944167371111,
                0.48286570441008836
            ]
        ]
    ],
    "difficulty": 0.8132518796992482,
    "dynamic_speed": null
}