{
    "target_eff_poses": [
        [
            [
                -0.5400766134262085,
                -0.0630369484424591,
                0.48199933767318726
            ],
            [
                -0.4479706883430481,
                0.20198076963424683,
                0.6852222681045532,
                0.5375841856002808
            ]
        ],
        [
            [
                0.3896092176437378,
                0.772590696811676,
                0.19353313744068146
            ],
            [
                -0.11563298851251602,
                0.8846070170402527,
                0.15210627019405365,
                0.4253975450992584
            ]
        ],
        [
            [
                0.23532827198505402,
                0.526888906955719,
                0.6552945971488953
            ],
            [
                -0.2989617884159088,
                0.3212703764438629,
                0.2589137554168701,
                0.8604480624198914
            ]
        ]
    ],
    "start_goal_config": [
        null,
        null,
        null
    ],
    "start_config": [
        [
            -1.8200407050351965,
            -2.2414801323921765,
            2.437242769714341,
            -0.938106618196207,
            -0.6898419648544107,
            -1.040189055763374e-05
        ],
        [
            -1.3060663752557555,
            -1.4552246061767082,
            1.2888273867740194,
            -1.6430160298867713,
            -0.6034021735695706,
            5.76582065303923e-05
        ],
        [
            -2.5239667161831827,
            -2.639192340246474,
            1.1524918172504046,
            -1.4923796660237956,
            -2.5419587147402773,
            3.4809497764924404e-05
        ]
    ],
    "goal_config": [
        [
            -2.9429537316147543,
            -2.88024128894809,
            1.8205194376138318,
            -1.0544742094199993,
            -1.8124613294921676,
            1.2492385512138417e-05
        ],
        [
            -2.361491636690384,
            -1.6224557349187387,
            2.047171855105246,
            -1.3622208973654166,
            -1.3573799695473414,
            -4.566058264322577e-09
        ],
        [
            -4.543632638953862,
            -1.5641233664333114,
            1.1018057155130976,
            -1.7706137614709898,
            -2.0279770156563934,
            3.264399533806035e-05
        ]
    ],
    "base_poses": [
        [
            [
                -0.5045039223882091,
                0.03731810862737428,
                0.0
            ],
            [
                0.0,
                0.0,
                -0.600180215863734,
                0.7998648063802792
            ]
        ],
        [
            [
                0.15237047893470523,
                0.4975005721732504,
                0.0
            ],
            [
                0.0,
                0.0,
                0.988262999624348,
                0.15276204886517436
            ]
        ],
        [
            [
                0.027532975416878713,
                0.06887837900865657,
                0.0
            ],
            [
                0.0,
                0.0,
                -0.3418562381624932,
                0.9397522611994018
            ]
        ]
    ],
    "difficulty": 0.8397441926079188,
    "dynamic_speed": null
}