{
    "target_eff_poses": [
        [
            [
                -0.165483295917511,
                -0.6490043997764587,
                0.6123316287994385
            ],
            [
                -0.4052651822566986,
                -0.19236057996749878,
                0.8922412991523743,
                -0.05160457268357277
            ]
        ],
        [
            [
                -0.018132109194993973,
                0.724327564239502,
                0.3959308862686157
            ],
            [
                0.04528500512242317,
                0.6643429398536682,
                -0.15851783752441406,
                0.7290197610855103
            ]
        ]
    ],
    "start_goal_config": [
        null,
        null
    ],
    "start_config": [
        [
            -2.7002773855745987,
            -0.9061139410353307,
            1.1447488058251183,
            -1.9066537458052573,
            -1.3907240033945723,
            -9.760901944545006e-06
        ],
        [
            -3.201766121800893,
            -2.675169297594448,
            1.7617977960319184,
            -1.1725020938093986,
            -1.9566479198962377,
            2.1911077068211256e-05
        ]
    ],
    "goal_config": [
        [
            -3.364508133536766,
            -2.4920295013729485,
            1.596538246611246,
            -1.3156943911820675,
            -1.95620461778642,
            2.2436852404933635e-05
        ],
        [
            -3.7585308355998754,
            -1.4222962124488512,
            1.4133095007299368,
            -1.675244227736163,
            -1.7168455073232065,
            1.699803472226613e-05
        ]
    ],
    "base_poses": [
        [
            [
                -0.14651094127977904,
                -0.5698932105384273,
                0.0
            ],
            [
                -0.0,
                -0.0,
                0.3540889731786852,
                0.9352117402349397
            ]
        ],
        [
            [
                -0.5846795896063354,
                0.7946145890916021,
                0.0
            ],
            [
                0.0,
                0.0,
                0.9860222871759311,
                -0.16661347242148725
            ]
        ]
    ],
    "difficulty": 0.03554970375246873,
    "dynamic_speed": null
}