{
    "target_eff_poses": [
        [
            [
                0.5077523589134216,
                0.30924510955810547,
                0.4466498792171478
            ],
            [
                -0.545458197593689,
                1.4292257901615812e-06,
                0.7402486801147461,
                0.3930742144584656
            ]
        ],
        [
            [
                -0.3036603629589081,
                -0.9497535228729248,
                0.32709237933158875
            ],
            [
                0.81578129529953,
                -0.0024369382299482822,
                -0.49560120701789856,
                0.29811808466911316
            ]
        ],
        [
            [
                -0.03444613516330719,
                0.7685836553573608,
                0.6723492741584778
            ],
            [
                -0.2524074614048004,
                0.3699752986431122,
                0.21837575733661652,
                0.8670183420181274
            ]
        ],
        [
            [
                -0.8501337766647339,
                0.6991606950759888,
                0.4215487241744995
            ],
            [
                -0.5976352095603943,
                0.35358133912086487,
                0.51027911901474,
                0.5073733925819397
            ]
        ]
    ],
    "start_goal_config": [
        null,
        null,
        null,
        null
    ],
    "start_config": [
        [
            -3.8991713819145697,
            -1.544519522497616,
            2.0707249628613216,
            -1.3699462140529126,
            -1.8345452029201024,
            1.9805300367010375e-05
        ],
        [
            -4.38160024493323,
            -1.3736825076339405,
            1.0884104985281362,
            -1.8245979975106008,
            -1.9068343653843922,
            2.3144086932510284e-05
        ],
        [
            -1.3348073768273812,
            -1.8825002738816419,
            2.311577824734519,
            -1.1233993720755056,
            -0.1552177692107826,
            -1.7618023729775638e-05
        ],
        [
            -2.0927478843563296,
            -1.1634634862333983,
            1.5852030319800718,
            -1.668159646814452,
            -1.2333237179383838,
            -1.406481290247876e-05
        ]
    ],
    "goal_config": [
        [
            -3.063804905940642,
            -2.922038813930757,
            1.9148501778737823,
            -0.9805246857265881,
            -2.05894097522006,
            1.5974120936138897e-05
        ],
        [
            -1.941102141142904,
            -2.231644364438261,
            2.132903856650548,
            -1.1346759585620247,
            -1.0262700863248462,
            -1.1026123943765369e-05
        ],
        [
            -4.0498200824007435,
            -1.9409630054675526,
            1.320583457478044,
            -1.5924287339345042,
            -1.922778490965013,
            3.070401691513475e-05
        ],
        [
            -3.974553232494227,
            -1.696614911260004,
            1.6115894218429765,
            -1.5213954896594692,
            -1.8190949901361426,
            2.6526970937788485e-05
        ]
    ],
    "base_poses": [
        [
            [
                0.46657532384565203,
                0.38566220542489815,
                0.0
            ],
            [
                0.0,
                0.0,
                -0.2791974069342839,
                0.9602337256945165
            ]
        ],
        [
            [
                -0.23795402585680614,
                -0.7049049426612227,
                0.0
            ],
            [
                0.0,
                0.0,
                -0.32496300636366277,
                0.9457267282334205
            ]
        ],
        [
            [
                -0.19479560080857827,
                0.49073570206151107,
                0.0
            ],
            [
                0.0,
                0.0,
                -0.6395760305086117,
                0.7687278459889738
            ]
        ],
        [
            [
                -0.6656928161394866,
                0.2959942217919844,
                0.0
            ],
            [
                0.0,
                0.0,
                -0.23954879987740707,
                0.9708843249724933
            ]
        ]
    ],
    "difficulty": 0.8649689907912047,
    "dynamic_speed": null
}