{
    "target_eff_poses": [
        [
            [
                -1.0782219171524048,
                0.27784594893455505,
                0.41864213347435
            ],
            [
                0.7097654938697815,
                -0.0987599641084671,
                -0.6878228783607483,
                -0.1156681701540947
            ]
        ]
    ],
    "start_goal_config": [
        null
    ],
    "start_config": [
        [
            -2.9722092954815076,
            -2.5731421029072115,
            1.285211207935298,
            -1.4554078020555155,
            -2.8134463539897636,
            -4.82709620947619e-05
        ]
    ],
    "goal_config": [
        [
            -3.030004953462642,
            -2.0333120991450713,
            1.8237604593477155,
            -1.3341986001844108,
            -1.599146222507824,
            9.552518271698513e-06
        ]
    ],
    "base_poses": [
        [
            [
                -0.7745783761641486,
                0.2928635975249436,
                0.0
            ],
            [
                0.0,
                0.0,
                -0.20671951351592913,
                0.9784002466944383
            ]
        ]
    ],
    "difficulty": 0.0,
    "dynamic_speed": null,
    "ur5_count": 1,
    "id": "007026",
    "task_path": "/home/hqh2101/workspace-sharing-multiarm/src/data/8f14d7-hard-vlo-tasks/007026.json"
}