{
    "target_eff_poses": [
        [
            [
                -0.9293355345726013,
                0.3273616135120392,
                0.40297263860702515
            ],
            [
                -0.6575867533683777,
                -0.29476532340049744,
                0.688640296459198,
                -0.08042165637016296
            ]
        ],
        [
            [
                0.32843849062919617,
                0.8225245475769043,
                0.3582817614078522
            ],
            [
                -0.3848111629486084,
                0.6806592345237732,
                -0.05477564409375191,
                0.6209855079650879
            ]
        ]
    ],
    "start_goal_config": [
        null,
        null
    ],
    "start_config": [
        [
            -4.768928008273195,
            -1.6968373206783487,
            1.9106970051025194,
            -1.398236024928056,
            -2.184823930141358,
            2.4905784873211775e-05
        ],
        [
            -4.533879683488422,
            -1.9080990018926411,
            1.1552992752604394,
            -1.6622207385906387,
            -2.2994820945177783,
            4.017015240240068e-05
        ]
    ],
    "goal_config": [
        [
            -4.110761706288734,
            -1.7504591084349421,
            1.69124785493913,
            -1.4729513696230434,
            -1.8759389543190095,
            2.9717097461586853e-05
        ],
        [
            -4.72910567151038,
            -1.7930316225897125,
            1.8438468552205343,
            -1.396954503513172,
            -2.1733223558200074,
            3.2711028857490364e-05
        ]
    ],
    "base_poses": [
        [
            [
                -0.6170321043145075,
                0.5951937692138838,
                0.0
            ],
            [
                -0.0,
                -0.0,
                0.6841423031895372,
                0.7293485510964668
            ]
        ],
        [
            [
                0.009482080581592278,
                0.6385869689972166,
                0.0
            ],
            [
                0.0,
                0.0,
                -0.534351148872738,
                0.8452625921560618
            ]
        ]
    ],
    "difficulty": 0.4758769867393962,
    "dynamic_speed": null
}