{
    "target_eff_poses": [
        [
            [
                0.37785428762435913,
                -0.46823689341545105,
                0.09767279028892517
            ],
            [
                0.32546794414520264,
                0.9030939340591431,
                -0.1292806714773178,
                0.2485528141260147
            ]
        ],
        [
            [
                0.6812424659729004,
                0.3835807740688324,
                0.38630378246307373
            ],
            [
                0.6939542293548584,
                0.10700400918722153,
                -0.5735470652580261,
                0.42192596197128296
            ]
        ],
        [
            [
                0.7398623824119568,
                -0.3786306083202362,
                0.16538535058498383
            ],
            [
                -0.018447471782565117,
                0.9187657237052917,
                -0.35976701974868774,
                0.1615455001592636
            ]
        ]
    ],
    "start_goal_config": [
        null,
        null,
        null
    ],
    "start_config": [
        [
            -3.2028033789079853,
            -2.3552031056051526,
            1.1820753638678918,
            -1.556029525893674,
            -1.9627309733391747,
            3.0044451788005928e-05
        ],
        [
            -4.7614538610554975,
            -1.6182375556871107,
            1.3550698026412826,
            -1.637199514023353,
            -2.1496223601459863,
            3.726638817376169e-05
        ],
        [
            -3.1212980970366457,
            -2.4480794143874767,
            1.7197360565226674,
            -1.2653132794594173,
            -1.7087431958667172,
            -4.8986828327973664e-08
        ]
    ],
    "goal_config": [
        [
            -3.3700494224844495,
            -1.4982399555420252,
            2.2444227346716126,
            -1.3141131560751922,
            -1.7045181368446434,
            -5.419222676487174e-09
        ],
        [
            -2.3099910113056743,
            -2.6828757340941984,
            2.0786171285427386,
            -0.9804875818833686,
            -1.0895366880325135,
            -1.1965632300565669e-05
        ],
        [
            -5.282705776675702,
            -1.3035045639139855,
            1.9351315989868145,
            -1.442369087611057,
            -2.7396124941148767,
            2.8651341562010304e-05
        ]
    ],
    "base_poses": [
        [
            [
                0.1332861198273605,
                -0.3385989356922494,
                0.0
            ],
            [
                0.0,
                0.0,
                0.9557683449920277,
                0.29412050372457926
            ]
        ],
        [
            [
                0.5880954448239921,
                0.5299955007873158,
                0.0
            ],
            [
                0.0,
                0.0,
                -0.022184786056837463,
                0.9997538873480875
            ]
        ],
        [
            [
                0.5515002748172722,
                0.043777880174069694,
                0.0
            ],
            [
                0.0,
                0.0,
                0.8745803365244053,
                -0.4848806399154931
            ]
        ]
    ],
    "difficulty": 0.8739772406658516,
    "dynamic_speed": null,
    "ur5_count": 3,
    "id": "007034",
    "task_path": "/home/hqh2101/workspace-sharing-multiarm/src/data/8f14d7-hard-vlo-tasks/007034.json"
}