{
    "target_eff_poses": [
        [
            [
                -0.7641235589981079,
                -0.16674384474754333,
                0.13667459785938263
            ],
            [
                0.7050066590309143,
                0.6179925799369812,
                -0.3404882252216339,
                -0.07154402136802673
            ]
        ]
    ],
    "start_goal_config": [
        null
    ],
    "start_config": [
        [
            -4.934778055241113,
            -1.4583715675449447,
            1.864087383255425,
            -1.4809672216617407,
            -2.261828147239895,
            3.189271929412486e-05
        ]
    ],
    "goal_config": [
        [
            -5.0466349035932305,
            -1.4325485163981069,
            2.1261738020413645,
            -1.4043180986594643,
            -2.4976124295113085,
            2.1966946238921632e-05
        ]
    ],
    "base_poses": [
        [
            [
                -0.45052670561955743,
                0.01570768784014187,
                0.0
            ],
            [
                0.0,
                0.0,
                0.9352051219760531,
                0.3541064526802012
            ]
        ]
    ],
    "difficulty": 0.0,
    "dynamic_speed": null,
    "ur5_count": 1,
    "id": "007029",
    "task_path": "/home/huy/programming/projects/workspace-sharing-multiarm/src/data/8f14d7-hard-vlo-tasks/007029.json"
}