{
    "target_eff_poses": [
        [
            [
                -0.9248418807983398,
                -0.374385803937912,
                0.11232554912567139
            ],
            [
                0.7708169221878052,
                -0.010798291303217411,
                -0.6150147318840027,
                0.16577555239200592
            ]
        ]
    ],
    "start_goal_config": [
        null
    ],
    "start_config": [
        [
            -3.0172334358523027,
            -2.311904906648694,
            1.2931998896978039,
            -1.5128965634129163,
            -1.5694973701277295,
            1.4023274598823876e-06
        ]
    ],
    "goal_config": [
        [
            -2.3336275791160026,
            -0.8977888282386759,
            1.3418780137435231,
            -1.8251931675288038,
            -1.2935019494663218,
            -1.747485852493461e-05
        ]
    ],
    "base_poses": [
        [
            [
                -0.2933275288243061,
                -0.06427404808255344,
                0.0
            ],
            [
                0.0,
                0.0,
                -0.27573095345390153,
                0.961234852316229
            ]
        ]
    ],
    "difficulty": 0.0
}