{
    "target_eff_poses": [
        [
            [
                0.7678694128990173,
                0.5804548859596252,
                0.6152722239494324
            ],
            [
                0.13093777000904083,
                0.3248681426048279,
                -0.6674872636795044,
                0.6570972204208374
            ]
        ],
        [
            [
                -0.8318642973899841,
                0.25035321712493896,
                0.3455503284931183
            ],
            [
                0.7250136733055115,
                0.22047172486782074,
                -0.6284202337265015,
                0.1756000518798828
            ]
        ]
    ],
    "start_goal_config": [
        null,
        null
    ],
    "start_config": [
        [
            -3.0345615905465633,
            -2.3933282905927946,
            1.413726243863997,
            -1.4316873337175806,
            -1.6172239250053366,
            4.003701632468442e-06
        ],
        [
            -3.958442544340612,
            -1.6865609649940074,
            1.2378474505024453,
            -1.6921648704796646,
            -1.8075117963886778,
            2.1462587502460356e-05
        ]
    ],
    "goal_config": [
        [
            -2.994802594607804,
            -2.7235745566232685,
            1.558635364377879,
            -1.2609371025170821,
            -1.9809374753242106,
            3.0001181028026448e-05
        ],
        [
            -3.1633812357595126,
            -1.6559675021854048,
            1.7184346382201952,
            -1.4842055317842984,
            -1.5935222133456155,
            7.99236916064649e-06
        ]
    ],
    "base_poses": [
        [
            [
                0.7462679449189475,
                0.48321284875041726,
                0.0
            ],
            [
                -0.0,
                -0.0,
                0.7890340013576151,
                0.6143495297480017
            ]
        ],
        [
            [
                -0.526725400816608,
                0.5709001498941404,
                0.0
            ],
            [
                -0.0,
                -0.0,
                0.2904936270482703,
                0.9568769265920986
            ]
        ]
    ],
    "difficulty": 0.05007123956849176
}