{
    "target_eff_poses": [
        [
            [
                -0.2575837969779968,
                0.5555071830749512,
                0.5132882595062256
            ],
            [
                -0.3908911645412445,
                -0.34186604619026184,
                0.8435187935829163,
                -0.1371414214372635
            ]
        ],
        [
            [
                0.08062484115362167,
                -0.3931025564670563,
                0.5238949060440063
            ],
            [
                0.25358808040618896,
                0.369529664516449,
                -0.7170573472976685,
                0.5338255763053894
            ]
        ]
    ],
    "start_goal_config": [
        null,
        null
    ],
    "start_config": [
        [
            -2.153192477393802,
            -2.2644962779335556,
            1.5795513662908267,
            -1.3815847040466347,
            -0.8360316449809954,
            -2.2202731557076085e-05
        ],
        [
            -4.922169837116601,
            -1.9511684363343424,
            2.00516279100623,
            -1.2810295120523947,
            -2.4477572241718857,
            2.2442542661868335e-05
        ]
    ],
    "goal_config": [
        [
            -3.2630155824528178,
            -2.743467743356398,
            1.816689681597871,
            -1.1227459029945548,
            -2.1282281985663127,
            2.6758425647922267e-05
        ],
        [
            -2.985373792276482,
            -2.8333704972911415,
            1.7435581073422057,
            -1.1223304601034867,
            -1.9002227876059297,
            2.2945161531986407e-05
        ]
    ],
    "base_poses": [
        [
            [
                -0.30235100518205305,
                0.5647350373420679,
                0.0
            ],
            [
                -0.0,
                -0.0,
                0.4799578039322355,
                0.8772915743608539
            ]
        ],
        [
            [
                0.016433510447436128,
                -0.46969364973574684,
                0.0
            ],
            [
                -0.0,
                -0.0,
                0.6643022320695235,
                0.747464075703608
            ]
        ]
    ],
    "difficulty": 0.17660873649600753,
    "dynamic_speed": null
}