{
    "target_eff_poses": [
        [
            [
                -0.0880882516503334,
                0.3997807204723358,
                0.7841968536376953
            ],
            [
                -0.2269449234008789,
                -0.1793525069952011,
                0.9433915019035339,
                -0.16229979693889618
            ]
        ],
        [
            [
                -0.23504485189914703,
                -0.29354292154312134,
                0.18842066824436188
            ],
            [
                0.7022579908370972,
                0.4833075702190399,
                -0.14102238416671753,
                0.5033489465713501
            ]
        ],
        [
            [
                -0.6917389035224915,
                -1.1351088285446167,
                0.2525346279144287
            ],
            [
                0.7152320146560669,
                0.07205639779567719,
                -0.35861843824386597,
                0.5955198407173157
            ]
        ]
    ],
    "start_goal_config": [
        null,
        null,
        null
    ],
    "start_config": [
        [
            -4.426159385457248,
            -1.5693057383417421,
            1.105700349287506,
            -1.7720838904269232,
            -1.9697334361915895,
            2.62197901497408e-05
        ],
        [
            -4.3018403670337175,
            -2.423592941157301,
            2.200178308017569,
            -1.0362230495443687,
            -2.4430545638379693,
            2.7782211122297682e-08
        ],
        [
            -3.7707305099221946,
            -2.1890554835265132,
            1.1829128919116787,
            -1.5939402373674871,
            -2.273207929814466,
            3.1034191137477415e-05
        ]
    ],
    "goal_config": [
        [
            -3.846249619607938,
            -2.1171047580760693,
            1.1790202180547762,
            -1.6165832596137042,
            -2.0692632801804063,
            3.462246230549835e-05
        ],
        [
            -1.490655640269411,
            -1.2958578785893666,
            1.7664512275082656,
            -1.5706943429451496,
            -0.8759410916733126,
            -1.752600548876839e-06
        ],
        [
            -1.2040973781012518,
            -0.9494100793111534,
            1.2102566448142973,
            -1.7981041763271965,
            -0.6424388195195744,
            -4.228438001984606e-05
        ]
    ],
    "base_poses": [
        [
            [
                -0.01708454282111571,
                0.5492242113391386,
                0.0
            ],
            [
                -0.0,
                -0.0,
                0.6975248155564668,
                0.7165606266624737
            ]
        ],
        [
            [
                -0.5802266384566279,
                0.12111741716240076,
                0.0
            ],
            [
                -0.0,
                -0.0,
                0.12441119267667618,
                0.992230746921686
            ]
        ],
        [
            [
                -0.5774512241200326,
                -0.39451186456439147,
                0.0
            ],
            [
                0.0,
                0.0,
                -0.39325965613392844,
                0.9194274538306023
            ]
        ]
    ],
    "difficulty": 0.8105975197294251,
    "dynamic_speed": null
}