{
    "target_eff_poses": [
        [
            [
                -0.31242188811302185,
                0.09879371523857117,
                0.7619706392288208
            ],
            [
                -0.0622994564473629,
                0.19838020205497742,
                0.5467014908790588,
                0.8110989928245544
            ]
        ],
        [
            [
                0.385170042514801,
                0.36712151765823364,
                0.22874054312705994
            ],
            [
                0.9031462669372559,
                0.0505046509206295,
                -0.35303303599357605,
                0.23904769122600555
            ]
        ],
        [
            [
                0.9400205612182617,
                0.4887540936470032,
                0.22427211701869965
            ],
            [
                -0.3106168508529663,
                0.7889829277992249,
                0.2776390612125397,
                0.45159679651260376
            ]
        ]
    ],
    "start_goal_config": [
        null,
        null,
        null
    ],
    "start_config": [
        [
            -3.388275422605989,
            -2.396825706184652,
            1.5440629232491083,
            -1.3684508963547497,
            -1.8750620533392506,
            2.546477804068164e-05
        ],
        [
            -3.2299143251881133,
            -2.308995896362113,
            1.1854343972634513,
            -1.5671278397382995,
            -1.841152987120263,
            2.1156155352708178e-05
        ],
        [
            -4.550405488990828,
            -2.112083183510632,
            1.8415715137945434,
            -1.3108603226489042,
            -2.2374884085878683,
            2.6335248755381004e-05
        ]
    ],
    "goal_config": [
        [
            -2.942524288699416,
            -2.458040079836698,
            1.2360590657093247,
            -1.5006837710560401,
            -1.2819653684072156,
            -1.832045499364763e-05
        ],
        [
            -1.940890221113149,
            -2.059529183238158,
            2.289428623877594,
            -1.1108115780796222,
            -1.0314506636696426,
            -3.1269805222807105e-07
        ],
        [
            -2.4770334013881468,
            -1.518427889029323,
            1.8637893823468228,
            -1.4628342193752841,
            -1.3946303109362148,
            -5.9265571645208585e-06
        ]
    ],
    "base_poses": [
        [
            [
                -0.17127154550070267,
                0.04132024145494617,
                0.0
            ],
            [
                0.0,
                0.0,
                0.9396712367257574,
                -0.3420788898343271
            ]
        ],
        [
            [
                0.42523824904204033,
                0.6188045365239443,
                0.0
            ],
            [
                0.0,
                0.0,
                -0.27136968912564363,
                0.9624751902380921
            ]
        ],
        [
            [
                0.7929210348355933,
                0.07344566233952943,
                0.0
            ],
            [
                0.0,
                0.0,
                0.9914501540145584,
                -0.1304859843221045
            ]
        ]
    ],
    "difficulty": 0.6057556663218283,
    "dynamic_speed": null,
    "ur5_count": 3,
    "id": "007138",
    "task_path": "/home/hqh2101/workspace-sharing-multiarm/src/data/8f14d7-hard-vlo-tasks/007138.json"
}