{
    "target_eff_poses": [
        [
            [
                0.7364062070846558,
                -0.8651819825172424,
                0.51784747838974
            ],
            [
                -0.060865722596645355,
                0.635982096195221,
                -0.5172708034515381,
                0.5694323182106018
            ]
        ]
    ],
    "start_goal_config": [
        null
    ],
    "start_config": [
        [
            -2.056056208823063,
            -1.5757557957471595,
            1.1491751017136693,
            -1.7512004049052583,
            -1.1731415250745796,
            -2.0523463986175002e-05
        ]
    ],
    "goal_config": [
        [
            -4.325169551666087,
            -2.3201788398440715,
            1.8257496849469839,
            -1.261044651614871,
            -2.4036467686590504,
            2.0127298395343698e-05
        ]
    ],
    "base_poses": [
        [
            [
                0.5965963169738664,
                -0.7768436983266332,
                0.0
            ],
            [
                0.0,
                0.0,
                0.9635614358530499,
                -0.2674871199456317
            ]
        ]
    ],
    "difficulty": 0.0
}