{
    "target_eff_poses": [
        [
            [
                0.17284508049488068,
                0.49897003173828125,
                0.20936045050621033
            ],
            [
                -0.02070252224802971,
                0.9574449062347412,
                0.28516924381256104,
                0.03935818374156952
            ]
        ]
    ],
    "start_goal_config": [
        null
    ],
    "start_config": [
        [
            -2.295663156124356,
            -1.2787371082547578,
            1.2007169173617223,
            -1.7990362740251844,
            -1.2897508552867656,
            -1.496410453666784e-05
        ]
    ],
    "goal_config": [
        [
            -1.4477857528486606,
            -1.9444858723216982,
            2.4361297898698093,
            -1.0756332266672397,
            -0.15877448329134108,
            -1.9762451739682802e-05
        ]
    ],
    "base_poses": [
        [
            [
                0.38275981860592156,
                0.24741199094399802,
                0.0
            ],
            [
                0.0,
                0.0,
                0.9928953257536116,
                0.11899105889363948
            ]
        ]
    ],
    "difficulty": 0.0,
    "dynamic_speed": null,
    "ur5_count": 1,
    "id": "007121",
    "task_path": "/home/huy/programming/projects/workspace-sharing-multiarm/src/data/8f14d7-hard-vlo-tasks/007121.json"
}