{
    "target_eff_poses": [
        [
            [
                -0.03057188354432583,
                0.8286917209625244,
                0.796022355556488
            ],
            [
                -0.09792502224445343,
                0.25757351517677307,
                0.10664568096399307,
                0.9553498029708862
            ]
        ],
        [
            [
                0.9828312993049622,
                0.35509613156318665,
                0.14437076449394226
            ],
            [
                0.20092982053756714,
                0.6800785064697266,
                -0.1592511534690857,
                0.6868475079536438
            ]
        ],
        [
            [
                -0.4999759793281555,
                0.15295594930648804,
                0.21990878880023956
            ],
            [
                0.8380993604660034,
                -0.32646214962005615,
                -0.42982611060142517,
                -0.07912901043891907
            ]
        ]
    ],
    "start_goal_config": [
        null,
        null,
        null
    ],
    "start_config": [
        [
            -1.5494426733738877,
            -1.9913008941794514,
            2.1251686448940683,
            -1.2249636114960332,
            -0.6531215108065613,
            -1.9122365729013112e-05
        ],
        [
            -4.500546003926927,
            -1.9467561478362758,
            1.3176033654657033,
            -1.5837087831024608,
            -2.1929192317946806,
            3.6075521611588445e-05
        ],
        [
            -1.5620270853791134,
            -1.7071103559825542,
            1.4657064708528313,
            -1.5581375930148247,
            -0.8425824096235247,
            -2.7367453467069898e-05
        ]
    ],
    "goal_config": [
        [
            -3.6443446872021243,
            -1.9977302561580341,
            1.101126356798548,
            -1.6866375812035133,
            -1.822965042415232,
            2.0613152079597336e-05
        ],
        [
            -3.158351263171999,
            -0.8408334503551562,
            1.181845854401777,
            -1.9060481086795606,
            -1.5113507862320352,
            -1.9233512850069362e-06
        ],
        [
            -2.4046079447580535,
            -1.9211704474322255,
            2.2042462525626396,
            -1.1877045916536502,
            -1.381410965964519,
            -3.531912137413534e-06
        ]
    ],
    "base_poses": [
        [
            [
                -0.19637132760335485,
                0.6572846523548364,
                0.0
            ],
            [
                0.0,
                0.0,
                0.8829754150224659,
                -0.4694192331657322
            ]
        ],
        [
            [
                0.2752129478110237,
                0.6213712405040075,
                0.0
            ],
            [
                0.0,
                0.0,
                0.9691157347679364,
                0.2466063515508118
            ]
        ],
        [
            [
                -0.23724832730527,
                0.14768286966180832,
                0.0
            ],
            [
                0.0,
                0.0,
                -0.6013946592172387,
                0.7989521036113375
            ]
        ]
    ],
    "difficulty": 0.7955421800056428,
    "dynamic_speed": null,
    "ur5_count": 3,
    "id": "007241",
    "task_path": "/home/hqh2101/workspace-sharing-multiarm/src/data/8f14d7-hard-vlo-tasks/007241.json"
}