{
    "target_eff_poses": [
        [
            [
                0.5921851992607117,
                -0.15118128061294556,
                0.5168359279632568
            ],
            [
                -0.38498765230178833,
                0.14528785645961761,
                0.6027362942695618,
                0.6836556196212769
            ]
        ]
    ],
    "start_goal_config": [
        null
    ],
    "start_config": [
        [
            -2.12595978969525,
            -1.2293822250319664,
            1.7890544956561962,
            -1.5777540554244591,
            -1.2480836635779977,
            -1.617455847164195e-05
        ]
    ],
    "goal_config": [
        [
            -2.905975505930778,
            -2.940873945403749,
            1.7344074812222574,
            -1.0869392125596666,
            -2.0581734750055976,
            2.087563898773996e-05
        ]
    ],
    "base_poses": [
        [
            [
                0.59141524258207,
                -0.012754791919830977,
                0.0
            ],
            [
                0.0,
                0.0,
                -0.66113861369099,
                0.7502637759393398
            ]
        ]
    ],
    "difficulty": 0.0,
    "dynamic_speed": null
}