{
    "target_eff_poses": [
        [
            [
                0.7753400206565857,
                0.27503493428230286,
                0.6886018514633179
            ],
            [
                0.013265100307762623,
                0.37555065751075745,
                0.3304067552089691,
                0.8658043146133423
            ]
        ],
        [
            [
                0.07666286081075668,
                -0.34951019287109375,
                0.07100380212068558
            ],
            [
                -0.015618487261235714,
                0.9720742702484131,
                -0.00498065073043108,
                0.2341000884771347
            ]
        ]
    ],
    "start_goal_config": [
        null,
        null
    ],
    "start_config": [
        [
            -4.7609668098942075,
            -2.1474424414846123,
            2.505658475854894,
            -0.9080700772635236,
            -3.004784398193426,
            1.4842762824857698e-05
        ],
        [
            -2.56419782470093,
            -1.6831332774626648,
            1.1102557491353242,
            -1.753434140716094,
            -1.3579058220016724,
            -5.727379108380711e-06
        ]
    ],
    "goal_config": [
        [
            -2.611884772289917,
            -2.3624070668268713,
            1.424506967706844,
            -1.4331936960630414,
            -1.170903542817377,
            -2.731137337542356e-05
        ],
        [
            -3.0815646322081904,
            -1.4335644187536258,
            2.2876400063243154,
            -1.3267684543236962,
            -1.6081149657794818,
            1.0350699397011782e-05
        ]
    ],
    "base_poses": [
        [
            [
                0.7498929743701188,
                0.0975125434937798,
                0.0
            ],
            [
                0.0,
                0.0,
                0.9949796592738981,
                0.1000773582345068
            ]
        ],
        [
            [
                -0.16711909918786927,
                -0.45254749993835514,
                0.0
            ],
            [
                0.0,
                0.0,
                0.9994684697045755,
                0.03260027709075547
            ]
        ]
    ],
    "difficulty": 0.18442584407034704,
    "dynamic_speed": null
}