{
    "target_eff_poses": [
        [
            [
                0.6664511561393738,
                -0.6075371503829956,
                0.5449106097221375
            ],
            [
                0.16296198964118958,
                -0.04512028768658638,
                0.9657845497131348,
                0.196641206741333
            ]
        ]
    ],
    "start_goal_config": [
        null
    ],
    "start_config": [
        [
            -3.564016516344618,
            -2.497772770238469,
            2.320208316105277,
            -0.8378431144098971,
            -2.099490161606032,
            8.816425700758273e-06
        ]
    ],
    "goal_config": [
        [
            -2.9909714788348007,
            -3.15559738219831,
            1.010108055816614,
            -1.3359233953620708,
            -1.5015391916413763,
            3.441472866599218e-06
        ]
    ],
    "base_poses": [
        [
            [
                0.23221360375122835,
                -0.2538413503678554,
                0.0
            ],
            [
                0.0,
                0.0,
                -0.3058218739914239,
                0.9520887465926554
            ]
        ]
    ],
    "difficulty": 0.0
}