{
    "target_eff_poses": [
        [
            [
                0.7929365634918213,
                -0.251518189907074,
                0.5010040402412415
            ],
            [
                0.5621740818023682,
                0.28820231556892395,
                -0.4569776654243469,
                0.6261557340621948
            ]
        ],
        [
            [
                -0.06515238434076309,
                0.6202525496482849,
                0.4127979278564453
            ],
            [
                0.6576959490776062,
                -0.29779180884361267,
                -0.6238484978675842,
                -0.2992810904979706
            ]
        ],
        [
            [
                0.19440433382987976,
                0.6746906042098999,
                0.8167922496795654
            ],
            [
                0.10059355944395065,
                0.20729607343673706,
                -0.5003553628921509,
                0.8345980048179626
            ]
        ],
        [
            [
                -0.5929884314537048,
                0.39800751209259033,
                0.11353173851966858
            ],
            [
                -0.458121120929718,
                0.7353262901306152,
                0.43564140796661377,
                0.2442064881324768
            ]
        ]
    ],
    "start_goal_config": [
        null,
        null,
        null,
        null
    ],
    "start_config": [
        [
            -3.1733276984515095,
            -2.8288683102331076,
            1.9346758588185207,
            -1.0103470161565815,
            -2.042637228838364,
            1.6745122147571683e-05
        ],
        [
            -1.989956121492934,
            -2.0679034226249557,
            1.4445522667153363,
            -1.4899348230433425,
            -0.8604016946682329,
            -2.516400716088099e-05
        ],
        [
            -1.8676670537385933,
            -2.023189500478467,
            2.353471482142755,
            -1.0989660697170387,
            -0.9062470701966081,
            -1.3059033135992778e-05
        ],
        [
            -3.1938639654177674,
            -2.3934022869757743,
            1.247025434855529,
            -1.5135570220493149,
            -1.934171751751383,
            2.867220684765664e-05
        ]
    ],
    "goal_config": [
        [
            -2.1613247504981876,
            -2.2854044577621035,
            1.7929979398445428,
            -1.2815766563025075,
            -1.1041757071611977,
            -1.6103932449588057e-05
        ],
        [
            -3.0207682790950883,
            -2.0052669836555026,
            1.8206725172253428,
            -1.3437012892756044,
            -1.5929360793204381,
            1.5695380513852975e-07
        ],
        [
            -3.242342900991319,
            -2.077821753346191,
            1.0801616824731708,
            -1.6789239128596487,
            -1.6590869041772938,
            8.600661968076709e-06
        ],
        [
            -1.7615805903839759,
            -1.14299952196188,
            1.7271216979885078,
            -1.6299688920984126,
            -1.0681040891110347,
            -2.209413224402996e-05
        ]
    ],
    "base_poses": [
        [
            [
                0.6559685141062805,
                -0.044326508314367685,
                0.0
            ],
            [
                -0.0,
                -0.0,
                0.21519287402938977,
                0.9765715677649904
            ]
        ],
        [
            [
                0.20638156907287764,
                0.46207188878433625,
                0.0
            ],
            [
                0.0,
                0.0,
                -0.4764791359909386,
                0.8791857784139417
            ]
        ],
        [
            [
                0.022618291890378783,
                0.7589505649374642,
                0.0
            ],
            [
                0.0,
                0.0,
                0.9023769749678127,
                0.43094755486942915
            ]
        ],
        [
            [
                -0.39697307702059775,
                -0.12183493952358648,
                0.0
            ],
            [
                0.0,
                0.0,
                0.9929862499577673,
                -0.11822989213735437
            ]
        ]
    ],
    "difficulty": 0.9643562494122073,
    "dynamic_speed": null,
    "ur5_count": 4,
    "id": "007338",
    "task_path": "/home/hqh2101/workspace-sharing-multiarm/src/data/8f14d7-hard-vlo-tasks/007338.json"
}