{
    "target_eff_poses": [
        [
            [
                -0.3535224199295044,
                0.0651395320892334,
                0.6730033755302429
            ],
            [
                0.2140689194202423,
                0.38237717747688293,
                -0.6921020746231079,
                0.5735477209091187
            ]
        ],
        [
            [
                0.9676877856254578,
                -0.9298905730247498,
                0.24417340755462646
            ],
            [
                0.19196835160255432,
                0.7624579668045044,
                -0.247678741812706,
                0.566092848777771
            ]
        ],
        [
            [
                -0.880636990070343,
                -0.009049911051988602,
                0.20072878897190094
            ],
            [
                0.5227398872375488,
                0.7881064414978027,
                -0.3247922658920288,
                0.011884226463735104
            ]
        ],
        [
            [
                -0.7988711595535278,
                -0.6722135543823242,
                0.3758734464645386
            ],
            [
                -0.6593937873840332,
                0.14611509442329407,
                0.7336222529411316,
                0.07515759766101837
            ]
        ]
    ],
    "start_goal_config": [
        null,
        null,
        null,
        null
    ],
    "start_config": [
        [
            -3.743187201104983,
            -1.6136223959081182,
            1.6836809627179052,
            -1.510789700747846,
            -1.7448396016520884,
            2.1213188819483498e-05
        ],
        [
            -3.5733918348061255,
            -2.1669277220590497,
            1.0816411888387703,
            -1.6530971258996592,
            -2.079985120723529,
            3.331152062491373e-05
        ],
        [
            -1.9112612765310364,
            -2.142244308505374,
            2.4434552715122284,
            -0.9759847091655621,
            -0.8342698955663164,
            -1.1466079000138693e-05
        ],
        [
            -3.0266033899453375,
            -2.7943759798855736,
            1.7088930613753774,
            -1.1581375558777258,
            -1.9731443120158352,
            2.5641908102232653e-05
        ]
    ],
    "goal_config": [
        [
            -3.8530939107438886,
            -2.12803850462012,
            1.4021170468237358,
            -1.5084206795603146,
            -1.9392519111877724,
            3.2666102232675906e-05
        ],
        [
            -3.8122883314905143,
            -1.3226131895357551,
            1.6068736557996366,
            -1.6164061645747192,
            -1.7365737218125397,
            1.4933431292975423e-05
        ],
        [
            -4.52287084157972,
            -2.0487769142809693,
            2.4262322559822587,
            -1.0394991621556657,
            -2.5193603763634727,
            -5.4792862423044036e-08
        ],
        [
            -2.7913651431563897,
            -1.3840055945964909,
            1.4109419209911194,
            -1.6855443848896738,
            -1.4548210277158435,
            -2.8184498941615588e-06
        ]
    ],
    "base_poses": [
        [
            [
                -0.4541861101425697,
                0.2681534134911374,
                0.0
            ],
            [
                0.0,
                0.0,
                0.9431506908938685,
                0.33236542279006454
            ]
        ],
        [
            [
                0.48505052008568605,
                -0.666966747939711,
                0.0
            ],
            [
                0.0,
                0.0,
                0.9999830883460018,
                -0.005815756355997386
            ]
        ],
        [
            [
                -0.7961820614245569,
                0.13571729609618965,
                0.0
            ],
            [
                0.0,
                0.0,
                0.9325797641496829,
                0.3609639642658554
            ]
        ],
        [
            [
                -0.2124447644459112,
                -0.7358115836518686,
                0.0
            ],
            [
                0.0,
                0.0,
                -0.32895226912114967,
                0.9443465490168568
            ]
        ]
    ],
    "difficulty": 0.7458885443097453,
    "dynamic_speed": null,
    "ur5_count": 4,
    "id": "007370",
    "task_path": "/home/huy/programming/projects/workspace-sharing-multiarm/src/data/8f14d7-hard-vlo-tasks/007370.json"
}