{
    "target_eff_poses": [
        [
            [
                -0.46005937457084656,
                -0.5430763959884644,
                0.1604306697845459
            ],
            [
                0.7604525089263916,
                -0.07234521210193634,
                -0.6451066136360168,
                0.01776757463812828
            ]
        ],
        [
            [
                -0.5249336361885071,
                0.3125414550304413,
                0.08969765901565552
            ],
            [
                -0.5321822762489319,
                0.817882239818573,
                0.043630484491586685,
                0.21435292065143585
            ]
        ]
    ],
    "start_goal_config": [
        null,
        null
    ],
    "start_config": [
        [
            -5.020641859777502,
            -1.340288829398999,
            2.2566345528217484,
            -1.4187664823841994,
            -2.642763008516665,
            6.356518274040241e-07
        ],
        [
            -5.128624066144902,
            -1.1375942943213233,
            1.3072834661872472,
            -1.7302891548283748,
            -2.3699757710806044,
            3.13212337769569e-05
        ]
    ],
    "goal_config": [
        [
            -2.8439783563429635,
            -1.0082348660981821,
            1.3874480407211356,
            -1.7821775218078495,
            -1.4484132479159093,
            -4.9899670855261875e-06
        ],
        [
            -3.8855450844066812,
            -1.5469980927059932,
            2.3682618479640927,
            -1.262320760496911,
            -1.9468212472783912,
            1.4645423913238557e-05
        ]
    ],
    "base_poses": [
        [
            [
                0.20967472329037617,
                -0.4629263825602017,
                0.0
            ],
            [
                0.0,
                0.0,
                -0.18145572169889262,
                0.9833991158541552
            ]
        ],
        [
            [
                -0.6303472208710791,
                0.12255492946806845,
                0.0
            ],
            [
                0.0,
                0.0,
                -0.7242703729791494,
                0.6895160816287346
            ]
        ]
    ],
    "difficulty": 0.2096607461704727
}