{
    "target_eff_poses": [
        [
            [
                0.3984566628932953,
                -0.178352952003479,
                0.16577285528182983
            ],
            [
                0.9399076700210571,
                -0.1998995542526245,
                -0.12917476892471313,
                -0.24480101466178894
            ]
        ],
        [
            [
                0.24663378298282623,
                0.3978089988231659,
                0.18628160655498505
            ],
            [
                0.6924342513084412,
                0.5592880845069885,
                -0.4495926797389984,
                -0.07482057809829712
            ]
        ]
    ],
    "start_goal_config": [
        null,
        null
    ],
    "start_config": [
        [
            -3.316453964099349,
            -2.3648651700766963,
            1.7246800432050569,
            -1.2884587208823537,
            -1.776625910173813,
            1.3777902559091301e-05
        ],
        [
            -4.727399584588746,
            -1.1200962077374448,
            1.332027989542205,
            -1.767747222507127,
            -2.048120777321504,
            3.434780231679062e-05
        ]
    ],
    "goal_config": [
        [
            -4.470769201388823,
            -1.9150749794561652,
            2.447184002269496,
            -1.093006374167641,
            -2.4464820519664308,
            1.3108204231317534e-05
        ],
        [
            -5.078719860183539,
            -1.3991325253173097,
            1.9230735477784018,
            -1.4704064485611397,
            -2.4151162330688516,
            2.88647171110581e-05
        ]
    ],
    "base_poses": [
        [
            [
                0.45494633569510134,
                -0.34363138823219297,
                0.0
            ],
            [
                -0.0,
                -0.0,
                0.01718813174228893,
                0.999852273151994
            ]
        ],
        [
            [
                0.6225060230365811,
                0.6240569599475487,
                0.0
            ],
            [
                0.0,
                0.0,
                0.9410884637048497,
                0.33816047001630145
            ]
        ]
    ],
    "difficulty": 0.23295401109752656,
    "dynamic_speed": null,
    "ur5_count": 2,
    "id": "007389",
    "task_path": "/home/huy/programming/projects/workspace-sharing-multiarm/src/data/8f14d7-hard-vlo-tasks/007389.json"
}