{
    "target_eff_poses": [
        [
            [
                0.12491187453269958,
                0.019517643377184868,
                0.6543484330177307
            ],
            [
                -0.054811861366033554,
                0.45867082476615906,
                0.0008990961941890419,
                0.8869137167930603
            ]
        ],
        [
            [
                -1.0206217765808105,
                0.7714903354644775,
                0.11336152255535126
            ],
            [
                0.7906201481819153,
                -0.007729836739599705,
                -0.6076764464378357,
                -0.07476232945919037
            ]
        ]
    ],
    "start_goal_config": [
        null,
        null
    ],
    "start_config": [
        [
            -4.235443585222403,
            -1.9444845682129195,
            1.4186056320728109,
            -1.544758946467229,
            -1.9930083721567216,
            3.299452912078672e-05
        ],
        [
            -5.3026158610379115,
            -1.360192470071865,
            1.4607942539946381,
            -1.5554089590119078,
            -2.698315206844917,
            -4.905176112282816e-05
        ]
    ],
    "goal_config": [
        [
            -3.452970852586906,
            -1.92190084341899,
            1.3337118851143654,
            -1.5930513420111334,
            -1.688729485931258,
            1.3403956884853392e-05
        ],
        [
            -3.725997053524892,
            -0.9585947155918596,
            1.4206396241860941,
            -1.7798696275034702,
            -1.6834319494500973,
            9.958713255129059e-06
        ]
    ],
    "base_poses": [
        [
            [
                -0.1931882590993681,
                -0.11336178837311128,
                0.0
            ],
            [
                0.0,
                0.0,
                0.9768326351250356,
                -0.21400467974948373
            ]
        ],
        [
            [
                -0.35921073641153445,
                0.7789217603009266,
                0.0
            ],
            [
                -0.0,
                -0.0,
                0.22418983062854397,
                0.97454549398309
            ]
        ]
    ],
    "difficulty": 0.2791353383458647,
    "dynamic_speed": null
}