{
    "target_eff_poses": [
        [
            [
                0.15861853957176208,
                0.24330736696720123,
                0.6058109998703003
            ],
            [
                0.40174221992492676,
                0.23651017248630524,
                -0.7084797024726868,
                0.5298324823379517
            ]
        ],
        [
            [
                -1.1824275255203247,
                -0.5419524312019348,
                0.2727232873439789
            ],
            [
                0.7577959299087524,
                -0.08200763165950775,
                -0.5751263499259949,
                0.29706865549087524
            ]
        ],
        [
            [
                -0.17545491456985474,
                -0.14857716858386993,
                0.5668242573738098
            ],
            [
                -0.055410999804735184,
                0.4258362054824829,
                0.8984840512275696,
                0.09121128916740417
            ]
        ]
    ],
    "start_goal_config": [
        null,
        null,
        null
    ],
    "start_config": [
        [
            -4.699482049697146,
            -1.012295278635422,
            1.1675195002676952,
            -1.8588518774801703,
            -2.0164883309196857,
            3.271931160440608e-05
        ],
        [
            -2.9901340820072733,
            -2.611283429401759,
            1.4220468580233099,
            -1.363459433289643,
            -1.7035478913136433,
            8.504391895472019e-06
        ],
        [
            -1.8718603070264725,
            -1.7764095608923756,
            2.514313090394064,
            -1.197932177142625,
            -0.6896178138262785,
            -1.4002177972425103e-05
        ]
    ],
    "goal_config": [
        [
            -2.8748018945156684,
            -1.5016255829612695,
            1.1209400761834423,
            -1.7909451403640468,
            -1.460752993951308,
            -2.0133668275276237e-06
        ],
        [
            -1.5893657053857126,
            -1.2621824193904243,
            1.5174503844390157,
            -1.663375649776857,
            -0.986218183269976,
            -2.1232840793182164e-05
        ],
        [
            -2.629915227523584,
            -2.943660253890528,
            1.797615507308219,
            -1.1078097600956736,
            -0.23056167554204474,
            -2.3932505431430803e-05
        ]
    ],
    "base_poses": [
        [
            [
                0.2551684571224968,
                0.793372925015879,
                0.0
            ],
            [
                -0.0,
                -0.0,
                0.4382961531154903,
                0.8988306192849478
            ]
        ],
        [
            [
                -0.7025311950049131,
                -0.16244704600719795,
                0.0
            ],
            [
                0.0,
                0.0,
                -0.5577154126575695,
                0.8300322394245883
            ]
        ],
        [
            [
                0.055565252428409595,
                0.020900689065585176,
                0.0
            ],
            [
                0.0,
                0.0,
                -0.8558167026491231,
                0.5172792006902872
            ]
        ]
    ],
    "difficulty": 0.6565409573967836,
    "dynamic_speed": null
}