{
    "target_eff_poses": [
        [
            [
                0.8590826392173767,
                -0.5473907589912415,
                0.5307732820510864
            ],
            [
                0.5255377888679504,
                0.34581196308135986,
                -0.18453510105609894,
                0.7550966143608093
            ]
        ],
        [
            [
                0.7414275407791138,
                0.23922033607959747,
                0.6722383499145508
            ],
            [
                -0.3343554735183716,
                -0.26553982496261597,
                0.8197542428970337,
                -0.38170430064201355
            ]
        ]
    ],
    "start_goal_config": [
        null,
        null
    ],
    "start_config": [
        [
            -3.21855870415884,
            -1.801398180735946,
            1.4619221268072176,
            -1.562974327590971,
            -1.6032418274482947,
            1.0270701571906506e-05
        ],
        [
            -2.9065817056760075,
            -2.011154593074545,
            1.4486299415126391,
            -1.5162987902193685,
            -1.5174025758497536,
            2.5651358373411884e-06
        ]
    ],
    "goal_config": [
        [
            -1.5672987798792626,
            -1.7524929152010833,
            1.5026389658551875,
            -1.530913528573486,
            -0.8216738228549821,
            -2.4026914910208944e-05
        ],
        [
            -3.5100218296131707,
            -2.1857195330320867,
            1.4144774907084976,
            -1.488062817459738,
            -1.806217075888716,
            1.7396591941814658e-05
        ]
    ],
    "base_poses": [
        [
            [
                0.5333497289047451,
                -0.22216684328437375,
                0.0
            ],
            [
                -0.0,
                -0.0,
                0.16858406421864422,
                0.9856872796640546
            ]
        ],
        [
            [
                0.7556987344972492,
                0.4439559121383956,
                0.0
            ],
            [
                -0.0,
                -0.0,
                0.6725925045546969,
                0.740013055842152
            ]
        ]
    ],
    "difficulty": 0.4209536349101853,
    "dynamic_speed": null,
    "ur5_count": 2,
    "id": "007378",
    "task_path": "/home/hqh2101/workspace-sharing-multiarm/src/data/8f14d7-hard-vlo-tasks/007378.json"
}