{
    "target_eff_poses": [
        [
            [
                0.531814455986023,
                -0.12478403002023697,
                0.47807905077934265
            ],
            [
                0.14996494352817535,
                0.2532232701778412,
                -0.7687399983406067,
                0.5678269267082214
            ]
        ],
        [
            [
                0.02042735554277897,
                0.5233924388885498,
                0.19779162108898163
            ],
            [
                0.7475910186767578,
                -0.11324327439069748,
                -0.6263870000839233,
                -0.18953357636928558
            ]
        ],
        [
            [
                0.2698323726654053,
                -0.6990637183189392,
                0.1461937576532364
            ],
            [
                0.4886261224746704,
                0.5203396081924438,
                -0.4875675439834595,
                0.5027615427970886
            ]
        ]
    ],
    "start_goal_config": [
        null,
        null,
        null
    ],
    "start_config": [
        [
            -4.070781745914494,
            -1.0582452142175491,
            1.3835478010083817,
            -1.7714225569242772,
            -1.785618379910755,
            1.5948355010309765e-05
        ],
        [
            -2.5100242110540067,
            -1.2565570296229551,
            1.39734978816394,
            -1.7204439075205156,
            -1.3684997827202798,
            -4.279666773528536e-06
        ],
        [
            -5.121101345391081,
            -1.054352232050939,
            1.4313231319658373,
            -1.712334830552109,
            -2.3708933003738215,
            3.377817258243721e-05
        ]
    ],
    "goal_config": [
        [
            -2.7554131791463568,
            -3.1743014322706853,
            1.6443515287703543,
            -1.0142002862324577,
            -1.9707152249575839,
            2.221803144032086e-17
        ],
        [
            -3.8208511619050483,
            -1.08434534330946,
            1.411788522014996,
            -1.7543069185012043,
            -1.714283716400892,
            1.5993807864276846e-05
        ],
        [
            -3.438579059527258,
            -0.8559143906880833,
            1.1995478768748196,
            -1.8954110779815798,
            -1.5868764458476297,
            -6.53031570104039e-07
        ]
    ],
    "base_poses": [
        [
            [
                0.4995749515029011,
                -0.38590710018394586,
                0.0
            ],
            [
                -0.0,
                -0.0,
                0.5996508672976905,
                0.8002617305289111
            ]
        ],
        [
            [
                0.6420405506055127,
                0.32788766513482415,
                0.0
            ],
            [
                -0.0,
                -0.0,
                0.1172871710032885,
                0.9930980412416719
            ]
        ],
        [
            [
                0.12829486509164467,
                0.03520103769948357,
                0.0
            ],
            [
                -0.0,
                -0.0,
                0.8176241487702218,
                0.5757523350780005
            ]
        ]
    ],
    "difficulty": 0.7140035737797423,
    "dynamic_speed": null
}