{
    "target_eff_poses": [
        [
            [
                -0.6205797791481018,
                -0.32723668217658997,
                0.3297547399997711
            ],
            [
                -0.8549651503562927,
                0.11344237625598907,
                0.02589469403028488,
                0.5054652094841003
            ]
        ],
        [
            [
                0.5416615009307861,
                -0.5916918516159058,
                0.7782727479934692
            ],
            [
                -0.04783615097403526,
                0.162150576710701,
                0.4290434420108795,
                0.887322187423706
            ]
        ]
    ],
    "start_goal_config": [
        null,
        null
    ],
    "start_config": [
        [
            -4.405308774407658,
            -1.6205428743837864,
            1.9741277351113613,
            -1.3937600615656038,
            -2.0015145923850906,
            2.2750992714689566e-05
        ],
        [
            -2.598328589318029,
            -1.0882254229675767,
            1.4033946249939122,
            -1.756974392850713,
            -1.3859097319426577,
            -8.475349117197778e-06
        ]
    ],
    "goal_config": [
        [
            -4.551531599454838,
            -2.475685998276149,
            2.361052851297465,
            -0.9467304312456698,
            -2.9584904005212422,
            1.5363923732656415e-05
        ],
        [
            -2.998411757366859,
            -2.461473975746334,
            1.1853503776946408,
            -1.5257152592145973,
            -1.4072563026637335,
            -1.1378430113400835e-05
        ]
    ],
    "base_poses": [
        [
            [
                -0.6494017943966262,
                -0.4518800598541088,
                0.0
            ],
            [
                0.0,
                0.0,
                -0.12049923323074256,
                0.9927134202733451
            ]
        ],
        [
            [
                0.6766760462027612,
                -0.6451190684677638,
                0.0
            ],
            [
                0.0,
                0.0,
                0.9562127944820624,
                -0.29267232815694266
            ]
        ]
    ],
    "difficulty": 0.06394583411698326,
    "dynamic_speed": null
}