{
    "target_eff_poses": [
        [
            [
                -0.6621348261833191,
                -0.7561696767807007,
                0.7808048725128174
            ],
            [
                -0.2010347843170166,
                -0.04312119260430336,
                0.9430500268936157,
                0.26149997115135193
            ]
        ],
        [
            [
                0.2377627193927765,
                -0.41130244731903076,
                0.12786000967025757
            ],
            [
                0.8718619346618652,
                0.4261520802974701,
                -0.18799488246440887,
                -0.15135763585567474
            ]
        ],
        [
            [
                -0.1566699594259262,
                0.8373885154724121,
                0.5089356899261475
            ],
            [
                0.28458765149116516,
                0.5670101642608643,
                0.16322965919971466,
                0.7555563449859619
            ]
        ],
        [
            [
                -0.2792060971260071,
                -0.1914299577474594,
                0.2667146325111389
            ],
            [
                0.7518407106399536,
                -0.4318366050720215,
                -0.46035197377204895,
                -0.19060105085372925
            ]
        ]
    ],
    "start_goal_config": [
        null,
        null,
        null,
        null
    ],
    "start_config": [
        [
            -3.7330227920004266,
            -1.3187713383454573,
            1.2923276959982657,
            -1.7526806380742825,
            -1.6958330479538102,
            1.3501339858833411e-05
        ],
        [
            -3.076299006529743,
            -2.7967923921392206,
            1.0535131899700823,
            -1.489831418054551,
            -1.4580817085885185,
            -6.929893140639067e-06
        ],
        [
            -3.3794773471178607,
            -1.5054569977289531,
            2.3195931851261133,
            -1.2856362946013011,
            -1.7280826273249652,
            1.744509340953525e-05
        ],
        [
            -1.6198562758967678,
            -1.29034666139609,
            1.9655371436741236,
            -1.5232015406020791,
            -0.9193600693739592,
            -1.8084959974816455e-05
        ]
    ],
    "goal_config": [
        [
            -3.1549729519911964,
            -2.4025561681519285,
            1.206076539790778,
            -1.530927207425952,
            -2.0526550010296516,
            3.446677236905671e-05
        ],
        [
            -4.877151412776001,
            -1.6110454019632074,
            2.3932898065921395,
            -1.2697610556742247,
            -2.7032809304415366,
            2.9859860365903176e-06
        ],
        [
            -2.0504859919853646,
            -2.3240637702255915,
            1.8166307163869033,
            -1.2596263020242242,
            -0.8928503605270868,
            -2.0779037625099534e-05
        ],
        [
            -2.4921953527823257,
            -2.362236796527284,
            2.2654599585657444,
            -0.9463807661449765,
            -1.4419789780607388,
            -1.3778556154627605e-12
        ]
    ],
    "base_poses": [
        [
            [
                -0.6863534940168026,
                -0.705745944398858,
                0.0
            ],
            [
                0.0,
                0.0,
                -0.022870836608159462,
                0.9997384282065199
            ]
        ],
        [
            [
                0.48622467081933096,
                -0.47648161864597827,
                0.0
            ],
            [
                -0.0,
                -0.0,
                0.6861415424106165,
                0.7274680637515163
            ]
        ],
        [
            [
                -0.3637655886064913,
                0.6938773508337244,
                0.0
            ],
            [
                -0.0,
                -0.0,
                0.7827251129675477,
                0.6223675742918647
            ]
        ],
        [
            [
                -0.11545807435997835,
                -0.197687877622867,
                0.0
            ],
            [
                0.0,
                0.0,
                -0.704453254751657,
                0.7097503870163067
            ]
        ]
    ],
    "difficulty": 0.9063997744572878,
    "dynamic_speed": null,
    "ur5_count": 4,
    "id": "007329",
    "task_path": "/home/hqh2101/workspace-sharing-multiarm/src/data/8f14d7-hard-vlo-tasks/007329.json"
}