{
    "target_eff_poses": [
        [
            [
                -0.1260853111743927,
                -0.3899504840373993,
                0.13052977621555328
            ],
            [
                0.7740657925605774,
                0.5342186689376831,
                -0.3265064060688019,
                -0.09394809603691101
            ]
        ]
    ],
    "start_goal_config": [
        null
    ],
    "start_config": [
        [
            -5.040953418038806,
            -0.8142168929895238,
            1.2182568564615277,
            -1.8562443390685446,
            -2.267802878123322,
            3.1581733692619505e-05
        ]
    ],
    "goal_config": [
        [
            -4.995064797124177,
            -1.4412529398828342,
            2.1476412951880044,
            -1.3996794566711568,
            -2.455028972466458,
            2.440534479852927e-05
        ]
    ],
    "base_poses": [
        [
            [
                0.20334946517598818,
                -0.27026168020878816,
                0.0
            ],
            [
                0.0,
                0.0,
                0.8860270587574387,
                0.46363353108855515
            ]
        ]
    ],
    "difficulty": 0.0,
    "dynamic_speed": null,
    "ur5_count": 1,
    "id": "007307",
    "task_path": "/home/hqh2101/workspace-sharing-multiarm/src/data/8f14d7-hard-vlo-tasks/007307.json"
}