{
    "target_eff_poses": [
        [
            [
                -0.10386825352907181,
                -0.6034010648727417,
                0.7587329149246216
            ],
            [
                0.24022150039672852,
                0.129103422164917,
                -0.6406748294830322,
                0.7177476286888123
            ]
        ],
        [
            [
                -0.21886615455150604,
                0.8560184836387634,
                0.5771327614784241
            ],
            [
                -0.2560599744319916,
                0.41258105635643005,
                0.6211757063865662,
                0.6151023507118225
            ]
        ],
        [
            [
                -0.7258294820785522,
                -0.617741584777832,
                0.12703287601470947
            ],
            [
                0.8728390336036682,
                -0.09619376063346863,
                -0.21851123869419098,
                0.42561909556388855
            ]
        ]
    ],
    "start_goal_config": [
        null,
        null,
        null
    ],
    "start_config": [
        [
            -3.6998466915785646,
            -1.795839336515071,
            1.2895682437195326,
            -1.6437554072499003,
            -1.7435871604368227,
            1.7521101115229085e-05
        ],
        [
            -2.9710137808364174,
            -1.9909138237971484,
            2.02380142700038,
            -1.2476441736380894,
            -1.59814173478548,
            8.272956400259578e-06
        ],
        [
            -2.9611978438846567,
            -1.6942895850726791,
            2.3214557307675214,
            -1.2084747879954691,
            -1.595431056821472,
            1.597283253147716e-06
        ]
    ],
    "goal_config": [
        [
            -2.760127991498809,
            -2.323904695560002,
            1.259382253215775,
            -1.5246305034775955,
            -1.221830437464283,
            -2.445682647056693e-05
        ],
        [
            -2.463950061739213,
            -1.4363025265895935,
            1.1142982314574728,
            -1.8055275916794487,
            -1.3359307478753255,
            -9.121699323889803e-06
        ],
        [
            -1.1081162375239015,
            -0.9993101389359667,
            1.623755174284921,
            -1.6221611567797098,
            -0.36454793278275593,
            -2.547591130528275e-05
        ]
    ],
    "base_poses": [
        [
            [
                -0.2408029869253543,
                -0.5158038152106854,
                0.0
            ],
            [
                -0.0,
                -0.0,
                0.45898799074823543,
                0.8884424710406958
            ]
        ],
        [
            [
                -0.21156756469260984,
                0.2631993030024018,
                0.0
            ],
            [
                0.0,
                0.0,
                0.9447208695897955,
                -0.3278757059641665
            ]
        ],
        [
            [
                -0.5859669969491312,
                0.012039429813252234,
                0.0
            ],
            [
                0.0,
                0.0,
                -0.499811710997535,
                0.8661340852025837
            ]
        ]
    ],
    "difficulty": 0.774008644991543,
    "dynamic_speed": null
}