{
    "target_eff_poses": [
        [
            [
                -0.0335383340716362,
                0.2519504427909851,
                0.3119988739490509
            ],
            [
                -0.7613413333892822,
                0.4015333950519562,
                0.04985428974032402,
                0.5066012740135193
            ]
        ],
        [
            [
                -0.21480609476566315,
                -0.3974950909614563,
                0.285750150680542
            ],
            [
                0.6423909664154053,
                0.5363525152206421,
                -0.5409572124481201,
                0.08381593972444534
            ]
        ],
        [
            [
                0.43367472290992737,
                -0.1314363032579422,
                0.3230621814727783
            ],
            [
                -0.45673713088035583,
                0.5412673950195312,
                0.36721840500831604,
                0.6029688715934753
            ]
        ]
    ],
    "start_goal_config": [
        null,
        null,
        null
    ],
    "start_config": [
        [
            -2.970350523159184,
            -2.4265855750403915,
            1.2350385019537067,
            -1.5103211084771884,
            -1.4585345730499708,
            -6.6870292698536185e-06
        ],
        [
            -4.109068585571953,
            -1.239091050753687,
            1.7688799241760553,
            -1.5751903428262344,
            -1.8363526526747058,
            2.681477462033849e-05
        ],
        [
            -3.7054643545996613,
            -1.4746829312736756,
            1.7439177418436866,
            -1.5207526184590487,
            -1.7271201586070917,
            1.4222469807924074e-05
        ]
    ],
    "goal_config": [
        [
            -4.700634257079704,
            -2.1894730955098223,
            2.2277952830923127,
            -1.1064429241810394,
            -2.558157258416106,
            4.4085481873064666e-05
        ],
        [
            -3.2554572367249617,
            -2.7862791664656954,
            2.2843901938872,
            -0.6566480706326661,
            -2.1127593376714855,
            3.0316287122213423e-17
        ],
        [
            -2.7582657140379436,
            -3.0198195655824174,
            2.104162895161062,
            -0.6519813534771101,
            -1.7246735269162468,
            -1.0369228559721082e-10
        ]
    ],
    "base_poses": [
        [
            [
                -0.10615621003384912,
                0.07214058322975792,
                0.0
            ],
            [
                0.0,
                0.0,
                -0.19816088523784464,
                0.9801695075657851
            ]
        ],
        [
            [
                -0.25465669379398814,
                -0.3790671978447936,
                0.0
            ],
            [
                -0.0,
                -0.0,
                0.4632257509145828,
                0.8862403193770981
            ]
        ],
        [
            [
                0.546408414524669,
                -0.07570310010686787,
                0.0
            ],
            [
                0.0,
                0.0,
                0.9080051786627404,
                -0.41895894252497445
            ]
        ]
    ],
    "difficulty": 0.7636603028308098,
    "dynamic_speed": null
}