{
    "target_eff_poses": [
        [
            [
                0.16671401262283325,
                0.0607309564948082,
                0.1085982546210289
            ],
            [
                0.8290400505065918,
                -0.47692084312438965,
                -0.011823562905192375,
                -0.29171788692474365
            ]
        ],
        [
            [
                0.3490229547023773,
                0.39497464895248413,
                0.37839123606681824
            ],
            [
                0.641101062297821,
                -0.24512000381946564,
                -0.5950838327407837,
                -0.41806796193122864
            ]
        ],
        [
            [
                -0.6711870431900024,
                -0.8471425771713257,
                0.14606554806232452
            ],
            [
                0.8311127424240112,
                0.47888535261154175,
                -0.27882131934165955,
                -0.04668181762099266
            ]
        ],
        [
            [
                -0.06753083318471909,
                -0.7339849472045898,
                0.384775310754776
            ],
            [
                0.5274909138679504,
                0.5265546441078186,
                -0.3893812596797943,
                0.5411799550056458
            ]
        ]
    ],
    "start_goal_config": [
        null,
        null,
        null,
        null
    ],
    "start_config": [
        [
            -3.38410545395626,
            -0.8491891190639457,
            1.1699094608393523,
            -1.9095718486374826,
            -1.5702354499678164,
            -3.542479326438505e-06
        ],
        [
            -4.593845291193768,
            -1.4569402012597163,
            1.219552603418838,
            -1.740721953943071,
            -2.0169690485579927,
            3.8019007879407585e-05
        ],
        [
            -4.648909996466614,
            -1.321926307441263,
            1.925254915863861,
            -1.5047322420366624,
            -2.0863018799924142,
            2.860185016007909e-17
        ],
        [
            -3.029989258073074,
            -1.598315031717155,
            1.4873389399131827,
            -1.6010911347691128,
            -1.5367040986297036,
            6.406376509937873e-07
        ]
    ],
    "goal_config": [
        [
            -5.037052403825674,
            -1.4040775596197381,
            2.2079239657958767,
            -1.3963857610095716,
            -2.579042542414339,
            6.622166772265893e-06
        ],
        [
            -4.090698179270966,
            -1.4247942325707916,
            1.4525381388392828,
            -1.6563774462274423,
            -1.8180316234327139,
            2.0723746049409734e-05
        ],
        [
            -4.412330074991835,
            -1.7671513520070325,
            2.3810773127982063,
            -1.1871460547844692,
            -2.2594173229824723,
            3.811049592082246e-17
        ],
        [
            -2.4827734959724874,
            -2.2666464437207834,
            1.989233479366001,
            -1.1821411630864391,
            -1.4082064095537827,
            9.7408111474249e-08
        ]
    ],
    "base_poses": [
        [
            [
                0.009420120977280733,
                -0.23851999664422896,
                0.0
            ],
            [
                0.0,
                0.0,
                -0.07834856852866924,
                0.9969260262474385
            ]
        ],
        [
            [
                0.7237957602264709,
                -0.02256244895683268,
                0.0
            ],
            [
                0.0,
                0.0,
                -0.014245895791394363,
                0.999898522077666
            ]
        ],
        [
            [
                -0.4886461899057835,
                -0.7507672037993883,
                0.0
            ],
            [
                -0.0,
                -0.0,
                0.7268966907513692,
                0.6867468245101016
            ]
        ],
        [
            [
                -0.22560876109916583,
                -0.5725784546439725,
                0.0
            ],
            [
                -0.0,
                -0.0,
                0.5110409216413131,
                0.8595563834955781
            ]
        ]
    ],
    "difficulty": 0.965238632093198,
    "dynamic_speed": null,
    "ur5_count": 4,
    "id": "007437",
    "task_path": "/home/huy/programming/projects/workspace-sharing-multiarm/src/data/8f14d7-hard-vlo-tasks/007437.json"
}