{
    "target_eff_poses": [
        [
            [
                0.6217638850212097,
                -0.64577317237854,
                0.41499602794647217
            ],
            [
                -0.11924684047698975,
                0.6760843396186829,
                0.057115670293569565,
                0.7248640656471252
            ]
        ]
    ],
    "start_goal_config": [
        null
    ],
    "start_config": [
        [
            -3.2930197082157995,
            -2.0503581074185186,
            1.9670533123701344,
            -1.2583978423038074,
            -1.7016115934100815,
            1.0595748268505367e-05
        ]
    ],
    "goal_config": [
        [
            -2.9597258279525063,
            -2.507964102161817,
            1.9789434339262173,
            -1.0991859193271056,
            -1.6667470755235927,
            5.463482921900691e-06
        ]
    ],
    "base_poses": [
        [
            [
                0.5510667965407772,
                -0.7639485319012975,
                0.0
            ],
            [
                0.0,
                0.0,
                0.9993636408771746,
                -0.03566950087564577
            ]
        ]
    ],
    "difficulty": 0.0,
    "dynamic_speed": null,
    "ur5_count": 1,
    "id": "007427",
    "task_path": "/home/hqh2101/workspace-sharing-multiarm/src/data/8f14d7-hard-vlo-tasks/007427.json"
}