{
    "target_eff_poses": [
        [
            [
                0.2556306719779968,
                -0.6241438388824463,
                0.6935026049613953
            ],
            [
                0.36479663848876953,
                0.20163075625896454,
                -0.6757444739341736,
                0.6079784631729126
            ]
        ],
        [
            [
                0.4533446431159973,
                0.6465097069740295,
                0.715216875076294
            ],
            [
                -0.06773537397384644,
                0.41109800338745117,
                0.6634653806686401,
                0.621469259262085
            ]
        ]
    ],
    "start_goal_config": [
        null,
        null
    ],
    "start_config": [
        [
            -2.037325573532432,
            -1.4564183020300698,
            1.5808385671266214,
            -1.5950312208285644,
            -1.223253045144632,
            -1.6428720852299922e-05
        ],
        [
            -3.1438388713184215,
            -2.635837277304049,
            1.6696161069334134,
            -1.2330731836824704,
            -1.88537380899076,
            1.9723858748449264e-05
        ]
    ],
    "goal_config": [
        [
            -2.552767953192518,
            -1.974069074476782,
            1.2908025989889647,
            -1.5984538904809875,
            -1.3430604031364286,
            -9.194936527723997e-06
        ],
        [
            -1.9557472534143683,
            -1.9045809986467432,
            1.2434802291580118,
            -1.6209817986424326,
            -0.9160095492921743,
            -2.491520760577989e-05
        ]
    ],
    "base_poses": [
        [
            [
                0.2201840144410645,
                -0.30311773916133816,
                0.0
            ],
            [
                -0.0,
                -0.0,
                0.3187173881855834,
                0.9478497910893688
            ]
        ],
        [
            [
                0.4378958039455261,
                0.2846489527912657,
                0.0
            ],
            [
                0.0,
                0.0,
                0.9947769538350039,
                0.1020725826005725
            ]
        ]
    ],
    "difficulty": 0.4770995955986081,
    "dynamic_speed": null
}