{
    "target_eff_poses": [
        [
            [
                0.43060949444770813,
                -0.07383058220148087,
                0.7369826436042786
            ],
            [
                -0.10912460088729858,
                0.21932215988636017,
                0.3561372756958008,
                0.9017515778541565
            ]
        ],
        [
            [
                0.21825984120368958,
                -0.6245572566986084,
                0.4056689441204071
            ],
            [
                0.17858943343162537,
                0.6145250201225281,
                -0.008783774450421333,
                0.768366813659668
            ]
        ]
    ],
    "start_goal_config": [
        null,
        null
    ],
    "start_config": [
        [
            -2.7704874150769023,
            -1.8373679979867037,
            1.258787522745009,
            -1.6480809499041178,
            -1.4447963644844624,
            -6.45504709321804e-07
        ],
        [
            -4.727607890897845,
            -1.4660270051639375,
            1.8063104480003478,
            -1.5027061163024444,
            -2.111309909759355,
            2.5423663467859245e-05
        ]
    ],
    "goal_config": [
        [
            -3.02637955034375,
            -2.4724997031565805,
            1.2940633806088429,
            -1.4681767184214576,
            -1.6563604809817145,
            6.360653067437974e-06
        ],
        [
            -2.29370214724916,
            -1.3439904085043481,
            1.3224602905534522,
            -1.7311923328130165,
            -1.2994018430972223,
            -1.4884840103414752e-05
        ]
    ],
    "base_poses": [
        [
            [
                0.5198250456344127,
                -0.12126258029150794,
                0.0
            ],
            [
                0.0,
                0.0,
                0.9354336277557637,
                -0.3535023734908881
            ]
        ],
        [
            [
                -0.4010398620027218,
                -0.5873350681448992,
                0.0
            ],
            [
                -0.0,
                -0.0,
                0.84131779101997,
                0.540540816694982
            ]
        ]
    ],
    "difficulty": 0.20521019467694912,
    "dynamic_speed": null
}