{
    "target_eff_poses": [
        [
            [
                -0.4864373803138733,
                -0.015468454919755459,
                0.48705223202705383
            ],
            [
                -0.6215301752090454,
                -0.08180778473615646,
                0.7569823861122131,
                -0.18435123562812805
            ]
        ]
    ],
    "start_goal_config": [
        null
    ],
    "start_config": [
        [
            -4.65895695279349,
            -1.7793370501877463,
            1.981153547185239,
            -1.3469576449726208,
            -2.1532857648948305,
            2.0459391956511405e-05
        ]
    ],
    "goal_config": [
        [
            -2.751288461856175,
            -1.70147764577024,
            1.489548482362229,
            -1.574549569599028,
            -1.4627834410028084,
            1.2001040453857416e-07
        ]
    ],
    "base_poses": [
        [
            [
                -0.11302992844664872,
                0.26134912418951783,
                0.0
            ],
            [
                0.0,
                0.0,
                -0.010274272098625508,
                0.9999472182734663
            ]
        ]
    ],
    "difficulty": 0.0,
    "dynamic_speed": null
}