{
    "target_eff_poses": [
        [
            [
                -0.3894293010234833,
                0.49837642908096313,
                0.6638634204864502
            ],
            [
                0.2300979197025299,
                0.3907751739025116,
                -0.23967602849006653,
                0.8584317564964294
            ]
        ],
        [
            [
                -0.7150779366493225,
                0.05571490898728371,
                0.44216233491897583
            ],
            [
                -0.6732562184333801,
                -0.09409146755933762,
                0.6800491213798523,
                0.2746017575263977
            ]
        ],
        [
            [
                0.347423255443573,
                0.5232215523719788,
                0.42122846841812134
            ],
            [
                0.5369006991386414,
                0.18733720481395721,
                -0.6414310336112976,
                0.514984130859375
            ]
        ],
        [
            [
                -0.7590897679328918,
                -0.6910477876663208,
                0.19271372258663177
            ],
            [
                0.805161714553833,
                -0.2564779222011566,
                -0.5291144847869873,
                -0.0772758200764656
            ]
        ]
    ],
    "start_goal_config": [
        null,
        null,
        null,
        null
    ],
    "start_config": [
        [
            -3.6763511047110655,
            -1.3120986732453161,
            1.978370881743053,
            -1.472770980593131,
            -1.7352465872174825,
            1.5056771162046153e-05
        ],
        [
            -2.8992217938433615,
            -2.5017776169687216,
            1.4507160717447978,
            -1.3819637555922715,
            -1.4664930382532715,
            -5.082481651820911e-06
        ],
        [
            -3.1681431129686075,
            -2.8558884299722025,
            1.8252554666581744,
            -1.0819591692370922,
            -2.301134955644526,
            2.5300996235535867e-05
        ],
        [
            -2.777622409669606,
            -1.9938223123828178,
            1.1004372572705245,
            -1.6874839857347501,
            -1.3950730323864067,
            -6.160767883364536e-06
        ]
    ],
    "goal_config": [
        [
            -2.4281078195077517,
            -1.8747023951588566,
            1.2945372895500649,
            -1.6200767208082867,
            -1.310897659014723,
            -8.931872302298522e-06
        ],
        [
            -3.821041384232371,
            -2.4487180676517277,
            1.9526847387717574,
            -1.1505738041375793,
            -2.0934289783300803,
            1.4459815567840272e-05
        ],
        [
            -2.639614685192461,
            -2.9433484520459223,
            1.9457729010329716,
            -0.9342955974759025,
            -1.2300199354725552,
            -1.3924654678353203e-05
        ],
        [
            -2.555320215920934,
            -1.366882598143225,
            1.77644798553564,
            -1.5379335818978268,
            -1.4074424257775067,
            -7.5545079775323575e-06
        ]
    ],
    "base_poses": [
        [
            [
                -0.7358050865542984,
                0.6526432329075582,
                0.0
            ],
            [
                -0.0,
                -0.0,
                0.7255501728449993,
                0.6881692718253203
            ]
        ],
        [
            [
                -0.5870696337653154,
                0.06934274373542293,
                0.0
            ],
            [
                -0.0,
                -0.0,
                0.21556570027348096,
                0.9764893388386807
            ]
        ],
        [
            [
                0.1798016788260679,
                0.5429504029403185,
                0.0
            ],
            [
                -0.0,
                -0.0,
                0.2523472186068287,
                0.9676367506773383
            ]
        ],
        [
            [
                -0.27367035469846146,
                -0.7826407793053631,
                0.0
            ],
            [
                0.0,
                0.0,
                -0.49674238794216263,
                0.8678980354981327
            ]
        ]
    ],
    "difficulty": 0.8227610187012498,
    "dynamic_speed": null,
    "ur5_count": 4,
    "id": "007416",
    "task_path": "/home/hqh2101/workspace-sharing-multiarm/src/data/8f14d7-hard-vlo-tasks/007416.json"
}