{
    "target_eff_poses": [
        [
            [
                0.6125725507736206,
                -0.9040536284446716,
                0.2733423113822937
            ],
            [
                0.8303712606430054,
                0.2223099321126938,
                -0.5061740279197693,
                0.0696394294500351
            ]
        ],
        [
            [
                0.509244441986084,
                -0.4795122742652893,
                0.7085302472114563
            ],
            [
                -0.019208690151572227,
                -0.009073826484382153,
                0.9594293832778931,
                -0.2811475694179535
            ]
        ],
        [
            [
                -0.6524625420570374,
                0.18661834299564362,
                0.742354154586792
            ],
            [
                -0.2881387174129486,
                0.13741101324558258,
                0.5612840056419373,
                0.7635801434516907
            ]
        ],
        [
            [
                -0.35680171847343445,
                -0.6808205842971802,
                0.3185129463672638
            ],
            [
                0.4150278568267822,
                0.6820570230484009,
                -0.32437920570373535,
                0.5072755813598633
            ]
        ]
    ],
    "start_goal_config": [
        null,
        null,
        null,
        null
    ],
    "start_config": [
        [
            -4.85327545148175,
            -1.8060997139257802,
            1.2578003252663092,
            -1.6195399586521455,
            -2.411047403859502,
            3.833329302046451e-05
        ],
        [
            -2.805517153046027,
            -2.6710915746847284,
            2.280214225368234,
            -0.7099499278683012,
            -1.7185299781441357,
            8.200865062057804e-18
        ],
        [
            -4.270437553365035,
            -1.0247923996192922,
            1.4876014500348425,
            -1.7375455084085958,
            -1.8588598645023786,
            2.245637550723135e-05
        ],
        [
            -3.118116302783605,
            -2.4101502277221476,
            2.205207946437479,
            -0.9716298599924366,
            -1.7744765714732051,
            5.5785294805438995e-12
        ]
    ],
    "goal_config": [
        [
            -3.1533658604559625,
            -2.089389828106164,
            2.156742382001692,
            -1.1399132524958298,
            -1.6956634599195044,
            7.134415643257416e-10
        ],
        [
            -2.8764752752838922,
            -2.8068194840206924,
            1.144985464040647,
            -1.4372699278258239,
            -1.7268393260891355,
            -9.17928729498675e-06
        ],
        [
            -3.5892166020102176,
            -2.2816269862242518,
            1.3046856617486515,
            -1.5148073001823084,
            -2.0627644714833346,
            3.415913260210556e-05
        ],
        [
            -3.0770722696347583,
            -1.7815851807638012,
            1.8715970313405768,
            -1.3823232112228403,
            -1.593079382019135,
            1.1295141734527042e-06
        ]
    ],
    "base_poses": [
        [
            [
                0.7628962058684545,
                -0.7399424083382211,
                0.0
            ],
            [
                -0.0,
                -0.0,
                0.20360816283237343,
                0.9790524582615713
            ]
        ],
        [
            [
                0.22231880334562648,
                -0.6153517778439007,
                0.0
            ],
            [
                -0.0,
                -0.0,
                0.22848236979984957,
                0.9735480505299391
            ]
        ],
        [
            [
                -0.5885368309452167,
                0.10651114745835177,
                0.0
            ],
            [
                0.0,
                0.0,
                -0.45031558084222,
                0.8928694628279847
            ]
        ],
        [
            [
                -0.6092023804935963,
                -0.40688118043346366,
                0.0
            ],
            [
                -0.0,
                -0.0,
                0.8309166180435437,
                0.5563969570900615
            ]
        ]
    ],
    "difficulty": 0.8196181698485846,
    "dynamic_speed": null
}