{
    "target_eff_poses": [
        [
            [
                0.06712783873081207,
                0.5268558859825134,
                0.4251213073730469
            ],
            [
                -0.5894818305969238,
                -0.10867568850517273,
                0.7997616529464722,
                0.03289543464779854
            ]
        ],
        [
            [
                0.3853577673435211,
                -0.06743524968624115,
                0.5302125811576843
            ],
            [
                -0.332935631275177,
                -0.5412412285804749,
                0.7695250511169434,
                -0.06358450651168823
            ]
        ],
        [
            [
                -0.7777987718582153,
                0.9357824921607971,
                0.7237061858177185
            ],
            [
                -0.3065468668937683,
                0.2131412774324417,
                0.7678313851356506,
                0.5206102132797241
            ]
        ]
    ],
    "start_goal_config": [
        null,
        null,
        null
    ],
    "start_config": [
        [
            -2.096522367568072,
            -2.2803302060484607,
            2.2937048230628325,
            -0.9932063957578566,
            -1.1333867595347464,
            -1.6233560211719274e-10
        ],
        [
            -2.6244027973197355,
            -2.670951684301053,
            1.1602132127438671,
            -1.4754595217237763,
            -2.1676503232310727,
            -3.942990363900518e-05
        ],
        [
            -3.135249221992085,
            -2.567562623410395,
            2.1983939780897357,
            -0.8989087504816224,
            -1.842237817837698,
            6.842029681392814e-06
        ]
    ],
    "goal_config": [
        [
            -4.087822005052936,
            -1.2766203103708786,
            1.2148054996124398,
            -1.7942330468290277,
            -1.7942184836186028,
            9.815789645107342e-06
        ],
        [
            -5.126386339919168,
            -1.5918551086134203,
            1.403367027681699,
            -1.5759160404033867,
            -2.507682100320048,
            2.86885601973042e-05
        ],
        [
            -3.1287137588421206,
            -1.8367757355779988,
            1.1579725654162976,
            -1.697524658960694,
            -1.5590662146811385,
            6.0819563686205335e-06
        ]
    ],
    "base_poses": [
        [
            [
                0.6906649807585763,
                0.6966510425462076,
                0.0
            ],
            [
                -0.0,
                -0.0,
                0.5173238691717205,
                0.8557897021962818
            ]
        ],
        [
            [
                0.6002210827731,
                0.3663357350309082,
                0.0
            ],
            [
                0.0,
                0.0,
                0.9996216593589543,
                0.02750523841835882
            ]
        ],
        [
            [
                -0.5477467088553012,
                0.6461896900165682,
                0.0
            ],
            [
                0.0,
                0.0,
                -0.5713334386674811,
                0.8207180404136317
            ]
        ]
    ],
    "difficulty": 0.35334825971911255
}