{
    "target_eff_poses": [
        [
            [
                -0.17193719744682312,
                -0.5948706269264221,
                0.45532605051994324
            ],
            [
                -0.3348398804664612,
                0.37155285477638245,
                0.4874933362007141,
                0.715668261051178
            ]
        ],
        [
            [
                0.31333819031715393,
                0.02703622542321682,
                0.2513076961040497
            ],
            [
                0.21291881799697876,
                0.8536009192466736,
                -0.20896977186203003,
                0.4270395040512085
            ]
        ],
        [
            [
                -0.23001042008399963,
                0.018382741138339043,
                0.7036969065666199
            ],
            [
                -0.32850420475006104,
                0.21351273357868195,
                0.19609227776527405,
                0.8989133238792419
            ]
        ],
        [
            [
                0.45739850401878357,
                0.5130380988121033,
                0.5776819586753845
            ],
            [
                -0.2792254686355591,
                -0.24356485903263092,
                0.8344026803970337,
                -0.40802139043807983
            ]
        ]
    ],
    "start_goal_config": [
        null,
        null,
        null,
        null
    ],
    "start_config": [
        [
            -4.704463453038002,
            -1.6726964828541264,
            1.9715909816827586,
            -1.3828308140802454,
            -2.15529961410378,
            2.4390363687850586e-05
        ],
        [
            -2.9791447144623127,
            -1.6228503015579387,
            2.381524078178816,
            -1.216164566827097,
            -1.6009826043568003,
            5.130470381619512e-13
        ],
        [
            -3.7634587251316245,
            -1.4318488713666584,
            1.132169544299707,
            -1.8003716042178026,
            -1.7066643268850556,
            1.6772953823548252e-05
        ],
        [
            -3.1007631194733745,
            -2.4439275285032025,
            1.2290925344878865,
            -1.508175198743782,
            -2.0951021199435234,
            9.577072057485446e-08
        ]
    ],
    "goal_config": [
        [
            -2.8725046286744362,
            -2.9484094420336353,
            1.852432105282756,
            -0.9980270349908058,
            -1.706291096087469,
            1.0801255037229769e-11
        ],
        [
            -3.4113513223341916,
            -2.0334190513314017,
            2.186911502999442,
            -1.1443917779251653,
            -1.7814361267848258,
            -9.322357971303244e-08
        ],
        [
            -3.8073682189018703,
            -2.3257683066229484,
            1.4306175652623654,
            -1.4412573980610215,
            -2.3504917560864516,
            3.157201869921761e-05
        ],
        [
            -2.946373368880672,
            -2.796551304070763,
            1.6175489972695012,
            -1.2034315015926176,
            -1.833295385632141,
            1.4964084385178181e-05
        ]
    ],
    "base_poses": [
        [
            [
                -0.061286390101697785,
                -0.5277716837464033,
                0.0
            ],
            [
                0.0,
                0.0,
                -0.8622093885711629,
                0.5065520410182368
            ]
        ],
        [
            [
                0.10180897318709525,
                0.09790784681086984,
                0.0
            ],
            [
                0.0,
                0.0,
                0.9770002026273383,
                0.21323837381236013
            ]
        ],
        [
            [
                -0.24395839383953977,
                -0.0686892322178112,
                0.0
            ],
            [
                0.0,
                0.0,
                -0.591789529318854,
                0.8060925213575483
            ]
        ],
        [
            [
                0.35142621449546896,
                0.4557329025460519,
                0.0
            ],
            [
                -0.0,
                -0.0,
                0.46925793846468816,
                0.8830611457808972
            ]
        ]
    ],
    "difficulty": 0.8115204559332383
}