{
    "target_eff_poses": [
        [
            [
                -0.21788740158081055,
                0.08480141311883926,
                0.15715961158275604
            ],
            [
                0.6650170087814331,
                0.4274652600288391,
                -0.527902364730835,
                0.3103945851325989
            ]
        ],
        [
            [
                -0.326634019613266,
                0.5494434833526611,
                0.2725239396095276
            ],
            [
                -0.10009448975324631,
                0.8429076075553894,
                -0.04881317913532257,
                0.526407778263092
            ]
        ],
        [
            [
                0.1684766411781311,
                -0.6250569820404053,
                0.16084131598472595
            ],
            [
                0.5773595571517944,
                0.5484524369239807,
                0.013858611695468426,
                0.6047015190124512
            ]
        ],
        [
            [
                -0.15007665753364563,
                0.486797958612442,
                0.6456208825111389
            ],
            [
                0.007560072001069784,
                0.5035002827644348,
                -0.5668901801109314,
                0.6519708037376404
            ]
        ]
    ],
    "start_goal_config": [
        null,
        null,
        null,
        null
    ],
    "start_config": [
        [
            -3.1241160344779932,
            -2.6783704328005777,
            2.0835933116535528,
            -0.9521820433640099,
            -1.8536689539719668,
            8.491227510577754e-06
        ],
        [
            -5.22575162197204,
            -1.5604245893494733,
            1.7921196573934972,
            -1.4341373493496599,
            -2.595431615888264,
            2.5902378093149668e-05
        ],
        [
            -2.096507866866346,
            -0.8532205813771883,
            1.0941655337470138,
            -1.9325170636346314,
            -1.2045283969647835,
            -2.0748510664053167e-05
        ],
        [
            -3.3905461597413975,
            -2.5166396839407197,
            1.8149023784267102,
            -1.196724325876447,
            -1.911117680557913,
            -1.4117707051240833e-07
        ]
    ],
    "goal_config": [
        [
            -3.4246586217674158,
            -1.0736728258297108,
            1.4830341078939902,
            -1.7275302720966166,
            -1.610552649004222,
            1.1968781960726812e-06
        ],
        [
            -3.6344173120585808,
            -1.8487944261663014,
            2.0268657140896464,
            -1.292128019087772,
            -1.7814563043477063,
            1.5922514889244103e-08
        ],
        [
            -1.3091268690984792,
            -0.9747696580777626,
            1.4244208044386202,
            -1.74880965243543,
            -0.7368186311476957,
            -2.961922701212421e-05
        ],
        [
            -4.757549995475926,
            -1.822791314055623,
            1.3325080412146453,
            -1.595864572735348,
            -2.2715050113170308,
            3.4591324857944786e-05
        ]
    ],
    "base_poses": [
        [
            [
                -0.0302546046909159,
                0.6865639463716202,
                0.0
            ],
            [
                -0.0,
                -0.0,
                0.638805182843777,
                0.7693685322210213
            ]
        ],
        [
            [
                -0.622722819835232,
                0.45982965835074197,
                0.0
            ],
            [
                0.0,
                0.0,
                0.9665753603609614,
                -0.25638266857000613
            ]
        ],
        [
            [
                -0.442282760204283,
                -0.3022266881973673,
                0.0
            ],
            [
                -0.0,
                -0.0,
                0.25754022428288464,
                0.9662675783013324
            ]
        ],
        [
            [
                -0.4435726525777227,
                0.7158036598416746,
                0.0
            ],
            [
                0.0,
                0.0,
                0.9036270763937795,
                -0.4283200985338309
            ]
        ]
    ],
    "difficulty": 0.9182733001034515,
    "dynamic_speed": null
}