{
    "target_eff_poses": [
        [
            [
                -0.3653099834918976,
                -0.9316141605377197,
                0.23333153128623962
            ],
            [
                -0.5331811904907227,
                -0.527892529964447,
                0.634150505065918,
                -0.18681654334068298
            ]
        ],
        [
            [
                0.4278618097305298,
                0.20156732201576233,
                0.6723406910896301
            ],
            [
                0.30141711235046387,
                0.3326665461063385,
                -0.3099452257156372,
                0.8381018042564392
            ]
        ],
        [
            [
                -0.34276720881462097,
                0.8668504357337952,
                0.6524999141693115
            ],
            [
                -0.20967121422290802,
                0.4132847785949707,
                -0.15444856882095337,
                0.8725705146789551
            ]
        ],
        [
            [
                0.6567347645759583,
                -0.0966806411743164,
                0.6474499106407166
            ],
            [
                0.4530547857284546,
                0.1549983024597168,
                -0.5927847623825073,
                0.6475515961647034
            ]
        ]
    ],
    "start_goal_config": [
        null,
        null,
        null,
        null
    ],
    "start_config": [
        [
            -3.6048419293541576,
            -2.8865954371392766,
            2.1496408680780545,
            -0.8743132048767714,
            -2.523781618834454,
            1.6874435001503586e-05
        ],
        [
            -2.9392890570838888,
            -2.515184502683959,
            1.126335030517611,
            -1.5403192946468238,
            -1.7825942484763315,
            1.1981096664457025e-06
        ],
        [
            -3.9449704586687404,
            -2.175285781006823,
            1.6509175368152018,
            -1.3798280624814552,
            -1.9622611085861446,
            3.435072890833438e-05
        ],
        [
            -5.332403309457101,
            -1.0320745607560733,
            1.7156078141116105,
            -1.5532054356044884,
            -2.811867391977841,
            2.779805206496901e-05
        ]
    ],
    "goal_config": [
        [
            -4.7465156047276835,
            -1.1201780289603847,
            1.4122233078563549,
            -1.7365836365319007,
            -2.064717253045246,
            3.455740356593305e-05
        ],
        [
            -2.1956244085005845,
            -1.8715397780578138,
            1.2836797892000644,
            -1.622647843426489,
            -1.1888675563455287,
            9.43118588545918e-06
        ],
        [
            -4.815847031055151,
            -1.586973943826671,
            1.1394366301816028,
            -1.7303126433323421,
            -2.2154978036641317,
            3.3812052025937995e-05
        ],
        [
            -1.9327731814951765,
            -1.759467560874956,
            1.2668462713930124,
            -1.6503054032955011,
            -1.0708965977091747,
            -2.113162989387239e-05
        ]
    ],
    "base_poses": [
        [
            [
                -0.09781742927110759,
                -0.34801412991340985,
                0.0
            ],
            [
                0.0,
                0.0,
                0.972545047286424,
                0.23271469871636236
            ]
        ],
        [
            [
                0.1270587899218697,
                0.4377360472255669,
                0.0
            ],
            [
                -0.0,
                -0.0,
                0.5249276063588039,
                0.8511468780900372
            ]
        ],
        [
            [
                -0.7967193785890792,
                0.6968193647317145,
                0.0
            ],
            [
                0.0,
                0.0,
                -0.5534501561423397,
                0.8328822994073171
            ]
        ],
        [
            [
                0.662547257733838,
                0.3451536861470177,
                0.0
            ],
            [
                0.0,
                0.0,
                -0.024837906197856346,
                0.9996914916191427
            ]
        ]
    ],
    "difficulty": 0.40911866476694486
}