{
    "target_eff_poses": [
        [
            [
                0.4499843418598175,
                0.8675018548965454,
                0.12655743956565857
            ],
            [
                -0.5805980563163757,
                0.7306129336357117,
                0.3139098584651947,
                0.1748463213443756
            ]
        ],
        [
            [
                -0.018112409859895706,
                0.412944495677948,
                0.20903874933719635
            ],
            [
                -0.24559620022773743,
                0.8646402955055237,
                0.43564751744270325,
                -0.047863561660051346
            ]
        ],
        [
            [
                0.022357160225510597,
                0.052929893136024475,
                0.6218385100364685
            ],
            [
                0.267661988735199,
                0.37171220779418945,
                -0.47040700912475586,
                0.7542575001716614
            ]
        ],
        [
            [
                0.6696073412895203,
                -0.22075775265693665,
                0.24728140234947205
            ],
            [
                -0.3261701762676239,
                0.7671930193901062,
                0.2622600197792053,
                0.48605310916900635
            ]
        ]
    ],
    "start_goal_config": [
        null,
        null,
        null,
        null
    ],
    "start_config": [
        [
            -3.6246965680099326,
            -1.6275583859599339,
            2.0208934001874606,
            -1.361701076169591,
            -1.7497004030624255,
            1.006300978132461e-08
        ],
        [
            -1.2579150825210181,
            -1.265323810470859,
            1.4796163941009486,
            -1.6399880220257703,
            -0.6741530415994172,
            -2.8025094519787976e-05
        ],
        [
            -3.024615738885302,
            -1.8557300568429838,
            2.2222950095477145,
            -1.1902683036678863,
            -1.6262097281040717,
            1.5435710335697293e-05
        ],
        [
            -2.7902757864882712,
            -2.894277776430031,
            1.889199664419029,
            -0.9972571083444379,
            -1.528866615452693,
            -4.090215490701242e-06
        ]
    ],
    "goal_config": [
        [
            -2.051300765149295,
            -1.5061815596653436,
            2.151453100941611,
            -1.3803491225980675,
            -1.1796821915331555,
            1.7365228988735734e-10
        ],
        [
            -1.0289528499756915,
            -1.2191789619125657,
            1.7654214996521242,
            -1.4535339382100825,
            -0.16733344805283543,
            -5.224793477790681e-05
        ],
        [
            -3.016073891108026,
            -1.5505469809688597,
            1.134669429037627,
            -1.7741063797583758,
            -1.504360629183778,
            -3.3373670735508635e-06
        ],
        [
            -2.7396653612020008,
            -1.5591753152449175,
            1.8454051994503564,
            -1.4564538733678454,
            -1.4779911491092792,
            6.504500256753073e-07
        ]
    ],
    "base_poses": [
        [
            [
                0.6578132965552268,
                0.5823414223659542,
                0.0
            ],
            [
                0.0,
                0.0,
                0.948637536720046,
                -0.3163650169119892
            ]
        ],
        [
            [
                0.40618045140779,
                -0.00047442412041331927,
                0.0
            ],
            [
                0.0,
                0.0,
                0.9969723656093126,
                0.07775668595928663
            ]
        ],
        [
            [
                -0.28379066628373484,
                0.4891846668442601,
                0.0
            ],
            [
                -0.0,
                -0.0,
                0.7938880593361463,
                0.6080639351610055
            ]
        ],
        [
            [
                0.5034766861150608,
                -0.6229276656148,
                0.0
            ],
            [
                0.0,
                0.0,
                0.969543841937702,
                -0.24491782001455134
            ]
        ]
    ],
    "difficulty": 0.9355779178030659,
    "dynamic_speed": null,
    "ur5_count": 4,
    "id": "007583",
    "task_path": "/home/hqh2101/workspace-sharing-multiarm/src/data/8f14d7-hard-vlo-tasks/007583.json"
}