{
    "target_eff_poses": [
        [
            [
                -0.2489897906780243,
                1.4286867380142212,
                0.10433631390333176
            ],
            [
                0.594727635383606,
                -0.382113516330719,
                -0.5161718130111694,
                -0.48358556628227234
            ]
        ]
    ],
    "start_goal_config": [
        null
    ],
    "start_config": [
        [
            -2.94055983106803,
            -2.654150258795178,
            1.5779591189386726,
            -1.2715072924646114,
            -1.596026367680851,
            1.8747010007778611e-06
        ]
    ],
    "goal_config": [
        [
            -4.057090254230629,
            -0.7437506753582275,
            1.1217525168526405,
            -1.9493712904492595,
            -1.7525260315953508,
            1.3374524394649998e-05
        ]
    ],
    "base_poses": [
        [
            [
                0.02276279938949699,
                0.7009814268290293,
                0.0
            ],
            [
                0.0,
                0.0,
                -0.20277935209610504,
                0.9792244555583177
            ]
        ]
    ],
    "difficulty": 0.0
}