{
    "target_eff_poses": [
        [
            [
                0.7817456126213074,
                0.36483103036880493,
                0.5469897985458374
            ],
            [
                -0.4243863523006439,
                -0.3021802604198456,
                0.8156834840774536,
                -0.2514827847480774
            ]
        ],
        [
            [
                0.49792104959487915,
                0.6048613786697388,
                0.16398975253105164
            ],
            [
                -0.2753134071826935,
                0.799447238445282,
                0.18852739036083221,
                0.49954384565353394
            ]
        ],
        [
            [
                1.0997681617736816,
                -0.5989421606063843,
                0.09979447722434998
            ],
            [
                0.11952108144760132,
                0.7221267819404602,
                -0.28884419798851013,
                0.6171035170555115
            ]
        ]
    ],
    "start_goal_config": [
        null,
        null,
        null
    ],
    "start_config": [
        [
            -3.8661664644592957,
            -2.2324199955509156,
            1.3279446948829283,
            -1.5143798553224028,
            -2.2245059724118827,
            3.596018511456268e-05
        ],
        [
            -2.9284978601904657,
            -3.1777553782793984,
            2.002615956579069,
            -0.7120404107829353,
            -2.15114605800922,
            1.0045801599902434e-05
        ],
        [
            -4.217524583659082,
            -1.4467355539941913,
            1.465762482748269,
            -1.644745661037666,
            -1.8627093950041793,
            2.3069176464871743e-05
        ]
    ],
    "goal_config": [
        [
            -3.2945428160003756,
            -2.543612459871975,
            1.7300708056123686,
            -1.2320517177524697,
            -1.8905079772107563,
            2.692463226780906e-05
        ],
        [
            -3.064309811927629,
            -1.2671362095789052,
            1.7230852351325594,
            -1.582443380032219,
            -1.5415822669894141,
            2.274348970477292e-06
        ],
        [
            -4.310966400895987,
            -0.780507173127271,
            1.191757454719715,
            -1.9104744362566086,
            -1.8445437228247061,
            1.988393519210114e-05
        ]
    ],
    "base_poses": [
        [
            [
                0.763221385065723,
                0.4530214908019514,
                0.0
            ],
            [
                -0.0,
                -0.0,
                0.510186039588407,
                0.8600640702930779
            ]
        ],
        [
            [
                0.17839682617785257,
                0.19302720713498478,
                0.0
            ],
            [
                0.0,
                0.0,
                0.9530552179388831,
                -0.30279655143258805
            ]
        ],
        [
            [
                0.44210817302715033,
                -0.23706814600079085,
                0.0
            ],
            [
                0.0,
                0.0,
                0.9599993440214186,
                -0.28000224905962073
            ]
        ]
    ],
    "difficulty": 0.7320605661619487,
    "dynamic_speed": null
}