{
    "target_eff_poses": [
        [
            [
                -0.3595428764820099,
                -0.08603691309690475,
                0.11289898306131363
            ],
            [
                -0.3171612620353699,
                0.747792661190033,
                0.4846809506416321,
                0.3244985342025757
            ]
        ]
    ],
    "start_goal_config": [
        null
    ],
    "start_config": [
        [
            -4.120887603215163,
            -1.8210239720509183,
            1.17596525324621,
            -1.6882001642535267,
            -1.918702038748234,
            2.6812411959383314e-05
        ]
    ],
    "goal_config": [
        [
            -1.623415665642192,
            -0.9644406697579697,
            1.4764880319971154,
            -1.7575510550580924,
            -0.9911099943812767,
            -2.9091115204445433e-05
        ]
    ],
    "base_poses": [
        [
            [
                -0.3023687563264897,
                -0.7476003592208477,
                0.0
            ],
            [
                0.0,
                0.0,
                0.9976807046503453,
                0.06806769842142835
            ]
        ]
    ],
    "difficulty": 0.0
}