{
    "target_eff_poses": [
        [
            [
                -0.9976587295532227,
                -0.21377921104431152,
                0.49414557218551636
            ],
            [
                0.6568104028701782,
                0.12536214292049408,
                -0.6550792455673218,
                -0.35178905725479126
            ]
        ],
        [
            [
                0.26013708114624023,
                -0.4769725799560547,
                0.16903217136859894
            ],
            [
                0.7628105282783508,
                0.613970160484314,
                0.07457920908927917,
                0.18867596983909607
            ]
        ],
        [
            [
                -0.2677669823169708,
                1.1884890794754028,
                0.09548358619213104
            ],
            [
                0.867987871170044,
                -0.28103065490722656,
                -0.10629227012395859,
                -0.3953743577003479
            ]
        ],
        [
            [
                0.0073691001161932945,
                0.004972060676664114,
                0.26046115159988403
            ],
            [
                -0.024005742743611336,
                0.8610633015632629,
                0.15450289845466614,
                0.4838622212409973
            ]
        ]
    ],
    "start_goal_config": [
        null,
        null,
        null,
        null
    ],
    "start_config": [
        [
            -3.115891613272397,
            -2.8506746609681146,
            1.3800839750964984,
            -1.3054124301534713,
            -1.1509060683684713,
            1.0250475372453536e-06
        ],
        [
            -2.9911432633609403,
            -2.509222922090181,
            1.2541067433029425,
            -1.477618611857899,
            -1.481367099268816,
            5.037999935860229e-06
        ],
        [
            -2.9804598322309124,
            -2.88527884925114,
            1.7271038599967334,
            -1.1210900518918363,
            -2.236067675385588,
            2.1443985345859354e-05
        ],
        [
            -4.872869202533111,
            -1.4750757610086915,
            1.3254789716401605,
            -1.6760689889251874,
            -2.1886397789620733,
            2.922476702034078e-05
        ]
    ],
    "goal_config": [
        [
            -4.611630890877539,
            -2.0666779219666243,
            1.751557436161437,
            -1.3616274488048985,
            -2.2522161467584207,
            2.37161602917487e-05
        ],
        [
            -1.794751785631682,
            -2.2925205005862646,
            2.6492409577559095,
            -0.7653184737577607,
            -0.30128115109024217,
            -3.169462838248101e-07
        ],
        [
            -5.191495705924052,
            -1.1125647663979747,
            1.8338849025926967,
            -1.5649198953523447,
            -2.5658294865054,
            2.4831266997869214e-05
        ],
        [
            -2.198251456250291,
            -1.8856130680612737,
            2.0850432562343557,
            -1.2649922655724175,
            -1.2895898758099167,
            -1.648383270519681e-07
        ]
    ],
    "base_poses": [
        [
            [
                -0.7266283876309816,
                -0.2702939478118863,
                0.0
            ],
            [
                -0.0,
                -0.0,
                0.5504607356262201,
                0.8348610534297553
            ]
        ],
        [
            [
                0.06753457738585822,
                -0.6358650776309352,
                0.0
            ],
            [
                -0.0,
                -0.0,
                0.5964299774401548,
                0.8026651119930007
            ]
        ],
        [
            [
                -0.2931975647929166,
                0.6829166783567862,
                0.0
            ],
            [
                -0.0,
                -0.0,
                0.21267973878854862,
                0.9771219620440607
            ]
        ],
        [
            [
                -0.20439111756775452,
                -0.22308952758143696,
                0.0
            ],
            [
                0.0,
                0.0,
                0.9543872925644304,
                0.29857142494139716
            ]
        ]
    ],
    "difficulty": 0.9466754443712969,
    "dynamic_speed": null
}