{
    "target_eff_poses": [
        [
            [
                0.3788430988788605,
                -0.11352826654911041,
                0.26946166157722473
            ],
            [
                0.8724085688591003,
                0.08231352269649506,
                -0.3039681017398834,
                0.3738064169883728
            ]
        ],
        [
            [
                -0.4365149736404419,
                0.8674126267433167,
                0.5183972120285034
            ],
            [
                -0.47144395112991333,
                0.35408639907836914,
                0.5767342448234558,
                0.5654564499855042
            ]
        ],
        [
            [
                0.16132524609565735,
                -0.24124813079833984,
                0.6022092700004578
            ],
            [
                -0.19641557335853577,
                0.5372744202613831,
                -0.3846485912799835,
                0.7244325876235962
            ]
        ],
        [
            [
                -0.08111045509576797,
                -1.3122466802597046,
                0.5877549648284912
            ],
            [
                -0.29266345500946045,
                -0.4054543375968933,
                0.753819465637207,
                -0.4262757897377014
            ]
        ]
    ],
    "start_goal_config": [
        null,
        null,
        null,
        null
    ],
    "start_config": [
        [
            -3.1573553719106733,
            -2.6130369147138124,
            1.5369355840207255,
            -1.3085855758223468,
            -2.057186890301408,
            2.4657405223218104e-05
        ],
        [
            -1.6987501541066476,
            -2.132691433502631,
            1.8692088072918083,
            -1.27944239106699,
            -0.6064442677945453,
            -2.330592072898296e-05
        ],
        [
            -1.4786106281979956,
            -1.5788204469068425,
            1.7975302155855708,
            -1.4733663540947195,
            -0.84602337946747,
            -2.1623029144804283e-05
        ],
        [
            -4.0758993458564,
            -2.1609329148072836,
            1.5564352245401556,
            -1.4275492671435563,
            -2.0412442814008314,
            1.040443223377384e-05
        ]
    ],
    "goal_config": [
        [
            -1.9688978283572238,
            -2.5597565874814743,
            2.3689388638692073,
            -0.8146077780818449,
            -0.7767822912392323,
            2.5891707658673915e-05
        ],
        [
            -3.166595178554112,
            -2.357278487473858,
            1.7527267551315826,
            -1.2758932569630654,
            -1.7021405781865844,
            1.2178094249261511e-05
        ],
        [
            -4.841977422698441,
            -1.9168393880035612,
            1.4908217340868388,
            -1.4975389161260892,
            -2.4094013066312097,
            3.481741663579099e-05
        ],
        [
            -4.539087196150849,
            -1.5004731453174538,
            1.163668216799802,
            -1.7574726854622595,
            -2.001733459398098,
            2.9093665007042364e-05
        ]
    ],
    "base_poses": [
        [
            [
                0.2449121450735432,
                0.0494193483547416,
                0.0
            ],
            [
                0.0,
                0.0,
                -0.09511781412146884,
                0.9954660222412183
            ]
        ],
        [
            [
                -0.3226654930991762,
                0.7317016715074143,
                0.0
            ],
            [
                0.0,
                0.0,
                -0.6421861862928426,
                0.7665486952142404
            ]
        ],
        [
            [
                -0.16913379876394075,
                -0.2080733438730915,
                0.0
            ],
            [
                0.0,
                0.0,
                -0.7099345979353407,
                0.7042676101130777
            ]
        ],
        [
            [
                -0.07593554133042635,
                -0.768404298411306,
                0.0
            ],
            [
                0.0,
                0.0,
                0.9899467225366895,
                0.14144075275134418
            ]
        ]
    ],
    "difficulty": 0.5536332179930796
}