{
    "target_eff_poses": [
        [
            [
                -0.5681498050689697,
                0.5712800621986389,
                0.359881728887558
            ],
            [
                0.7150099873542786,
                0.2893313467502594,
                -0.6346099972724915,
                0.048148125410079956
            ]
        ],
        [
            [
                0.0539349727332592,
                -0.6991702318191528,
                0.11194026470184326
            ],
            [
                0.7719765305519104,
                0.38589632511138916,
                -0.5027531981468201,
                -0.04873885586857796
            ]
        ]
    ],
    "start_goal_config": [
        null,
        null
    ],
    "start_config": [
        [
            -3.283262828355953,
            -2.7545981936062596,
            1.9485965542762222,
            -1.0342775283377037,
            -2.0498243457881586,
            1.9333316893834808e-05
        ],
        [
            -3.5427148749145103,
            -1.7307246030903893,
            1.4531651403041526,
            -1.5842153080368724,
            -1.6883629314129456,
            1.7481629091430662e-05
        ]
    ],
    "goal_config": [
        [
            -4.022326856981627,
            -1.8610452392380334,
            1.853213281702816,
            -1.3718916350719785,
            -1.879578138012667,
            2.47880371845143e-05
        ],
        [
            -4.79986471549982,
            -1.1103533554321035,
            1.692249015486325,
            -1.6408975548493565,
            -2.130975956085106,
            3.092478321162626e-05
        ]
    ],
    "base_poses": [
        [
            [
                -0.29445339246616187,
                0.784703802857283,
                0.0
            ],
            [
                -0.0,
                -0.0,
                0.6213758641491999,
                0.7835126262242589
            ]
        ],
        [
            [
                0.5483954725487339,
                -0.4661916081226178,
                0.0
            ],
            [
                -0.0,
                -0.0,
                0.8482150552386807,
                0.5296519801402068
            ]
        ]
    ],
    "difficulty": 0.01017708121310808
}