{
    "target_eff_poses": [
        [
            [
                0.5142239928245544,
                -0.5322805047035217,
                0.6415752172470093
            ],
            [
                -0.07559951394796371,
                0.4838566780090332,
                -0.2457907795906067,
                0.8365132212638855
            ]
        ],
        [
            [
                -0.5446605086326599,
                -0.3356117606163025,
                0.23977825045585632
            ],
            [
                0.8407725095748901,
                -0.054601430892944336,
                -0.5002152919769287,
                -0.19976207613945007
            ]
        ],
        [
            [
                0.4153324365615845,
                0.06995125114917755,
                0.7696307301521301
            ],
            [
                -0.24891236424446106,
                -0.09522603452205658,
                0.9235500693321228,
                0.2757352292537689
            ]
        ],
        [
            [
                1.0261433124542236,
                -0.0005665174685418606,
                0.4553270936012268
            ],
            [
                -0.1853155493736267,
                0.5340861678123474,
                0.43872034549713135,
                0.6985231637954712
            ]
        ]
    ],
    "start_goal_config": [
        null,
        null,
        null,
        null
    ],
    "start_config": [
        [
            -2.173589905420389,
            -1.7338058384801618,
            1.4726564316069584,
            -1.57180659700864,
            -1.2577811750248111,
            -1.32585511094461e-05
        ],
        [
            -4.1025754878093394,
            -1.442871030920616,
            1.628309470055438,
            -1.5779302234359112,
            -1.8330089176822322,
            1.2400330789829872e-05
        ],
        [
            -1.084190705227122,
            -1.0636537811710773,
            1.3010249261941371,
            -1.6884150770672885,
            -0.4422194993948541,
            -5.2203898352181376e-05
        ],
        [
            -3.640123440721562,
            -1.35242035229991,
            1.3212082873740663,
            -1.7325910961554631,
            -1.6739509078597454,
            2.518435876510986e-06
        ]
    ],
    "goal_config": [
        [
            -4.24841597273162,
            -1.9553530802696444,
            1.3915772193654592,
            -1.5542598668258,
            -2.011575789951146,
            8.013190240456239e-06
        ],
        [
            -4.168215802831848,
            -1.5473136673800485,
            1.864525043646592,
            -1.4548272614300508,
            -1.8858931100166478,
            1.8387263438700559e-07
        ],
        [
            -3.4441159001324935,
            -2.336621910053553,
            1.2570668886054603,
            -1.522494737346837,
            -2.2263439311891813,
            1.7473853741774318e-05
        ],
        [
            -2.483190911249311,
            -1.2660249778307067,
            1.1517175330175857,
            -1.8256327210951284,
            -1.343969057016369,
            -1.0414023303049198e-05
        ]
    ],
    "base_poses": [
        [
            [
                0.195791068304086,
                -0.5445435830638609,
                0.0
            ],
            [
                0.0,
                0.0,
                0.8832635200760534,
                -0.4688769071972508
            ]
        ],
        [
            [
                -0.13889041413736936,
                -0.45273985193167976,
                0.0
            ],
            [
                -0.0,
                -0.0,
                0.28682634461191403,
                0.957982592762816
            ]
        ],
        [
            [
                0.4404961781801848,
                0.10183697110506496,
                0.0
            ],
            [
                -0.0,
                -0.0,
                0.18778060695236143,
                0.9822109975217151
            ]
        ],
        [
            [
                0.7266382864413294,
                -0.5951334679529646,
                0.0
            ],
            [
                0.0,
                0.0,
                0.9930243162513364,
                -0.11790974231829195
            ]
        ]
    ],
    "difficulty": 0.7645023407286791
}