{
    "target_eff_poses": [
        [
            [
                -0.5553230047225952,
                -0.030449537560343742,
                0.31766435503959656
            ],
            [
                0.39365729689598083,
                0.6754567623138428,
                -0.5059719681739807,
                0.36439603567123413
            ]
        ],
        [
            [
                0.03337298706173897,
                0.037117160856723785,
                0.21123912930488586
            ],
            [
                0.4987388551235199,
                0.4392068684101105,
                -0.49289074540138245,
                0.5616185665130615
            ]
        ]
    ],
    "start_goal_config": [
        null,
        null
    ],
    "start_config": [
        [
            -2.648328448760329,
            -2.477694160853745,
            2.0580992774667406,
            -1.0598291630053203,
            -1.5028488900205423,
            -5.718355621633325e-06
        ],
        [
            -2.936145044426133,
            -1.3497304662104073,
            1.2637966270217509,
            -1.759130528335191,
            -1.482311752485915,
            -1.5543229431692035e-06
        ]
    ],
    "goal_config": [
        [
            -3.1702054625790193,
            -2.774070395760731,
            2.201149485762903,
            -0.7735815706643728,
            -1.9897656782890907,
            5.022970599822879e-06
        ],
        [
            -2.9011369943946916,
            -0.8884814174704346,
            1.1220017961001099,
            -1.9212950167851388,
            -1.4423273417427955,
            -5.256813816814764e-06
        ]
    ],
    "base_poses": [
        [
            [
                -0.6112153290000653,
                -0.03700091350996482,
                0.0
            ],
            [
                -0.0,
                -0.0,
                0.7499207264017869,
                0.6615277047206838
            ]
        ],
        [
            [
                -0.09371568102893879,
                0.7955587212859621,
                0.0
            ],
            [
                -0.0,
                -0.0,
                0.6178586540784388,
                0.7862891857201014
            ]
        ]
    ],
    "difficulty": 0.23474090096868241,
    "dynamic_speed": null,
    "ur5_count": 2,
    "id": "007787",
    "task_path": "/home/hqh2101/workspace-sharing-multiarm/src/data/8f14d7-hard-vlo-tasks/007787.json"
}