{
    "target_eff_poses": [
        [
            [
                0.5818427205085754,
                -0.8947880268096924,
                0.3128942847251892
            ],
            [
                0.6447633504867554,
                0.44776877760887146,
                -0.5517013669013977,
                0.2817959487438202
            ]
        ],
        [
            [
                0.4173838496208191,
                -0.02474423125386238,
                0.3960341513156891
            ],
            [
                0.7446370124816895,
                -0.06514627486467361,
                -0.6267646551132202,
                0.22008588910102844
            ]
        ],
        [
            [
                -0.4863910377025604,
                -1.027798056602478,
                0.686083197593689
            ],
            [
                0.07315719872713089,
                -0.060746368020772934,
                0.6853047609329224,
                0.722021758556366
            ]
        ],
        [
            [
                0.09651177376508713,
                -0.6950979828834534,
                0.7023219466209412
            ],
            [
                0.006363473832607269,
                0.0802786573767662,
                0.29317718744277954,
                0.9526605010032654
            ]
        ]
    ],
    "start_goal_config": [
        null,
        null,
        null,
        null
    ],
    "start_config": [
        [
            -2.972398005457949,
            -2.7197336301564223,
            1.542203863910422,
            -1.2690798459908588,
            -1.8283897853040953,
            1.2507280135739391e-08
        ],
        [
            -3.062049873868829,
            -1.6624884508510829,
            1.3946148217139271,
            -1.6274399165300049,
            -1.5429847777450978,
            4.9081121589666254e-06
        ],
        [
            -1.7926169746391123,
            -1.313609128632577,
            1.3441766647569084,
            -1.7216793016249483,
            -1.1004179051158074,
            -2.312072460767239e-05
        ],
        [
            -2.752470668435736,
            -2.177115034273492,
            1.7130822064972528,
            -1.3473912323387967,
            -1.4940493498210612,
            -1.191605276579935e-06
        ]
    ],
    "goal_config": [
        [
            -3.57514190304174,
            -1.6268458058682285,
            1.7631612833814594,
            -1.4725293312637269,
            -1.7055659272718615,
            1.759889808333592e-05
        ],
        [
            -1.9743344771686193,
            -2.0080814110656324,
            1.8787191222646638,
            -1.3236970217367265,
            -1.1458381869893908,
            -1.8802307734012654e-05
        ],
        [
            -2.8988272227032494,
            -2.8934278178601964,
            1.026324859901122,
            -1.46495756784521,
            -1.6893115209382068,
            -1.885770764505122e-06
        ],
        [
            -3.188339061524854,
            -2.7886892915499875,
            1.2180341617178037,
            -1.409692477991984,
            -1.1930171180040974,
            -2.2967635987216435e-05
        ]
    ],
    "base_poses": [
        [
            [
                0.7025137448314767,
                -0.4751417032255207,
                0.0
            ],
            [
                -0.0,
                -0.0,
                0.6863087759277807,
                0.727310294224213
            ]
        ],
        [
            [
                0.6571136868980711,
                0.20456062744618508,
                0.0
            ],
            [
                0.0,
                0.0,
                -0.44253397364344266,
                0.8967517394303425
            ]
        ],
        [
            [
                -0.42050980690219064,
                -0.6048214935962792,
                0.0
            ],
            [
                0.0,
                0.0,
                -0.7666499757516061,
                0.6420652729123899
            ]
        ],
        [
            [
                0.3886520309124264,
                -0.7909368875761086,
                0.0
            ],
            [
                0.0,
                0.0,
                0.9911645017731746,
                -0.13263834447374032
            ]
        ]
    ],
    "difficulty": 0.8503241567227285,
    "dynamic_speed": null,
    "ur5_count": 4,
    "id": "007789",
    "task_path": "/home/hqh2101/workspace-sharing-multiarm/src/data/8f14d7-hard-vlo-tasks/007789.json"
}