{
    "target_eff_poses": [
        [
            [
                0.3483574390411377,
                -0.7961276173591614,
                0.6959901452064514
            ],
            [
                0.07470738142728806,
                0.38357001543045044,
                -0.39449334144592285,
                0.8316657543182373
            ]
        ],
        [
            [
                -0.41982725262641907,
                0.39245250821113586,
                0.7657167911529541
            ],
            [
                -0.208754763007164,
                -0.18707990646362305,
                0.9216146469116211,
                -0.26841938495635986
            ]
        ],
        [
            [
                0.03783731162548065,
                -0.3875332772731781,
                0.21469028294086456
            ],
            [
                -0.24280063807964325,
                0.9413620829582214,
                -0.23405638337135315,
                0.01014025043696165
            ]
        ],
        [
            [
                1.2677783966064453,
                -0.05387541651725769,
                0.5144611597061157
            ],
            [
                0.17865872383117676,
                0.05759475380182266,
                0.9802588820457458,
                -0.06210007146000862
            ]
        ]
    ],
    "start_goal_config": [
        null,
        null,
        null,
        null
    ],
    "start_config": [
        [
            -2.7076302919820527,
            -2.889442486362433,
            0.949887258478313,
            -1.5025415975404701,
            -1.9585231369436042,
            -2.0875207503199684e-05
        ],
        [
            -1.740466830148039,
            -1.9066415341001932,
            1.9843845219689569,
            -1.3129504284906115,
            -0.9880950490574195,
            -1.8408791556115897e-07
        ],
        [
            -1.9726172323668993,
            -1.6373608078493698,
            1.2658465739878773,
            -1.6823746498910441,
            -1.1420865422848288,
            -1.967691606864961e-05
        ],
        [
            -2.960485119756232,
            -2.849927108442827,
            1.3518067172194559,
            -1.3173087309672924,
            -1.5932374979339134,
            1.2866845456444858e-06
        ]
    ],
    "goal_config": [
        [
            -3.4801223689913168,
            -2.2157155456519093,
            1.3758406765131812,
            -1.4987671019538797,
            -1.8213396976187144,
            -7.4593543443114545e-06
        ],
        [
            -3.4937941472038174,
            -2.2749006970843397,
            1.2466112731753867,
            -1.5450408565509828,
            -2.0181253353433544,
            3.0723476874708284e-05
        ],
        [
            -5.1836949178670215,
            -1.7955777442642835,
            2.381217895653837,
            -1.058566609122583,
            -3.35072748185674,
            2.113441629910955e-05
        ],
        [
            -2.8361825522279056,
            -3.1979910974981145,
            0.9880182074942511,
            -1.3092902175123788,
            -1.819416954452201,
            -1.3521254989929502e-05
        ]
    ],
    "base_poses": [
        [
            [
                0.17237029425316552,
                -0.7619467284143666,
                0.0
            ],
            [
                0.0,
                0.0,
                0.9890125269233527,
                0.14783173403800864
            ]
        ],
        [
            [
                -0.42401385455887175,
                0.48588290861653505,
                0.0
            ],
            [
                -0.0,
                -0.0,
                0.631261325591183,
                0.7755702023755571
            ]
        ],
        [
            [
                -0.03214780445314658,
                -0.09597840444827099,
                0.0
            ],
            [
                0.0,
                0.0,
                0.9273576166537553,
                -0.37417622964890035
            ]
        ],
        [
            [
                0.7034774714586776,
                -0.19317157223769144,
                0.0
            ],
            [
                -0.0,
                -0.0,
                0.03486555511462924,
                0.999392011708393
            ]
        ]
    ],
    "difficulty": 0.9000282140505972,
    "dynamic_speed": null
}