{
    "target_eff_poses": [
        [
            [
                0.8223369121551514,
                0.8460373878479004,
                0.7827799916267395
            ],
            [
                -0.1153174489736557,
                0.27034473419189453,
                0.008374350145459175,
                0.9557957649230957
            ]
        ],
        [
            [
                -0.08427400887012482,
                0.32795900106430054,
                0.6187127232551575
            ],
            [
                -0.3733426630496979,
                0.270734578371048,
                0.1249246597290039,
                0.878471314907074
            ]
        ],
        [
            [
                0.3311603367328644,
                0.03219613432884216,
                0.594008207321167
            ],
            [
                -0.4312301278114319,
                0.06638361513614655,
                0.7674342393875122,
                0.4697643518447876
            ]
        ],
        [
            [
                -0.12726560235023499,
                0.6343027949333191,
                0.5732300877571106
            ],
            [
                -0.4739284813404083,
                -0.13229036331176758,
                0.8473360538482666,
                0.19978174567222595
            ]
        ]
    ],
    "start_goal_config": [
        null,
        null,
        null,
        null
    ],
    "start_config": [
        [
            -1.587538694459637,
            -1.3705927195942655,
            1.5193028786789662,
            -1.6338352211539926,
            -0.9826439268906417,
            -2.2060750564698303e-05
        ],
        [
            -3.1429626893355755,
            -2.894290058991838,
            1.9923360360634206,
            -0.934954941360021,
            -2.065057227362633,
            1.4333250365715613e-05
        ],
        [
            -3.337870440102291,
            -2.445419708892126,
            1.4047494307771973,
            -1.422294157516886,
            -2.0702403207187103,
            2.8152881498713854e-05
        ],
        [
            -3.2792887199007255,
            -1.4998580621613467,
            2.3862583816341285,
            -1.2678595310967347,
            -1.709794604191246,
            3.159161811888426e-10
        ]
    ],
    "goal_config": [
        [
            -3.818063950374727,
            -2.063517469934945,
            1.159191076023962,
            -1.6406189922657497,
            -1.965264306911347,
            3.0254174063565243e-05
        ],
        [
            -3.588438946663836,
            -2.5319692726416414,
            1.637975140481187,
            -1.2889574735573008,
            -2.3729200716385312,
            5.598752405025644e-06
        ],
        [
            -3.2103971514512892,
            -2.6108868390886357,
            1.6330994621949992,
            -1.2608085414550974,
            -1.9673579190417805,
            2.329040161403754e-05
        ],
        [
            -3.439744149516181,
            -2.5562297810323047,
            1.693436722786404,
            -1.249923274170005,
            -2.074551260413336,
            6.311948161416069e-07
        ]
    ],
    "base_poses": [
        [
            [
                0.6683448856167999,
                0.7141474325638788,
                0.0
            ],
            [
                0.0,
                0.0,
                -0.855523460599119,
                0.5177640469987342
            ]
        ],
        [
            [
                -0.08282906913148369,
                0.2970873758645942,
                0.0
            ],
            [
                0.0,
                0.0,
                -0.7208656981103666,
                0.6930747761157189
            ]
        ],
        [
            [
                0.3701698341854667,
                0.07639400337139934,
                0.0
            ],
            [
                0.0,
                0.0,
                -0.3113352815492983,
                0.9503001328331061
            ]
        ],
        [
            [
                -0.08852953590360035,
                0.6823138124582238,
                0.0
            ],
            [
                -0.0,
                -0.0,
                0.16859673318573712,
                0.9856851127815096
            ]
        ]
    ],
    "difficulty": 0.8778331609141352,
    "dynamic_speed": null
}