{
    "target_eff_poses": [
        [
            [
                0.2577550709247589,
                0.36690568923950195,
                0.2848658561706543
            ],
            [
                0.07921923696994781,
                0.8451746106147766,
                -0.09252584725618362,
                0.5204259157180786
            ]
        ],
        [
            [
                -0.7826076149940491,
                -1.1045477390289307,
                0.2579076588153839
            ],
            [
                0.6891295909881592,
                0.10979659110307693,
                -0.6453031897544861,
                0.31085190176963806
            ]
        ],
        [
            [
                -0.8654128313064575,
                0.06556612253189087,
                0.5012989044189453
            ],
            [
                -0.5968160629272461,
                0.09861829876899719,
                0.7318098545074463,
                0.3139098584651947
            ]
        ],
        [
            [
                -0.7022797465324402,
                1.007104516029358,
                0.2901669144630432
            ],
            [
                0.6302998065948486,
                -0.536642849445343,
                -0.43977195024490356,
                -0.3483349680900574
            ]
        ]
    ],
    "start_goal_config": [
        null,
        null,
        null,
        null
    ],
    "start_config": [
        [
            -2.248825174513528,
            -2.9417841299027643,
            2.2914214653322027,
            -0.5423917971971111,
            -0.885528058444168,
            2.967680495109984e-07
        ],
        [
            -2.8242352292518937,
            -2.6364243472486764,
            1.2886664899588132,
            -1.4369696529046185,
            -2.7722665161183917,
            -3.2270576239058336e-05
        ],
        [
            -1.6988775715858286,
            -1.853244261367813,
            2.3421253075547463,
            -1.196890796666144,
            -0.7263084419374151,
            3.618209422075958e-06
        ],
        [
            -3.449287022722191,
            -2.1972443527705914,
            1.5979386846517007,
            -1.3977287111018046,
            -1.765581329140806,
            -6.252099355158062e-06
        ]
    ],
    "goal_config": [
        [
            -2.9214274255344344,
            -2.290618809537835,
            2.203407080620132,
            -1.0266568463957813,
            -1.6532852166583616,
            6.51213192050005e-06
        ],
        [
            -2.2686721883786247,
            -1.07223967061551,
            1.2841248588804492,
            -1.8087694410465884,
            -1.2798821716850954,
            -1.4510718003504801e-05
        ],
        [
            -3.3503462669347415,
            -2.4051924685197075,
            1.8007325786653974,
            -1.2378249631822935,
            -1.8122508586722499,
            1.4740533184306247e-05
        ],
        [
            -2.844949943588804,
            -1.8169374042707314,
            1.9587536169365798,
            -1.3330352032059005,
            -1.53537597880528,
            7.064234653457816e-06
        ]
    ],
    "base_poses": [
        [
            [
                0.09818810419973334,
                0.3088422073988055,
                0.0
            ],
            [
                0.0,
                0.0,
                0.9701898913390746,
                0.24234598148819073
            ]
        ],
        [
            [
                -0.30381053901521793,
                -0.5938404325324245,
                0.0
            ],
            [
                0.0,
                0.0,
                -0.13261975741013132,
                0.9911669889299572
            ]
        ],
        [
            [
                -0.7113901971055582,
                0.05973161545877326,
                0.0
            ],
            [
                0.0,
                0.0,
                -0.17913002966335054,
                0.9838254075153818
            ]
        ],
        [
            [
                -0.5276213993425702,
                0.7108712800095744,
                0.0
            ],
            [
                0.0,
                0.0,
                -0.741913679957274,
                0.6704954075101899
            ]
        ]
    ],
    "difficulty": 0.7466378256371673,
    "dynamic_speed": null
}