{
    "target_eff_poses": [
        [
            [
                1.2594006061553955,
                0.17582525312900543,
                0.1383441537618637
            ],
            [
                0.3042376637458801,
                0.6682519316673279,
                -0.05265133082866669,
                0.6768357753753662
            ]
        ],
        [
            [
                0.2421523928642273,
                -0.6674181818962097,
                0.7893766164779663
            ],
            [
                -0.17718374729156494,
                0.010279720649123192,
                0.7754399180412292,
                0.6059646606445312
            ]
        ],
        [
            [
                0.10760148614645004,
                0.23164929449558258,
                0.6672927141189575
            ],
            [
                -0.06459970772266388,
                0.19308042526245117,
                -0.5475723743438721,
                0.8116103410720825
            ]
        ]
    ],
    "start_goal_config": [
        null,
        null,
        null
    ],
    "start_config": [
        [
            -3.3254303495750865,
            -2.735587018348727,
            1.8948141318986367,
            -1.079558022188684,
            -2.103692199428155,
            -1.1184738145257884e-05
        ],
        [
            -2.2679036826335928,
            -0.8868283089889549,
            1.2421877992021453,
            -1.8670733241686286,
            -1.2683319404007767,
            -1.6375236944289745e-05
        ],
        [
            -2.9056926393014204,
            -2.386651337367312,
            1.6246387850073143,
            -1.3306268320749812,
            -1.553072058546366,
            1.0400878222061352e-07
        ]
    ],
    "goal_config": [
        [
            -2.1307021626942793,
            -0.864263722231081,
            1.2426597543957996,
            -1.8708621774061154,
            -1.2212009516069613,
            -1.9346288983088453e-05
        ],
        [
            -3.052151242256003,
            -2.4330932009376522,
            1.1823808066636647,
            -1.5340336641333734,
            -2.176142409091503,
            -1.2201802376070709e-05
        ],
        [
            -2.625660337340994,
            -2.8172257521363484,
            1.4034186744996406,
            -1.3177141596799558,
            -2.4871945883631255,
            4.232820157048018e-06
        ]
    ],
    "base_poses": [
        [
            [
                0.5503359443638229,
                0.39211207384303015,
                0.0
            ],
            [
                -0.0,
                -0.0,
                0.7262902189494455,
                0.687388185713405
            ]
        ],
        [
            [
                0.21576479724312003,
                -0.5973738144766139,
                0.0
            ],
            [
                0.0,
                0.0,
                -0.3943620160632311,
                0.918955167723945
            ]
        ],
        [
            [
                0.32878708867677675,
                0.16404597239015817,
                0.0
            ],
            [
                0.0,
                0.0,
                0.9236523329816254,
                0.3832314806714091
            ]
        ]
    ],
    "difficulty": 0.9004044013918931
}