{
    "target_eff_poses": [
        [
            [
                0.05726632848381996,
                1.2585241794586182,
                0.31306469440460205
            ],
            [
                -0.49505990743637085,
                0.5535686612129211,
                0.2302706390619278,
                0.6288504004478455
            ]
        ],
        [
            [
                0.8957737684249878,
                -0.7438835501670837,
                0.14578117430210114
            ],
            [
                0.3780205547809601,
                0.7896907329559326,
                -0.3720361292362213,
                0.3083474934101105
            ]
        ]
    ],
    "start_goal_config": [
        null,
        null
    ],
    "start_config": [
        [
            -3.410825108136085,
            -2.3430473630392044,
            2.297015889681688,
            -0.9316119799159778,
            -1.9235325961640886,
            9.311637630699793e-06
        ],
        [
            -4.497402460107419,
            -2.2661268915247264,
            2.124123093652342,
            -1.13397366266461,
            -2.3921703392233513,
            1.5840254236488094e-05
        ]
    ],
    "goal_config": [
        [
            -4.45719988724496,
            -1.3771368105060875,
            1.5390850393722006,
            -1.6295041143439037,
            -1.9494408437203539,
            2.9333021224303146e-05
        ],
        [
            -4.523420093430409,
            -1.286656909653098,
            1.8246966250129673,
            -1.5466571960099456,
            -2.0030576449511406,
            2.374482790448927e-05
        ]
    ],
    "base_poses": [
        [
            [
                -0.14800743017418694,
                0.743972776630875,
                0.0
            ],
            [
                0.0,
                0.0,
                -0.3640776454044232,
                0.9313685994904333
            ]
        ],
        [
            [
                0.7276745842554686,
                -0.2982493167870095,
                0.0
            ],
            [
                0.0,
                0.0,
                0.9995987138502721,
                -0.02832686479089619
            ]
        ]
    ],
    "difficulty": 0.05727452271231073,
    "dynamic_speed": null
}