{
    "target_eff_poses": [
        [
            [
                -0.5426669716835022,
                -0.5781130194664001,
                0.5369314551353455
            ],
            [
                0.18021202087402344,
                0.38707372546195984,
                -0.5246644616127014,
                0.7364948987960815
            ]
        ]
    ],
    "start_goal_config": [
        null
    ],
    "start_config": [
        [
            -3.0497984059546948,
            -1.4960205653002587,
            2.211942542233353,
            -1.3280380618061693,
            -1.5933231447751903,
            8.725361718427894e-06
        ]
    ],
    "goal_config": [
        [
            -2.9400418106296176,
            -2.8197864281149436,
            1.7064561539347587,
            -1.1459821813901985,
            -1.7540633261061287,
            1.39284927052824e-05
        ]
    ],
    "base_poses": [
        [
            [
                -0.5796720230361894,
                -0.6860651740677961,
                0.0
            ],
            [
                -0.0,
                -0.0,
                0.8091305372760181,
                0.5876289421458256
            ]
        ]
    ],
    "difficulty": 0.0,
    "dynamic_speed": null,
    "ur5_count": 1,
    "id": "007844",
    "task_path": "/home/hqh2101/workspace-sharing-multiarm/src/data/8f14d7-hard-vlo-tasks/007844.json"
}