{
    "target_eff_poses": [
        [
            [
                0.5369656085968018,
                0.16470853984355927,
                0.3645661473274231
            ],
            [
                0.7138300538063049,
                0.286073237657547,
                -0.6391037106513977,
                -0.012459355406463146
            ]
        ],
        [
            [
                -0.02627280354499817,
                -0.39753779768943787,
                0.16335460543632507
            ],
            [
                0.867659866809845,
                -0.06940093636512756,
                -0.48811203241348267,
                0.06400439888238907
            ]
        ],
        [
            [
                0.5270799398422241,
                -1.0436652898788452,
                0.36076465249061584
            ],
            [
                0.4647943675518036,
                0.5691721439361572,
                -0.5623544454574585,
                0.37916600704193115
            ]
        ],
        [
            [
                0.10283492505550385,
                0.46691346168518066,
                0.46290603280067444
            ],
            [
                -0.3640333414077759,
                0.5597995519638062,
                0.3943966329097748,
                0.6313125491142273
            ]
        ]
    ],
    "start_goal_config": [
        null,
        null,
        null,
        null
    ],
    "start_config": [
        [
            -1.7908669165114266,
            -1.1249797674731494,
            1.5603545340938174,
            -1.6882299712023159,
            -1.096780593382254,
            -2.895314412698745e-05
        ],
        [
            -4.4647560508067485,
            -1.46980809552193,
            1.9891875193451185,
            -1.4348428978224574,
            -2.017409287344025,
            1.39771893099913e-08
        ],
        [
            -2.3293568842176957,
            -2.111021533121046,
            2.2468138246973313,
            -1.0886609530094289,
            -1.340468786222119,
            1.8344666518507701e-10
        ],
        [
            -3.0872885525961937,
            -3.0090974041291623,
            1.8675116871164226,
            -1.0133063477191784,
            -2.5654002544806613,
            2.0396563022948897e-05
        ]
    ],
    "goal_config": [
        [
            -3.713377529488283,
            -2.348872055575681,
            2.0707739746336764,
            -1.108877297219043,
            -1.9714466165334381,
            1.2089967545755843e-05
        ],
        [
            -2.4070090685950682,
            -1.358079383279754,
            1.84487484858558,
            -1.516231138581926,
            -1.3606024570142579,
            -8.25216187361174e-06
        ],
        [
            -4.15894987779448,
            -1.571288450085486,
            1.6267763443152004,
            -1.5462074447476288,
            -1.8635680311010028,
            2.927463369207233e-05
        ],
        [
            -3.0930895853940052,
            -1.88826983636643,
            1.659488044406142,
            -1.450433844151465,
            -1.5889767617829158,
            8.862907707674113e-06
        ]
    ],
    "base_poses": [
        [
            [
                0.6566195845216893,
                0.2724667086537955,
                0.0
            ],
            [
                -0.0,
                -0.0,
                0.4499699308831578,
                0.8930437062658279
            ]
        ],
        [
            [
                0.41827336012929717,
                -0.23859495520921237,
                0.0
            ],
            [
                0.0,
                0.0,
                -0.335384503820307,
                0.9420813312008717
            ]
        ],
        [
            [
                0.49924037358586393,
                -0.5632822588827775,
                0.0
            ],
            [
                0.0,
                0.0,
                0.9484509508453974,
                0.31692395592706707
            ]
        ],
        [
            [
                0.04871781641283912,
                0.09773434440406792,
                0.0
            ],
            [
                0.0,
                0.0,
                -0.8560363156171736,
                0.5169156859146129
            ]
        ]
    ],
    "difficulty": 0.9910731065589174,
    "dynamic_speed": null,
    "ur5_count": 4,
    "id": "007803",
    "task_path": "/home/hqh2101/workspace-sharing-multiarm/src/data/8f14d7-hard-vlo-tasks/007803.json"
}