{
    "target_eff_poses": [
        [
            [
                0.3021464943885803,
                -0.230857253074646,
                0.7283259034156799
            ],
            [
                0.09717810899019241,
                0.35886818170547485,
                0.019653841853141785,
                0.9281076192855835
            ]
        ]
    ],
    "start_goal_config": [
        null
    ],
    "start_config": [
        [
            -4.91534710608367,
            -0.9041936748802238,
            1.347187339447402,
            -1.804835899304045,
            -2.1705565956830433,
            2.8307548404768376e-05
        ]
    ],
    "goal_config": [
        [
            -2.4254831785897046,
            -1.8104417904721135,
            1.139306305040694,
            -1.7085740696912373,
            -1.2851654784138413,
            -9.752367392023743e-06
        ]
    ],
    "base_poses": [
        [
            [
                -0.08419836230288502,
                -0.285166965968762,
                0.0
            ],
            [
                0.0,
                0.0,
                0.8871338407147727,
                0.46151224107130273
            ]
        ]
    ],
    "difficulty": 0.0,
    "dynamic_speed": null
}