{
    "target_eff_poses": [
        [
            [
                -0.4070306420326233,
                -0.07396698743104935,
                0.7284607291221619
            ],
            [
                -0.09833075851202011,
                0.22726207971572876,
                -0.3541138172149658,
                0.9018239378929138
            ]
        ]
    ],
    "start_goal_config": [
        null
    ],
    "start_config": [
        [
            -2.474004346762252,
            -2.4888920442585323,
            1.833944951963127,
            -1.195527972634805,
            -1.2746096984078452,
            -2.153754584371405e-05
        ]
    ],
    "goal_config": [
        [
            -3.0092091594812564,
            -2.5642444658587893,
            1.3430147750028545,
            -1.4198888351887273,
            -2.353356582822047,
            3.132136996104465e-05
        ]
    ],
    "base_poses": [
        [
            [
                -0.3110123951856039,
                -0.08817628132980693,
                0.0
            ],
            [
                0.0,
                0.0,
                0.9987960595138234,
                0.04905539215681596
            ]
        ]
    ],
    "difficulty": 0.0,
    "dynamic_speed": null,
    "ur5_count": 1,
    "id": "007880",
    "task_path": "/home/huy/programming/projects/workspace-sharing-multiarm/src/data/8f14d7-hard-vlo-tasks/007880.json"
}