{
    "target_eff_poses": [
        [
            [
                0.07294544577598572,
                0.7003644704818726,
                0.3230965733528137
            ],
            [
                0.5438014268875122,
                0.5753698945045471,
                0.053700849413871765,
                0.6085604429244995
            ]
        ],
        [
            [
                0.04476814344525337,
                -0.01973125711083412,
                0.28230464458465576
            ],
            [
                0.8067834973335266,
                0.06867889314889908,
                -0.534756064414978,
                -0.24170145392417908
            ]
        ],
        [
            [
                -0.5008163452148438,
                -0.44039449095726013,
                0.47155776619911194
            ],
            [
                0.5876988172531128,
                0.2999434173107147,
                -0.49116310477256775,
                0.5686852335929871
            ]
        ],
        [
            [
                -0.4565046429634094,
                -0.33508065342903137,
                0.7325464487075806
            ],
            [
                -0.1601654291152954,
                0.3114801049232483,
                -0.1824280023574829,
                0.9187204241752625
            ]
        ]
    ],
    "start_goal_config": [
        null,
        null,
        null,
        null
    ],
    "start_config": [
        [
            -4.27213413002542,
            -1.570020381842388,
            1.5406852771912938,
            -1.582669659250352,
            -1.898963486816292,
            8.748244878328744e-06
        ],
        [
            -4.879911717305854,
            -1.6423212074936056,
            1.5594676524642435,
            -1.5424436687322571,
            -2.225867023569527,
            2.1201501963646453e-05
        ],
        [
            -2.986947362341459,
            -2.3398087164163375,
            1.090696111966267,
            -1.607093175720303,
            -1.401182389210205,
            -1.0407650952596944e-05
        ],
        [
            -1.688094445260533,
            -1.4699579604484643,
            2.1407090525738415,
            -1.4174579489388621,
            -0.9031470242188617,
            -6.838054413723822e-07
        ]
    ],
    "goal_config": [
        [
            -2.1101036613121162,
            -2.7799774675870608,
            2.2713412421475323,
            -0.8058378918047246,
            -0.7255795182164346,
            2.2433547167473897e-05
        ],
        [
            -2.931088711543448,
            -3.061548653864076,
            2.204615916258486,
            -0.39737944461101404,
            -2.0802247334737136,
            -1.2005297510508672e-05
        ],
        [
            -1.9974806488339152,
            -1.770966624611391,
            1.5836456064195357,
            -1.5131215508016755,
            -1.1842910983982067,
            -1.0926568535575323e-05
        ],
        [
            -3.7827098423142855,
            -2.272677406647792,
            1.343579206561451,
            -1.4968050002068212,
            -2.241791307197072,
            3.185139927613444e-05
        ]
    ],
    "base_poses": [
        [
            [
                -0.06667828053555636,
                0.5476348601202019,
                0.0
            ],
            [
                -0.0,
                -0.0,
                0.659735964295669,
                0.7514974766523596
            ]
        ],
        [
            [
                -0.045768057752937685,
                0.06077608577488469,
                0.0
            ],
            [
                0.0,
                0.0,
                -0.2715930373246835,
                0.9624121892810549
            ]
        ],
        [
            [
                -0.5566950721069279,
                -0.004228323257916555,
                0.0
            ],
            [
                -0.0,
                -0.0,
                0.09296518956479066,
                0.9956693595411996
            ]
        ],
        [
            [
                -0.5441851315264576,
                -0.38965507355345697,
                0.0
            ],
            [
                0.0,
                0.0,
                0.8960333965282126,
                -0.4439866578019153
            ]
        ]
    ],
    "difficulty": 0.8766209359143018
}