{
    "target_eff_poses": [
        [
            [
                -0.4293985068798065,
                4.2289586417609826e-05,
                0.547607958316803
            ],
            [
                -0.24108003079891205,
                0.42852577567100525,
                0.053402360528707504,
                0.8691341876983643
            ]
        ]
    ],
    "start_goal_config": [
        null
    ],
    "start_config": [
        [
            -1.2670936045838,
            -1.285212350743409,
            1.5904473121575478,
            -1.601810393385489,
            -0.6708784078453012,
            -2.2703227520110654e-05
        ]
    ],
    "goal_config": [
        [
            -3.258977112686483,
            -2.6583401799568316,
            1.737535383721757,
            -1.1927307500613518,
            -2.0218918540781865,
            2.133782197614956e-05
        ]
    ],
    "base_poses": [
        [
            [
                -0.40303120048346985,
                -0.04539883170877579,
                0.0
            ],
            [
                0.0,
                0.0,
                0.9408684894904659,
                -0.33877202582847527
            ]
        ]
    ],
    "difficulty": 0.0
}