{
    "target_eff_poses": [
        [
            [
                -0.22754785418510437,
                0.444013386964798,
                0.7368199825286865
            ],
            [
                -0.049141090363264084,
                0.23458202183246613,
                -0.04250355809926987,
                0.9699226021766663
            ]
        ],
        [
            [
                0.15543515980243683,
                -0.9021722674369812,
                0.5568393468856812
            ],
            [
                -0.5559710264205933,
                -0.028183404356241226,
                0.8304498791694641,
                -0.02132815308868885
            ]
        ],
        [
            [
                -0.05022333189845085,
                -0.41968315839767456,
                0.3534905016422272
            ],
            [
                0.2574201822280884,
                0.7586325407028198,
                0.3200898766517639,
                0.5057212710380554
            ]
        ]
    ],
    "start_goal_config": [
        null,
        null,
        null
    ],
    "start_config": [
        [
            -2.6448884226531657,
            -3.002278941832458,
            1.486355332757828,
            -1.1952051128701588,
            -2.1694755583598897,
            2.654507481538638e-05
        ],
        [
            -1.1443830560910075,
            -1.1651374274961428,
            2.049694037477189,
            -1.4648417911746239,
            -0.008116464691877465,
            -2.0374824161807592e-05
        ],
        [
            -4.286766436213489,
            -1.4479164375046756,
            1.6275236479409863,
            -1.5768771384631868,
            -1.895629027374955,
            3.307146581194485e-05
        ]
    ],
    "goal_config": [
        [
            -3.0579862756762726,
            -2.490374878929559,
            1.2953337162267167,
            -1.4624859525564478,
            -1.821120395212076,
            1.811699236184245e-05
        ],
        [
            -2.9997050770140103,
            -2.26000175798656,
            1.652511965717376,
            -1.353322019325974,
            -1.595769983718807,
            4.3198473839868156e-06
        ],
        [
            -1.8656663628062409,
            -2.4341956385366914,
            2.1940056901882716,
            -1.0430694648712298,
            -0.6793831375898212,
            -1.8608761839008174e-05
        ]
    ],
    "base_poses": [
        [
            [
                -0.17704013796036233,
                0.37432943395101503,
                0.0
            ],
            [
                0.0,
                0.0,
                0.9992173104910592,
                -0.03955712849808636
            ]
        ],
        [
            [
                0.3355649913265637,
                -0.7821830986367116,
                0.0
            ],
            [
                0.0,
                0.0,
                -0.03277265619972982,
                0.9994628322281996
            ]
        ],
        [
            [
                -0.1228733316585151,
                -0.6535817390799089,
                0.0
            ],
            [
                0.0,
                0.0,
                0.8681217063503454,
                0.4963513906129052
            ]
        ]
    ],
    "difficulty": 0.33679354094579006
}