{
    "target_eff_poses": [
        [
            [
                -0.42407023906707764,
                0.22892062366008759,
                0.32233914732933044
            ],
            [
                -0.23374228179454803,
                0.7599785923957825,
                0.3882351517677307,
                0.46590834856033325
            ]
        ],
        [
            [
                -0.5952524542808533,
                -1.1679154634475708,
                0.2653071880340576
            ],
            [
                0.6248314380645752,
                0.36627671122550964,
                -0.41792425513267517,
                0.5484216809272766
            ]
        ]
    ],
    "start_goal_config": [
        null,
        null
    ],
    "start_config": [
        [
            -2.988699531165086,
            -2.0963127147731426,
            2.1855293481279126,
            -1.1194145210175421,
            -1.6425437192941204,
            8.49965126264615e-06
        ],
        [
            -3.6235417479135155,
            -1.6488182575099835,
            2.3822199396125634,
            -1.2047590317309842,
            -1.8611925806039067,
            1.9248217227746637e-05
        ]
    ],
    "goal_config": [
        [
            -1.9391941121476581,
            -1.7226754130581048,
            1.8408494661420958,
            -1.4213771340280037,
            -1.1744710506059062,
            -1.2359210502921207e-05
        ],
        [
            -1.972465509733577,
            -1.1553869317692893,
            1.3814814067841548,
            -1.7477138350659212,
            -1.1813807688180475,
            -2.6161577582536597e-05
        ]
    ],
    "base_poses": [
        [
            [
                -0.5007301761862932,
                -0.18043362251103345,
                0.0
            ],
            [
                0.0,
                0.0,
                0.9945282704865747,
                0.10446779026562467
            ]
        ],
        [
            [
                -0.6750688421254758,
                -0.5110760927049216,
                0.0
            ],
            [
                -0.0,
                -0.0,
                0.13988395395578454,
                0.9901679046634949
            ]
        ]
    ],
    "difficulty": 0.6814084507042254
}