{
    "target_eff_poses": [
        [
            [
                -0.3996952176094055,
                0.8255515694618225,
                0.1254877895116806
            ],
            [
                -0.5636829137802124,
                0.37966597080230713,
                0.42862603068351746,
                0.5953108668327332
            ]
        ],
        [
            [
                -0.3836466670036316,
                -0.5643172860145569,
                0.4188685715198517
            ],
            [
                -0.61418616771698,
                -0.22863146662712097,
                0.7550375461578369,
                -0.020529305562376976
            ]
        ]
    ],
    "start_goal_config": [
        null,
        null
    ],
    "start_config": [
        [
            -4.087503445450474,
            -1.0381444127609087,
            1.5333615898943724,
            -1.7163751772981648,
            -1.8013934263772893,
            2.0615800471982154e-05
        ],
        [
            -2.5653320994817568,
            -3.078525821347312,
            2.106562479217976,
            -0.5674226073231656,
            -1.3787410616177536,
            -8.366859320288641e-16
        ]
    ],
    "goal_config": [
        [
            -4.549938704933869,
            -0.7142827775484686,
            1.0459098218077552,
            -1.9787181675291439,
            -1.924819349661868,
            2.496245984276679e-05
        ],
        [
            -3.2094191925701225,
            -2.677916813314631,
            1.993205385864394,
            -1.0275571923247264,
            -1.8999735611764725,
            1.4503035541733852e-05
        ]
    ],
    "base_poses": [
        [
            [
                -0.3107448279461819,
                0.03228545087577428,
                0.0
            ],
            [
                0.0,
                0.0,
                -0.06552860258413899,
                0.9978506913578654
            ]
        ],
        [
            [
                -0.37653049579464054,
                -0.4890605304149981,
                0.0
            ],
            [
                -0.0,
                -0.0,
                0.22377981554091325,
                0.974639725312115
            ]
        ]
    ],
    "difficulty": 0.5568513119533528,
    "dynamic_speed": null
}