{
    "target_eff_poses": [
        [
            [
                -0.10137326270341873,
                -0.30871474742889404,
                0.4615912437438965
            ],
            [
                -0.6577606201171875,
                0.2815850079059601,
                0.2090894877910614,
                0.66659015417099
            ]
        ],
        [
            [
                -0.5718418955802917,
                -0.5084819197654724,
                0.4977964162826538
            ],
            [
                0.45711785554885864,
                0.31054240465164185,
                -0.5402079224586487,
                0.6346510648727417
            ]
        ],
        [
            [
                0.28886711597442627,
                0.09272484481334686,
                0.3750671446323395
            ],
            [
                -0.577046811580658,
                0.5879269242286682,
                0.514910876750946,
                -0.2371194064617157
            ]
        ],
        [
            [
                -0.17939580976963043,
                0.21486613154411316,
                0.6632577776908875
            ],
            [
                0.29766884446144104,
                0.33264854550361633,
                -0.5755337476730347,
                0.6852000951766968
            ]
        ]
    ],
    "start_goal_config": [
        null,
        null,
        null,
        null
    ],
    "start_config": [
        [
            -3.5558471253909536,
            -2.5424779966973037,
            2.005007161416546,
            -1.0808716695875389,
            -2.0157362327557626,
            1.718039097219844e-05
        ],
        [
            -4.499898713790527,
            -1.6223816408348917,
            1.1957727739461192,
            -1.7166623669581442,
            -2.0147757526935792,
            3.418600634035428e-05
        ],
        [
            -2.9361002104613307,
            -2.1657471032874165,
            2.118586960339132,
            -1.13534193517199,
            -1.6216147729978265,
            9.240356735377684e-06
        ],
        [
            -3.332373268215204,
            -1.6352648130667082,
            1.4201635356661206,
            -1.6224050365181768,
            -1.6176012648516729,
            1.0268447961911615e-05
        ]
    ],
    "goal_config": [
        [
            -4.999593671729786,
            -1.8388171093757975,
            1.7124685319248454,
            -1.420546736922521,
            -2.433151069234414,
            2.6464370102582288e-05
        ],
        [
            -2.3359973361411512,
            -1.3656435096991428,
            1.1832253563882942,
            -1.7881514579138384,
            -1.3019107816891669,
            -1.1383678123899565e-05
        ],
        [
            -1.6728067485740727,
            -2.31769347388372,
            2.192784225113361,
            -1.080511028040092,
            -0.34450578677880256,
            -2.0404549237114217e-05
        ],
        [
            -2.975586325860783,
            -2.0749528241711297,
            1.387694530456452,
            -1.5288847855585013,
            -1.5394699621501977,
            3.5353896706181016e-06
        ]
    ],
    "base_poses": [
        [
            [
                -0.12804291858175332,
                -0.6770727000313198,
                0.0
            ],
            [
                -0.0,
                -0.0,
                0.09320548168563343,
                0.995646894327376
            ]
        ],
        [
            [
                -0.6488346858413838,
                0.11178507065767052,
                0.0
            ],
            [
                -0.0,
                -0.0,
                0.3224989177683042,
                0.9465698326263481
            ]
        ],
        [
            [
                0.5329950510725738,
                0.2476117851879469,
                0.0
            ],
            [
                0.0,
                0.0,
                -0.79316417465553,
                0.6090078751896497
            ]
        ],
        [
            [
                -0.3271440871746995,
                0.4479472339496988,
                0.0
            ],
            [
                -0.0,
                -0.0,
                0.6986439076992671,
                0.7154695592648914
            ]
        ]
    ],
    "difficulty": 0.7757211312599831,
    "dynamic_speed": null,
    "ur5_count": 4,
    "id": "007967",
    "task_path": "/home/huy/programming/projects/workspace-sharing-multiarm/src/data/8f14d7-hard-vlo-tasks/007967.json"
}