{
    "target_eff_poses": [
        [
            [
                0.4163975715637207,
                0.07343784719705582,
                0.7985159754753113
            ],
            [
                0.004325166344642639,
                0.15791960060596466,
                -0.3811893165111542,
                0.9108992218971252
            ]
        ],
        [
            [
                -1.2368987798690796,
                0.6044418215751648,
                0.6056930422782898
            ],
            [
                0.05267246067523956,
                -0.21485987305641174,
                -0.13802725076675415,
                0.9654062986373901
            ]
        ],
        [
            [
                0.16128745675086975,
                0.9015527963638306,
                0.2339390069246292
            ],
            [
                -0.4119093418121338,
                0.6424268484115601,
                0.30361518263816833,
                0.5704702734947205
            ]
        ]
    ],
    "start_goal_config": [
        null,
        null,
        null
    ],
    "start_config": [
        [
            -3.589655495234391,
            -1.9207058761739615,
            1.4871034010336768,
            -1.5216793469907446,
            -1.7345417913906407,
            2.093586034137929e-05
        ],
        [
            -3.1529359596816824,
            -2.785750803182536,
            2.04551591339364,
            -0.9369077003158384,
            -1.9434536154440805,
            1.551793980263945e-05
        ],
        [
            -3.073280699422582,
            -2.5245301518320913,
            1.3574558513663006,
            -1.4219969445342948,
            -1.879772643068286,
            2.3941601250822808e-05
        ]
    ],
    "goal_config": [
        [
            -3.050736992572855,
            -2.4126160784070767,
            1.1466564992121433,
            -1.5583374977232354,
            -1.9398063752496608,
            2.1370618396729725e-05
        ],
        [
            -2.749392624964402,
            -3.0315895280949254,
            0.9013442098770289,
            -1.4574914772671321,
            -1.953257375161045,
            -2.2594312057661166e-05
        ],
        [
            -3.5516320858077526,
            -1.2126353080576888,
            1.4964925182563646,
            -1.6891360193124891,
            -1.6518551580074798,
            -2.4060916836790703e-06
        ]
    ],
    "base_poses": [
        [
            [
                0.440515026510667,
                -0.005736017701116758,
                0.0
            ],
            [
                0.0,
                0.0,
                0.9670925605661057,
                0.25442480086990965
            ]
        ],
        [
            [
                -0.6710194189319983,
                0.5994015812245761,
                0.0
            ],
            [
                0.0,
                0.0,
                0.9892328069303596,
                0.14635044821483048
            ]
        ],
        [
            [
                -0.045236541694337995,
                0.3322240938956742,
                0.0
            ],
            [
                0.0,
                0.0,
                -0.7420740778024961,
                0.6703178820929477
            ]
        ]
    ],
    "difficulty": 0.8471738925985141,
    "dynamic_speed": null
}