{
    "target_eff_poses": [
        [
            [
                -0.5039661526679993,
                -0.29783451557159424,
                0.2759629189968109
            ],
            [
                -0.3361388146877289,
                0.7947161197662354,
                -0.015305683948099613,
                0.5051759481430054
            ]
        ],
        [
            [
                0.3014780282974243,
                1.3557932376861572,
                0.20778627693653107
            ],
            [
                -0.33787021040916443,
                0.5882754921913147,
                0.22211256623268127,
                0.7003153562545776
            ]
        ],
        [
            [
                -0.5346944332122803,
                0.736201822757721,
                0.7142418026924133
            ],
            [
                -0.2787945568561554,
                -0.06370005011558533,
                0.8843545913696289,
                0.368961900472641
            ]
        ],
        [
            [
                0.5449698567390442,
                -0.06123701483011246,
                0.618628978729248
            ],
            [
                0.15323729813098907,
                0.4854830503463745,
                -0.5012921690940857,
                0.6996646523475647
            ]
        ]
    ],
    "start_goal_config": [
        null,
        null,
        null,
        null
    ],
    "start_config": [
        [
            -4.383505229991657,
            -1.6933834154357486,
            2.285894318424534,
            -1.251012115197177,
            -2.1363936217857353,
            1.3414720885860338e-05
        ],
        [
            -3.4201158833863987,
            -3.016854653116666,
            1.1007546106023616,
            -1.376462033855628,
            -0.6210393347767127,
            3.608677495790215e-05
        ],
        [
            -4.043866819342236,
            -1.3966980289948308,
            1.804704582136638,
            -1.5184641887196981,
            -1.8268379043665925,
            2.309443257349747e-05
        ],
        [
            -3.179344360325212,
            -2.5707775963533446,
            2.2009063686638335,
            -0.8964749804778397,
            -1.8690145907804268,
            -1.98319526915588e-13
        ]
    ],
    "goal_config": [
        [
            -3.9782904170920594,
            -2.0921208103711053,
            2.174810608187314,
            -1.1423934562289784,
            -2.00122639698832,
            1.1734624451192613e-05
        ],
        [
            -4.136520166443776,
            -0.906274731814796,
            1.1557398965398935,
            -1.8998924520743288,
            -1.7850104679925256,
            1.5193199777159454e-05
        ],
        [
            -3.152651408935831,
            -2.523389239447972,
            1.3761402231805773,
            -1.4142868946920653,
            -2.190679647475443,
            8.867401589920085e-07
        ],
        [
            -3.9174757324038034,
            -2.0220478783747025,
            1.4579675396112275,
            -1.5092425452081046,
            -1.886764995248033,
            2.4856981877249215e-05
        ]
    ],
    "base_poses": [
        [
            [
                -0.6743363095924647,
                -0.42277795779519567,
                0.0
            ],
            [
                0.0,
                0.0,
                -0.8234765937402097,
                0.5673502441719943
            ]
        ],
        [
            [
                -0.1431892832540873,
                0.7504784479956927,
                0.0
            ],
            [
                0.0,
                0.0,
                -0.6124004373167282,
                0.7905477242863204
            ]
        ],
        [
            [
                -0.5730822881568809,
                0.7769393244054639,
                0.0
            ],
            [
                0.0,
                0.0,
                -0.0796985503353259,
                0.9968190111923265
            ]
        ],
        [
            [
                0.3168254206021113,
                0.12842194173906862,
                0.0
            ],
            [
                0.0,
                0.0,
                0.9971312140946723,
                0.07569241625212275
            ]
        ]
    ],
    "difficulty": 0.8339132888178313
}