{
    "target_eff_poses": [
        [
            [
                0.21666517853736877,
                0.6035584807395935,
                0.10860311985015869
            ],
            [
                0.29777026176452637,
                0.9172083735466003,
                0.20714862644672394,
                0.16477596759796143
            ]
        ],
        [
            [
                -0.4460117518901825,
                0.6450263857841492,
                0.15973617136478424
            ],
            [
                -0.35006630420684814,
                0.8834218978881836,
                0.23877187073230743,
                0.2000182420015335
            ]
        ]
    ],
    "start_goal_config": [
        null,
        null
    ],
    "start_config": [
        [
            -2.110165090048503,
            -0.938133810611732,
            1.3291865058192718,
            -1.8201591035287876,
            -1.2206695123112774,
            -1.913556340736536e-05
        ],
        [
            -2.6962260876486615,
            -2.9353115022349145,
            1.8559974032798743,
            -1.0077380363413146,
            -1.1107860125033535,
            -1.4112014721761716e-05
        ]
    ],
    "goal_config": [
        [
            -1.4868897009950275,
            -1.4688727490832763,
            2.3345221607107125,
            -1.4014000165533886,
            -0.35805626535382257,
            -1.8674627611067074e-05
        ],
        [
            -2.0555879219506545,
            -1.8799681268814037,
            2.3865403119603017,
            -1.1400676353427301,
            -1.0745944640541862,
            -6.131175916308444e-06
        ]
    ],
    "base_poses": [
        [
            [
                0.08850608655550973,
                0.24174612807866325,
                0.0
            ],
            [
                -0.0,
                -0.0,
                0.8603215729114343,
                0.509751695615812
            ]
        ],
        [
            [
                -0.3395169960434199,
                0.422668223228587,
                0.0
            ],
            [
                0.0,
                0.0,
                0.9966088986862025,
                -0.08228428197094863
            ]
        ]
    ],
    "difficulty": 0.6055451127819549,
    "dynamic_speed": null,
    "ur5_count": 2,
    "id": "008037",
    "task_path": "/home/hqh2101/workspace-sharing-multiarm/src/data/8f14d7-hard-vlo-tasks/008037.json"
}