{
    "target_eff_poses": [
        [
            [
                -0.5952395796775818,
                -0.022596821188926697,
                0.7931015491485596
            ],
            [
                -0.22705981135368347,
                0.04375890642404556,
                0.9684404134750366,
                0.09301691502332687
            ]
        ],
        [
            [
                0.0676502138376236,
                0.4140324890613556,
                0.6520747542381287
            ],
            [
                -0.1730670928955078,
                0.34030038118362427,
                0.8196250200271606,
                0.42715147137641907
            ]
        ]
    ],
    "start_goal_config": [
        null,
        null
    ],
    "start_config": [
        [
            -2.272107669100898,
            -2.6879313907636004,
            2.2772647128788295,
            -0.7522873671121294,
            -1.17343893869768,
            -1.9862309712944138e-07
        ],
        [
            -2.1976945534831924,
            -1.7152446711797706,
            2.3878536579923475,
            -1.2127990082925761,
            -1.18195880420258,
            -6.839822199229151e-06
        ]
    ],
    "goal_config": [
        [
            -2.9564465386824383,
            -2.2475146764640126,
            1.1655976045087075,
            -1.5929741991641613,
            -1.4761571492851033,
            -4.111298406921554e-06
        ],
        [
            -2.6668789766863252,
            -2.5580725709830383,
            1.527589538274363,
            -1.3276476988179593,
            -0.9508859487107914,
            -2.8835138137875027e-05
        ]
    ],
    "base_poses": [
        [
            [
                -0.4878342397459246,
                0.07238379925277538,
                0.0
            ],
            [
                0.0,
                0.0,
                -0.23347269432066442,
                0.9723633585273818
            ]
        ],
        [
            [
                0.2524272600916,
                0.42332606334687783,
                0.0
            ],
            [
                0.0,
                0.0,
                -0.8561357436846689,
                0.5167509926313629
            ]
        ]
    ],
    "difficulty": 0.33734599830715695,
    "dynamic_speed": null
}