{
    "target_eff_poses": [
        [
            [
                -0.3445456326007843,
                -0.5379811525344849,
                0.5365787744522095
            ],
            [
                -0.2785225510597229,
                0.43847402930259705,
                0.10620520263910294,
                0.8478715419769287
            ]
        ],
        [
            [
                -0.09094279259443283,
                -0.4716501832008362,
                0.7092800736427307
            ],
            [
                -0.3864230811595917,
                0.06738334149122238,
                0.8907574415206909,
                0.22953835129737854
            ]
        ],
        [
            [
                0.24018028378486633,
                0.16738390922546387,
                0.44014182686805725
            ],
            [
                0.6949984431266785,
                -0.15631885826587677,
                -0.4977632164955139,
                -0.4947457015514374
            ]
        ],
        [
            [
                -0.16685084998607635,
                -0.15353059768676758,
                0.22303660213947296
            ],
            [
                0.5705313086509705,
                0.6080417633056641,
                -0.33428341150283813,
                0.43935614824295044
            ]
        ]
    ],
    "start_goal_config": [
        null,
        null,
        null,
        null
    ],
    "start_config": [
        [
            -1.5200562041374084,
            -1.4238210943604686,
            1.23687098751993,
            -1.7199398285617165,
            -0.890827939947259,
            -2.850741269280125e-05
        ],
        [
            -2.8978069566907414,
            -3.2089222216487294,
            1.327058470874992,
            -1.1520119430324438,
            -1.6630162357064142,
            5.9225677116223415e-06
        ],
        [
            -3.0939949160743216,
            -1.829596970971464,
            1.8081536829378417,
            -1.3979367564822924,
            -1.5965177945604927,
            1.0354111436228888e-05
        ],
        [
            -3.8232345885084333,
            -1.91276078871737,
            1.5784105682616603,
            -1.4817221459911947,
            -1.8096849089105602,
            2.5035573435259316e-05
        ]
    ],
    "goal_config": [
        [
            -3.331278155157298,
            -2.6201704814922295,
            1.763141478723107,
            -1.1921356361075837,
            -2.012091155738283,
            2.4554611653192822e-17
        ],
        [
            -3.388664219269988,
            -1.8444284374016833,
            1.189484964453976,
            -1.68048437386218,
            -1.6503797752336469,
            2.3135115924163323e-05
        ],
        [
            -4.392875879764693,
            -2.112852038189092,
            1.8593567819370496,
            -1.3023837350948113,
            -2.1319161234521204,
            -2.123353849995884e-10
        ],
        [
            -2.74078157975581,
            -1.4437261319277084,
            1.7861205428709939,
            -1.5120780354307877,
            -1.4676233798057048,
            -1.449488892883649e-06
        ]
    ],
    "base_poses": [
        [
            [
                -0.33075209290022745,
                -0.5961457284331501,
                0.0
            ],
            [
                0.0,
                0.0,
                0.9047081628789065,
                -0.4260318532930066
            ]
        ],
        [
            [
                0.27254861414361464,
                -0.5276228042397826,
                0.0
            ],
            [
                0.0,
                0.0,
                -0.08875312144657595,
                0.9960536548969083
            ]
        ],
        [
            [
                0.41006811912741425,
                -0.024906313403652902,
                0.0
            ],
            [
                -0.0,
                -0.0,
                0.12352730867340803,
                0.9923411731919142
            ]
        ],
        [
            [
                -0.364062197231689,
                0.2797301809507067,
                0.0
            ],
            [
                -0.0,
                -0.0,
                0.619727257379559,
                0.7848172567297497
            ]
        ]
    ],
    "difficulty": 0.6055363321799307
}