{
    "target_eff_poses": [
        [
            [
                -0.462619423866272,
                0.30631256103515625,
                0.4929603934288025
            ],
            [
                -0.5776335000991821,
                0.2758675813674927,
                0.6106618046760559,
                0.46618539094924927
            ]
        ]
    ],
    "start_goal_config": [
        null
    ],
    "start_config": [
        [
            -2.014855645894762,
            -1.9630012749446535,
            1.805278377005475,
            -1.3677702440037705,
            -1.1791385846109788,
            -1.6345282402413246e-05
        ]
    ],
    "goal_config": [
        [
            -3.733365146310429,
            -1.8933182920606024,
            1.6123039877555658,
            -1.4712445802372331,
            -1.7772750977973912,
            1.9003559033535566e-05
        ]
    ],
    "base_poses": [
        [
            [
                -0.22592567369649152,
                0.025065866672736248,
                0.0
            ],
            [
                0.0,
                0.0,
                -0.25020815333467,
                0.9681920677246092
            ]
        ]
    ],
    "difficulty": 0.0
}