{
    "target_eff_poses": [
        [
            [
                0.38448289036750793,
                -0.37187129259109497,
                0.36756518483161926
            ],
            [
                0.17799335718154907,
                0.6981767416000366,
                -0.08986486494541168,
                0.687598705291748
            ]
        ],
        [
            [
                0.5409442782402039,
                -0.9353190064430237,
                0.18341992795467377
            ],
            [
                0.6493463516235352,
                0.5415675640106201,
                -0.49513164162635803,
                0.1997460275888443
            ]
        ]
    ],
    "start_goal_config": [
        null,
        null
    ],
    "start_config": [
        [
            -3.1756173210866994,
            -2.6498643335128866,
            1.5980657058279586,
            -1.2674400889426263,
            -2.0997795819824163,
            2.8858656814368502e-05
        ],
        [
            -2.905090146212163,
            -2.7774252460786006,
            1.529896160601003,
            -1.272900389548296,
            -2.552989610791157,
            3.080314436092393e-05
        ]
    ],
    "goal_config": [
        [
            -2.7053393916468846,
            -1.5521627011712928,
            1.5876641657078847,
            -1.5680223832855142,
            -1.4511309759403048,
            -1.6207199302026699e-06
        ],
        [
            -4.241230066753594,
            -1.3195512772908957,
            1.7536770428270931,
            -1.5605446537911223,
            -1.8824831892368399,
            1.1565716084014649e-05
        ]
    ],
    "base_poses": [
        [
            [
                -0.1164272903856094,
                -0.30626781837133116,
                0.0
            ],
            [
                0.0,
                0.0,
                0.9179489626220846,
                0.39669850267052786
            ]
        ],
        [
            [
                0.7132272418357999,
                -0.467403812880927,
                0.0
            ],
            [
                0.0,
                0.0,
                0.8862204948173247,
                0.46326367714913314
            ]
        ]
    ],
    "difficulty": 0.3200187969924812,
    "dynamic_speed": null
}