{
    "target_eff_poses": [
        [
            [
                0.9113997220993042,
                -0.18952862918376923,
                0.726648211479187
            ],
            [
                -0.004444247577339411,
                -0.0011621254961937666,
                0.9985867142677307,
                0.052947916090488434
            ]
        ],
        [
            [
                -0.022465839982032776,
                0.325190007686615,
                0.33867961168289185
            ],
            [
                -0.12025116384029388,
                0.602762758731842,
                -0.24722182750701904,
                0.7490648031234741
            ]
        ],
        [
            [
                -0.8355512022972107,
                0.09813828021287918,
                0.23493625223636627
            ],
            [
                0.8605067729949951,
                -0.06699731200933456,
                -0.4911927878856659,
                -0.1173422783613205
            ]
        ],
        [
            [
                0.05918298289179802,
                -0.05293291434645653,
                0.5735629200935364
            ],
            [
                -0.15719473361968994,
                -0.5581545829772949,
                0.7905817627906799,
                -0.19680936634540558
            ]
        ]
    ],
    "start_goal_config": [
        null,
        null,
        null,
        null
    ],
    "start_config": [
        [
            -2.120873346091457,
            -2.344287599510239,
            2.0567637087132584,
            -1.1301923757425862,
            -1.1366110302091728,
            -1.7883734382882175e-05
        ],
        [
            -4.032157245206652,
            -2.1437475650448046,
            1.7518259513826708,
            -1.3414300570196207,
            -1.9729678620943019,
            2.227159477903474e-05
        ],
        [
            -3.266774720696503,
            -2.0284933673772585,
            1.7472057710616942,
            -1.3723011355112467,
            -1.6658526139229073,
            8.690658662370723e-06
        ],
        [
            -3.2927454063172457,
            -2.0458286466728626,
            1.4807819333201695,
            -1.4927643902029704,
            -1.6618986222533385,
            1.2097446251774914e-05
        ]
    ],
    "goal_config": [
        [
            -2.7586907493036565,
            -2.772179158336225,
            1.1076184351696676,
            -1.4678379449255452,
            -1.8813955469446504,
            1.818940844343618e-05
        ],
        [
            -4.8291039815854395,
            -1.018068933378223,
            1.083549955858157,
            -1.8831952204379798,
            -2.0865026403416143,
            3.362466159196555e-05
        ],
        [
            -3.5541855621761895,
            -1.6712788357923334,
            1.9788953351520866,
            -1.3664138013032945,
            -1.7275926232702183,
            8.732854984473756e-18
        ],
        [
            -4.067911044449364,
            -2.435840033111813,
            1.781876831491982,
            -1.2504967274381327,
            -2.623087215991388,
            -1.7433741145322932e-07
        ]
    ],
    "base_poses": [
        [
            [
                0.5953180208635007,
                -0.18423642842913845,
                0.0
            ],
            [
                0.0,
                0.0,
                -0.08900656906478108,
                0.9960310390059721
            ]
        ],
        [
            [
                -0.7564588701873527,
                0.3696876772757691,
                0.0
            ],
            [
                0.0,
                0.0,
                -0.7089163043161905,
                0.7052926154970535
            ]
        ],
        [
            [
                -0.4744105946782554,
                0.07494187721028123,
                0.0
            ],
            [
                -0.0,
                -0.0,
                0.050175999354529925,
                0.9987403912372695
            ]
        ],
        [
            [
                0.06594791090776408,
                0.04527920491126047,
                0.0
            ],
            [
                0.0,
                0.0,
                0.9435825800341896,
                0.3311373048389779
            ]
        ]
    ],
    "difficulty": 0.8996520267093012
}