{
    "target_eff_poses": [
        [
            [
                -0.22980722784996033,
                -1.0818142890930176,
                0.21338899433612823
            ],
            [
                0.8209207653999329,
                -0.06156957522034645,
                -0.351881742477417,
                0.4455082416534424
            ]
        ],
        [
            [
                0.7894700765609741,
                0.36293476819992065,
                0.29664716124534607
            ],
            [
                -0.7037703394889832,
                0.36144116520881653,
                0.25605618953704834,
                0.5554304122924805
            ]
        ],
        [
            [
                -0.21987773478031158,
                0.12359541654586792,
                0.6600265502929688
            ],
            [
                -0.3886294960975647,
                0.11669492721557617,
                0.5720471143722534,
                0.7128193974494934
            ]
        ]
    ],
    "start_goal_config": [
        null,
        null,
        null
    ],
    "start_config": [
        [
            -1.602630762453803,
            -2.019659462585094,
            1.8849953891139921,
            -1.3080998485931767,
            -0.6876936018964137,
            -1.690723332659558e-05
        ],
        [
            -1.3817051583260562,
            -1.8167853946066663,
            1.8780993044568675,
            -1.3463176503936307,
            -0.5261348001793404,
            -2.4152399971425963e-05
        ],
        [
            -4.349141595790512,
            -1.950908546003563,
            2.0935054512773177,
            -1.2412630357105505,
            -2.0792263422922743,
            2.611736044044766e-05
        ]
    ],
    "goal_config": [
        [
            -1.2095726781247,
            -1.1495909397119832,
            1.5753637227673627,
            -1.6331991652718836,
            -0.5936629130087249,
            -2.893012517973216e-05
        ],
        [
            -4.941078162109184,
            -1.4396900217714983,
            1.6737510727145335,
            -1.5502349138289555,
            -2.235168604912522,
            2.515652184490721e-05
        ],
        [
            -3.5265744892814284,
            -2.4509041630793864,
            1.513934273619492,
            -1.3689613380568617,
            -2.173633194443741,
            2.634748796232166e-05
        ]
    ],
    "base_poses": [
        [
            [
                0.012266877589596326,
                -0.49800678010648697,
                0.0
            ],
            [
                0.0,
                0.0,
                -0.5246544834260911,
                0.8513152606531269
            ]
        ],
        [
            [
                0.7970907431270584,
                -0.14077641299942933,
                0.0
            ],
            [
                -0.0,
                -0.0,
                0.09297851992671012,
                0.9956681148014325
            ]
        ],
        [
            [
                -0.16948982081987363,
                0.09357069188011269,
                0.0
            ],
            [
                0.0,
                0.0,
                -0.3899806307523272,
                0.920823059896969
            ]
        ]
    ],
    "difficulty": 0.6225900498448227,
    "dynamic_speed": null,
    "ur5_count": 3,
    "id": "008103",
    "task_path": "/home/hqh2101/workspace-sharing-multiarm/src/data/8f14d7-hard-vlo-tasks/008103.json"
}