{
    "target_eff_poses": [
        [
            [
                0.17680788040161133,
                -0.5623843669891357,
                0.333703875541687
            ],
            [
                -0.5788155794143677,
                -0.4096984565258026,
                0.6660009026527405,
                -0.2314356565475464
            ]
        ],
        [
            [
                0.5734850168228149,
                0.599040150642395,
                0.78396075963974
            ],
            [
                -0.18087591230869293,
                0.07694432139396667,
                0.7313350439071655,
                0.6530792117118835
            ]
        ]
    ],
    "start_goal_config": [
        null,
        null
    ],
    "start_config": [
        [
            -3.2299038996789537,
            -2.7173314674856046,
            1.9417749869452632,
            -1.0496155190272296,
            -1.9561197556374963,
            4.800166150219274e-10
        ],
        [
            -1.418187898884926,
            -1.2730417648396326,
            1.5340601841132309,
            -1.6447624707901503,
            -0.8484589894532228,
            -2.431066384469421e-05
        ]
    ],
    "goal_config": [
        [
            -4.216487773631208,
            -1.3393523873277418,
            1.4509835835230156,
            -1.6766590639130947,
            -1.8523063163814752,
            2.3450859929970386e-05
        ],
        [
            -3.1213632500657593,
            -2.394780119947068,
            1.190335886583207,
            -1.5414399368066627,
            -1.8975702030058677,
            2.2418742211791367e-05
        ]
    ],
    "base_poses": [
        [
            [
                0.4552694036559515,
                -0.047005556107872826,
                0.0
            ],
            [
                -0.0,
                -0.0,
                0.8482436504306198,
                0.5296061834081403
            ]
        ],
        [
            [
                0.6254299899903359,
                0.6470053255063026,
                0.0
            ],
            [
                0.0,
                0.0,
                -0.5443863744154115,
                0.8388345935587321
            ]
        ]
    ],
    "difficulty": 0.41154895137778613,
    "dynamic_speed": null,
    "ur5_count": 2,
    "id": "008250",
    "task_path": "/home/hqh2101/workspace-sharing-multiarm/src/data/8f14d7-hard-vlo-tasks/008250.json"
}