{
    "target_eff_poses": [
        [
            [
                0.47027692198753357,
                0.16395612061023712,
                0.702804446220398
            ],
            [
                -0.19467483460903168,
                0.2430357187986374,
                0.22388342022895813,
                0.9235321283340454
            ]
        ],
        [
            [
                -0.8607470989227295,
                -0.2598578929901123,
                0.24839578568935394
            ],
            [
                0.8198490142822266,
                0.22791753709316254,
                -0.3524361550807953,
                -0.389474093914032
            ]
        ]
    ],
    "start_goal_config": [
        null,
        null
    ],
    "start_config": [
        [
            -2.500008499232815,
            -1.5304396665290056,
            1.637551241684987,
            -1.5523606993131998,
            -1.3923452612290084,
            -6.857160386243389e-06
        ],
        [
            -2.6540985485683075,
            -2.2541330870418625,
            1.4255814844833594,
            -1.4629237867219067,
            -1.3400259251818405,
            -1.3806763019587781e-05
        ]
    ],
    "goal_config": [
        [
            -3.2110268127405672,
            -2.4870621568000466,
            1.3941479840857522,
            -1.4153484474387417,
            -2.0083645810297566,
            3.500968894117877e-05
        ],
        [
            -5.301051084398344,
            -1.2908095535585986,
            1.6963352749856637,
            -1.5115473644227102,
            -2.6772215030678943,
            2.9598433862604447e-05
        ]
    ],
    "base_poses": [
        [
            [
                0.5166368452650214,
                0.1355347919319,
                0.0
            ],
            [
                0.0,
                0.0,
                0.8817018341840775,
                -0.4718070321608542
            ]
        ],
        [
            [
                -0.41124565851216544,
                -0.5526362679445207,
                0.0
            ],
            [
                -0.0,
                -0.0,
                0.715733091560989,
                0.6983739268075154
            ]
        ]
    ],
    "difficulty": 0.07856706696519439
}