{
    "target_eff_poses": [
        [
            [
                -0.6485216021537781,
                -0.5685535073280334,
                0.7177212238311768
            ],
            [
                -0.09055005759000778,
                0.21176430583000183,
                0.25991910696029663,
                0.9377625584602356
            ]
        ],
        [
            [
                0.2569461464881897,
                -0.4534791111946106,
                0.11993160843849182
            ],
            [
                -0.46865901350975037,
                0.8221895098686218,
                0.22327788174152374,
                0.23347407579421997
            ]
        ]
    ],
    "start_goal_config": [
        null,
        null
    ],
    "start_config": [
        [
            -2.314622004789846,
            -1.5696189165597234,
            2.077001234955239,
            -1.3696573213957428,
            -1.3321653842030075,
            -8.349053274715623e-06
        ],
        [
            -1.7723000182464295,
            -1.6372585274637546,
            2.2773661776153737,
            -1.3147739908044345,
            -0.8872282690232723,
            -1.2312971387744071e-05
        ]
    ],
    "goal_config": [
        [
            -2.989723464190287,
            -2.5715757790600184,
            1.3206379022272938,
            -1.4258563755897324,
            -1.7045031933382109,
            9.997190699957733e-06
        ],
        [
            -2.351362757847649,
            -1.556782437201108,
            2.222216004521586,
            -1.3233382310919921,
            -1.3258046963873285,
            -6.448240644458672e-06
        ]
    ],
    "base_poses": [
        [
            [
                -0.5311426851682988,
                -0.5922634884792555,
                0.0
            ],
            [
                0.0,
                0.0,
                0.9660544397299428,
                -0.25833857528070886
            ]
        ],
        [
            [
                0.3139084452483165,
                -0.7549041363278146,
                0.0
            ],
            [
                0.0,
                0.0,
                0.9700259648913002,
                -0.2430012910185911
            ]
        ]
    ],
    "difficulty": 0.17463871361693467
}