{
    "target_eff_poses": [
        [
            [
                0.25095510482788086,
                1.1287375688552856,
                0.2605544328689575
            ],
            [
                0.7635824084281921,
                -0.34801098704338074,
                -0.39296743273735046,
                -0.3760409951210022
            ]
        ]
    ],
    "start_goal_config": [
        null
    ],
    "start_config": [
        [
            -4.069418161053581,
            -2.165101326904386,
            2.202215681191958,
            -1.1038390219826641,
            -2.083978496075492,
            1.0763054352428071e-05
        ]
    ],
    "goal_config": [
        [
            -4.183681216699245,
            -1.6409410987792208,
            1.9036538315735143,
            -1.412865565467798,
            -1.906542598841594,
            2.4954046800261825e-05
        ]
    ],
    "base_poses": [
        [
            [
                0.455383963496254,
                0.7954967078981035,
                0.0
            ],
            [
                0.0,
                0.0,
                -0.07438681479817831,
                0.99722946295433
            ]
        ]
    ],
    "difficulty": 0.0,
    "dynamic_speed": null
}