{
    "target_eff_poses": [
        [
            [
                -0.21111078560352325,
                0.6190550923347473,
                0.45110422372817993
            ],
            [
                -0.5306413769721985,
                0.38182905316352844,
                0.7562785744667053,
                0.0258649755269289
            ]
        ]
    ],
    "start_goal_config": [
        null
    ],
    "start_config": [
        [
            -3.3488679463125157,
            -2.249049649978702,
            1.0717168368009822,
            -1.6370361384712286,
            -2.160132639183228,
            3.620948679007014e-05
        ]
    ],
    "goal_config": [
        [
            -1.617761948394508,
            -1.5016449635251699,
            1.4222164967992212,
            -1.6371221186656608,
            -0.9812466514895388,
            -2.3789297776159625e-05
        ]
    ],
    "base_poses": [
        [
            [
                0.3189727165748377,
                0.4386932944916826,
                0.0
            ],
            [
                0.0,
                0.0,
                0.8870362164386916,
                -0.46169984917273993
            ]
        ]
    ],
    "difficulty": 0.0
}