{
    "target_eff_poses": [
        [
            [
                0.39126548171043396,
                -1.023943543434143,
                0.7114924788475037
            ],
            [
                -0.24959082901477814,
                -0.3454405963420868,
                0.8846454620361328,
                -0.18914948403835297
            ]
        ],
        [
            [
                -0.5636128783226013,
                0.18549340963363647,
                0.477682501077652
            ],
            [
                -0.5275247097015381,
                -0.38929665088653564,
                0.7541335225105286,
                -0.03805952146649361
            ]
        ],
        [
            [
                0.9044357538223267,
                0.2099102884531021,
                0.38335031270980835
            ],
            [
                -0.1376451700925827,
                0.7193764448165894,
                -0.5574793815612793,
                0.3908555805683136
            ]
        ]
    ],
    "start_goal_config": [
        null,
        null,
        null
    ],
    "start_config": [
        [
            -1.8404046770414784,
            -1.7080349701758755,
            1.3470756250207616,
            -1.6252134344264597,
            -1.059158633764336,
            -2.2036702507510247e-05
        ],
        [
            -4.825299539363487,
            -1.8759948878671047,
            1.7901304995823133,
            -1.3929929971523294,
            -2.272656729637601,
            2.621914715509378e-05
        ],
        [
            -2.613167189822816,
            -2.330771383090708,
            1.32148116740053,
            -1.4905180148836756,
            -1.03217823104899,
            -3.538981106828063e-05
        ]
    ],
    "goal_config": [
        [
            -4.737379312555424,
            -1.8089135452276555,
            1.202803408678931,
            -1.6549369239531806,
            -2.3052865392568904,
            3.7430595965637496e-05
        ],
        [
            -4.768422264922071,
            -1.6678472785793534,
            1.5154955651012807,
            -1.5592240897531173,
            -2.1561310806837066,
            2.941376981936781e-05
        ],
        [
            -5.323749160086271,
            -1.22307989347794,
            1.3388940176472583,
            -1.6137143876182363,
            -2.7191770724900755,
            -7.345865900157719e-05
        ]
    ],
    "base_poses": [
        [
            [
                0.5148719509484643,
                -0.6887814818656,
                0.0
            ],
            [
                0.0,
                0.0,
                0.9810458804977834,
                0.19377559278280865
            ]
        ],
        [
            [
                -0.2349083564089558,
                0.5029436430311678,
                0.0
            ],
            [
                0.0,
                0.0,
                0.9154069809195523,
                0.4025295756633918
            ]
        ],
        [
            [
                0.46246329864516533,
                0.6518636871187766,
                0.0
            ],
            [
                0.0,
                0.0,
                -0.7610095760893543,
                0.6487406454819223
            ]
        ]
    ],
    "difficulty": 0.4530236057556663
}