{
    "target_eff_poses": [
        [
            [
                -0.3997047245502472,
                -0.4035225212574005,
                0.47210249304771423
            ],
            [
                -0.45506009459495544,
                0.47557899355888367,
                0.43289265036582947,
                0.6159129738807678
            ]
        ],
        [
            [
                -0.10009472817182541,
                -0.23607127368450165,
                0.47627416253089905
            ],
            [
                0.6226502656936646,
                0.37974652647972107,
                0.1517040729522705,
                0.6671469807624817
            ]
        ],
        [
            [
                -0.7772443294525146,
                0.1479136049747467,
                0.6966263055801392
            ],
            [
                -0.0688655897974968,
                0.06571114808320999,
                0.5266286730766296,
                0.8447495698928833
            ]
        ]
    ],
    "start_goal_config": [
        null,
        null,
        null
    ],
    "start_config": [
        [
            -1.949353235474134,
            -0.8824701864025312,
            1.202871718337376,
            -1.8802034526202926,
            -1.1539308180988357,
            -2.787694931249326e-05
        ],
        [
            -3.4794846291809898,
            -1.7658938927089833,
            1.6572722621151257,
            -1.4834051543601925,
            -1.6856214000034495,
            5.2511891895032e-07
        ],
        [
            -3.2140351998880394,
            -2.567252900777903,
            1.5120766227289106,
            -1.3348224555456987,
            -2.0594336155202533,
            3.076923202778197e-05
        ]
    ],
    "goal_config": [
        [
            -3.565971738970385,
            -1.861520725427668,
            1.6286519533901824,
            -1.471811700907025,
            -1.7215196107799238,
            2.656448902236273e-05
        ],
        [
            -1.8424830231036675,
            -2.368953385485638,
            2.0099785448320264,
            -1.1479764756351525,
            -0.3240676409252267,
            -6.914950445913967e-17
        ],
        [
            -2.822778409842849,
            -2.7904226853289997,
            1.2362733754021473,
            -1.3967822131708203,
            -1.822170969192573,
            -1.9676587637951537e-07
        ]
    ],
    "base_poses": [
        [
            [
                -0.38353844920807206,
                -0.784656009355386,
                0.0
            ],
            [
                0.0,
                0.0,
                -0.6214560242142457,
                0.7834490474611753
            ]
        ],
        [
            [
                -0.37457671346412913,
                -0.28709964307917246,
                0.0
            ],
            [
                -0.0,
                -0.0,
                0.49815305605750043,
                0.8670891146477234
            ]
        ],
        [
            [
                -0.6510641749274279,
                0.37804777019416536,
                0.0
            ],
            [
                0.0,
                0.0,
                -0.8659556953384578,
                0.5001207191377779
            ]
        ]
    ],
    "difficulty": 0.8619199699417621,
    "dynamic_speed": null
}