{
    "target_eff_poses": [
        [
            [
                0.24646778404712677,
                0.23602339625358582,
                0.7302419543266296
            ],
            [
                -0.04629845544695854,
                0.34872978925704956,
                0.2194073647260666,
                0.9100024104118347
            ]
        ],
        [
            [
                -0.09853090345859528,
                -1.0990409851074219,
                0.43713223934173584
            ],
            [
                0.45107191801071167,
                0.3744938373565674,
                -0.43842098116874695,
                0.6812308430671692
            ]
        ],
        [
            [
                -0.22460633516311646,
                0.2839880883693695,
                0.641701340675354
            ],
            [
                -0.2930866777896881,
                0.268969863653183,
                0.03506438061594963,
                0.9168019890785217
            ]
        ]
    ],
    "start_goal_config": [
        null,
        null,
        null
    ],
    "start_config": [
        [
            -2.366766543021228,
            -1.48367507187294,
            1.2295180242423889,
            -1.7411923537664764,
            -1.3153853453654412,
            -1.0580037295222725e-05
        ],
        [
            -2.735236638980772,
            -2.2058638550456733,
            1.2632345255883313,
            -1.5541496749365227,
            -1.3410892218183825,
            -1.3806800202536687e-05
        ],
        [
            -3.5013382352289075,
            -1.6306643325532182,
            2.1708992486591536,
            -1.2959885798479271,
            -1.7424011063088134,
            -1.0382756805074038e-09
        ]
    ],
    "goal_config": [
        [
            -2.8665399586096796,
            -2.140550112443605,
            1.2810083340071197,
            -1.5630848285738042,
            -1.4661937238913365,
            -2.7683617516403415e-06
        ],
        [
            -2.224702414405273,
            -1.2628473063217474,
            1.1834032567559247,
            -1.8092515161514315,
            -1.2647433386144518,
            -1.442655558274577e-05
        ],
        [
            -3.3252060032568806,
            -2.5987055961344154,
            1.5746239561200723,
            -1.2992787664902938,
            -2.3608463465252187,
            -3.394542005786315e-06
        ]
    ],
    "base_poses": [
        [
            [
                0.11677894718092696,
                0.05437494436042789,
                0.0
            ],
            [
                0.0,
                0.0,
                0.9989068266067855,
                -0.046745606834880965
            ]
        ],
        [
            [
                -0.32407011042373046,
                -0.4732099255402542,
                0.0
            ],
            [
                -0.0,
                -0.0,
                0.3778533118160791,
                0.925865473354321
            ]
        ],
        [
            [
                -0.19345226064416265,
                0.2947095728344229,
                0.0
            ],
            [
                0.0,
                0.0,
                -0.8652943924728909,
                0.5012640166169631
            ]
        ]
    ],
    "difficulty": 0.781435154707044,
    "dynamic_speed": null
}