{
    "target_eff_poses": [
        [
            [
                0.9099898338317871,
                0.8203353881835938,
                0.3507973849773407
            ],
            [
                -0.16603046655654907,
                0.7624641060829163,
                0.15859684348106384,
                0.6049209237098694
            ]
        ],
        [
            [
                0.8275879621505737,
                0.4635569751262665,
                0.29558882117271423
            ],
            [
                -0.6034342050552368,
                0.4401873052120209,
                0.1737717241048813,
                0.6417988538742065
            ]
        ]
    ],
    "start_goal_config": [
        null,
        null
    ],
    "start_config": [
        [
            -2.2139259013750703,
            -2.421219381365113,
            2.0838025966743112,
            -1.0818395456313126,
            -1.1920521820709196,
            -1.3315020837334356e-06
        ],
        [
            -4.56175215099271,
            -1.6165845303451722,
            2.5190866722455607,
            -1.2484012855261497,
            -2.6010415168434804,
            1.7483815088070672e-05
        ]
    ],
    "goal_config": [
        [
            -2.804235894307261,
            -1.9532365264487803,
            1.9156849833740655,
            -1.3136487322565709,
            -1.5287975256654323,
            6.850564945953305e-09
        ],
        [
            -4.993775367283144,
            -1.2444198972720557,
            1.4614317225118938,
            -1.6717342094320482,
            -2.2469403846872615,
            2.8420626689664564e-05
        ]
    ],
    "base_poses": [
        [
            [
                0.6968877477771691,
                0.5832681850542374,
                0.0
            ],
            [
                0.0,
                0.0,
                0.997774440340349,
                -0.06667957860922229
            ]
        ],
        [
            [
                0.6383672629246531,
                -0.10816576370706699,
                0.0
            ],
            [
                0.0,
                0.0,
                -0.04219055047686931,
                0.9991095823033921
            ]
        ]
    ],
    "difficulty": 0.42650239819430075,
    "dynamic_speed": null,
    "ur5_count": 2,
    "id": "008472",
    "task_path": "/home/hqh2101/workspace-sharing-multiarm/src/data/8f14d7-hard-vlo-tasks/008472.json"
}