{
    "target_eff_poses": [
        [
            [
                0.6341482996940613,
                -0.44594740867614746,
                0.7872126698493958
            ],
            [
                0.0276536513119936,
                -0.012192481197416782,
                0.7828212380409241,
                0.6215123534202576
            ]
        ]
    ],
    "start_goal_config": [
        null
    ],
    "start_config": [
        [
            -3.8710766947435467,
            -2.5398804823038423,
            2.035235890477059,
            -1.0781037282231019,
            -2.231687317590995,
            2.183721840452989e-05
        ]
    ],
    "goal_config": [
        [
            -2.8034521750707446,
            -2.6394434193681096,
            1.003618613914131,
            -1.5662161881909633,
            -1.8263160529602007,
            1.6098603734590272e-05
        ]
    ],
    "base_poses": [
        [
            [
                0.5721592401211315,
                -0.1642228822965951,
                0.0
            ],
            [
                0.0,
                0.0,
                -0.6536102857150438,
                0.7568312852991074
            ]
        ]
    ],
    "difficulty": 0.0,
    "dynamic_speed": null,
    "ur5_count": 1,
    "id": "008422",
    "task_path": "/home/hqh2101/workspace-sharing-multiarm/src/data/8f14d7-hard-vlo-tasks/008422.json"
}