{
    "target_eff_poses": [
        [
            [
                0.0926700159907341,
                -0.16736221313476562,
                0.683932363986969
            ],
            [
                0.16151703894138336,
                0.23963572084903717,
                -0.5049631595611572,
                0.8133260011672974
            ]
        ]
    ],
    "start_goal_config": [
        null
    ],
    "start_config": [
        [
            -4.179867608343183,
            -1.7460557341908147,
            1.159512010773671,
            -1.7125083978203863,
            -1.914413570622731,
            2.9581885197808415e-05
        ]
    ],
    "goal_config": [
        [
            -2.9618601990927793,
            -2.5812349854733774,
            1.4062047605607606,
            -1.3802257054771168,
            -1.533341105864916,
            -2.4316128500702063e-06
        ]
    ],
    "base_poses": [
        [
            [
                0.008407191436474393,
                -0.25804513300369225,
                0.0
            ],
            [
                -0.0,
                -0.0,
                0.7874025842285622,
                0.616439105143551
            ]
        ]
    ],
    "difficulty": 0.0,
    "dynamic_speed": null
}