{
    "target_eff_poses": [
        [
            [
                0.33231985569000244,
                0.14321273565292358,
                0.3566538393497467
            ],
            [
                -0.1081901416182518,
                0.7604310512542725,
                0.10961258411407471,
                0.6308920979499817
            ]
        ]
    ],
    "start_goal_config": [
        null
    ],
    "start_config": [
        [
            -2.2516139110851245,
            -2.6111650646196654,
            2.280981370242387,
            -0.8043998041343331,
            -1.185664413572127,
            -5.400899431464312e-06
        ]
    ],
    "goal_config": [
        [
            -2.888671940549472,
            -1.8426575527395854,
            1.8351326033955915,
            -1.3823649600391563,
            -1.5400969346677307,
            5.357843419871223e-06
        ]
    ],
    "base_poses": [
        [
            [
                0.036291574221522405,
                -0.07164185880784046,
                0.0
            ],
            [
                0.0,
                0.0,
                0.9995434711269595,
                -0.03021339649011596
            ]
        ]
    ],
    "difficulty": 0.0,
    "dynamic_speed": null
}