{
    "target_eff_poses": [
        [
            [
                0.23951035737991333,
                0.5862634778022766,
                0.11738760769367218
            ],
            [
                0.5664853453636169,
                0.7600724697113037,
                0.12544593214988708,
                0.29265591502189636
            ]
        ],
        [
            [
                0.02765757590532303,
                -1.0270086526870728,
                0.40835055708885193
            ],
            [
                -0.5499640107154846,
                -0.45523586869239807,
                0.5790350437164307,
                -0.393723726272583
            ]
        ],
        [
            [
                -0.6248950958251953,
                -0.4162416160106659,
                0.23105591535568237
            ],
            [
                0.7757660746574402,
                -0.055996157228946686,
                -0.6258431077003479,
                0.05806729570031166
            ]
        ],
        [
            [
                0.20060059428215027,
                -0.05280669033527374,
                0.3098081052303314
            ],
            [
                0.8012413382530212,
                -0.17209067940711975,
                -0.3900732398033142,
                -0.4198094606399536
            ]
        ]
    ],
    "start_goal_config": [
        null,
        null,
        null,
        null
    ],
    "start_config": [
        [
            -3.129943354056853,
            -2.5284433893091784,
            1.5491421105086227,
            -1.3265898979569415,
            -1.788200840552719,
            1.9911259038010347e-05
        ],
        [
            -3.010527824640987,
            -1.9286112823997468,
            1.1647965412501475,
            -1.6722972943507997,
            -1.5222745358014342,
            9.006058551226476e-06
        ],
        [
            -1.7587112471788466,
            -1.7002547406889996,
            2.1534845962772353,
            -1.3214030207469645,
            -0.9748086065046936,
            -3.3026140350382237e-17
        ],
        [
            -2.5184668133060435,
            -0.9823691018616735,
            1.4567871038335503,
            -1.7603023111927625,
            -1.359472333763686,
            5.4456847244576856e-08
        ]
    ],
    "goal_config": [
        [
            -1.4527713320420113,
            -1.4126703761159556,
            2.1955113993429367,
            -1.4309270361378268,
            -0.525363188902551,
            -1.6965582314392267e-05
        ],
        [
            -3.389129697372202,
            -1.783899327100369,
            1.6944498873959122,
            -1.4619453246521807,
            -1.6650807960714076,
            5.212195878180823e-18
        ],
        [
            -2.611237868180289,
            -1.2482406000268802,
            1.548277695338738,
            -1.6593611920241949,
            -1.4062237856244686,
            -6.747771866045764e-06
        ],
        [
            -4.752191491788741,
            -1.734905166346545,
            1.9042575808584337,
            -1.3898208566379537,
            -2.181328734852317,
            -3.78743304553791e-08
        ]
    ],
    "base_poses": [
        [
            [
                -0.1526936265123462,
                0.45248177382869903,
                0.0
            ],
            [
                -0.0,
                -0.0,
                0.5717290275215084,
                0.8204425141893308
            ]
        ],
        [
            [
                0.043997749065021075,
                -0.6226454875435078,
                0.0
            ],
            [
                -0.0,
                -0.0,
                0.6947438932273736,
                0.7192572021351414
            ]
        ],
        [
            [
                -0.052612190666436076,
                -0.2740590904764192,
                0.0
            ],
            [
                0.0,
                0.0,
                -0.25219732856805704,
                0.9676758276732634
            ]
        ],
        [
            [
                0.41943468999279676,
                -0.3526016682402855,
                0.0
            ],
            [
                -0.0,
                -0.0,
                0.28448315758976855,
                0.9586810382227005
            ]
        ]
    ],
    "difficulty": 0.9411266810871814,
    "dynamic_speed": null,
    "ur5_count": 4,
    "id": "008523",
    "task_path": "/home/huy/programming/projects/workspace-sharing-multiarm/src/data/8f14d7-hard-vlo-tasks/008523.json"
}