{
    "target_eff_poses": [
        [
            [
                -0.6922197341918945,
                -0.0071190339513123035,
                0.7482966184616089
            ],
            [
                -0.022594325244426727,
                0.12738530337810516,
                -0.1559547781944275,
                0.9792551398277283
            ]
        ]
    ],
    "start_goal_config": [
        null
    ],
    "start_config": [
        [
            -3.765150252071312,
            -1.9677772848087864,
            1.8328708399893678,
            -1.3501677519990019,
            -1.816375043810577,
            1.8728108120179992e-05
        ]
    ],
    "goal_config": [
        [
            -2.848125747550212,
            -2.6200714361835296,
            1.2060679782862058,
            -1.4681054262700237,
            -1.9043595395074115,
            2.466696047393837e-05
        ]
    ],
    "base_poses": [
        [
            [
                -0.5268234103484688,
                -0.07078778551541398,
                0.0
            ],
            [
                0.0,
                0.0,
                0.9905092522836857,
                0.13744606629661618
            ]
        ]
    ],
    "difficulty": 0.0
}