{
    "target_eff_poses": [
        [
            [
                -0.2180643230676651,
                0.7440775036811829,
                0.6053034067153931
            ],
            [
                -0.013960639014840126,
                -0.015742171555757523,
                -0.46998175978660583,
                0.8824253082275391
            ]
        ],
        [
            [
                -0.5283046364784241,
                -0.00931493379175663,
                0.5269984006881714
            ],
            [
                -0.3956785798072815,
                0.015791576355695724,
                0.9182451367378235,
                -0.0038717540446668863
            ]
        ],
        [
            [
                0.03547767177224159,
                -0.16114960610866547,
                0.14477907121181488
            ],
            [
                0.8857743740081787,
                -0.22067083418369293,
                -0.4013884663581848,
                -0.07480261474847794
            ]
        ]
    ],
    "start_goal_config": [
        null,
        null,
        null
    ],
    "start_config": [
        [
            -2.573415144885343,
            -2.600452417951351,
            1.0547502964100908,
            -1.5494081989424782,
            -2.212936731139872,
            -3.5539278176285554e-05
        ],
        [
            -4.6010272403904855,
            -2.0569443447042186,
            1.5576729455449811,
            -1.4462433005076023,
            -2.3120157947009092,
            1.302947343802761e-05
        ],
        [
            -3.2050213640257037,
            -2.639358090944599,
            1.7934639492537394,
            -1.1663520541847017,
            -1.8943544977474849,
            2.4719564685943213e-05
        ]
    ],
    "goal_config": [
        [
            -3.1138846856077205,
            -3.045775084655966,
            1.1825748235180304,
            -1.3204727674956087,
            -1.3350103921214809,
            -1.3902459540171354e-05
        ],
        [
            -2.888759320789045,
            -2.9032705010671203,
            1.6932893335514005,
            -1.117312438863182,
            -1.52669126989175,
            3.6637213625312826e-07
        ],
        [
            -2.8345427917140986,
            -1.481661987559721,
            2.0401906420292955,
            -1.399707538486662,
            -1.5108833174743637,
            2.3158790584630193e-06
        ]
    ],
    "base_poses": [
        [
            [
                -0.204508800226461,
                0.3075916380663162,
                0.0
            ],
            [
                -0.0,
                -0.0,
                0.8132185170012535,
                0.5819584552236371
            ]
        ],
        [
            [
                -0.6406659812876226,
                0.10964985123125515,
                0.0
            ],
            [
                0.0,
                0.0,
                -0.14375290059646464,
                0.9896136132704031
            ]
        ],
        [
            [
                0.4065442700046513,
                -0.2020596518118286,
                0.0
            ],
            [
                0.0,
                0.0,
                -0.3594935674673734,
                0.9331475633304633
            ]
        ]
    ],
    "difficulty": 0.7789364900413378
}