{
    "target_eff_poses": [
        [
            [
                -0.558281421661377,
                0.1525000035762787,
                0.5852154493331909
            ],
            [
                -0.469953328371048,
                -0.20856396853923798,
                0.8369355201721191,
                -0.1875736266374588
            ]
        ],
        [
            [
                -0.9463962912559509,
                -0.5257208943367004,
                0.23639321327209473
            ],
            [
                0.850959062576294,
                0.296212762594223,
                -0.3891613781452179,
                -0.19152072072029114
            ]
        ]
    ],
    "start_goal_config": [
        null,
        null
    ],
    "start_config": [
        [
            -4.683117721101557,
            -1.6825884003270386,
            1.5775760124176914,
            -1.53342954733627,
            -2.1051341216707558,
            3.652507194049457e-05
        ],
        [
            -1.5920125863702788,
            -1.5059438564973306,
            1.9636010560817405,
            -1.4487242505384184,
            -0.9143257313543627,
            -1.749513375593369e-05
        ]
    ],
    "goal_config": [
        [
            -3.320586422979922,
            -2.33273577188667,
            1.6203286269483301,
            -1.3491372376407755,
            -1.768012674740773,
            1.7304807898564605e-05
        ],
        [
            -4.7763614537516945,
            -1.8628548871232697,
            2.1989846582900814,
            -1.2333854856138124,
            -2.3630980333556173,
            1.8972456496713874e-05
        ]
    ],
    "base_poses": [
        [
            [
                -0.4900459480285852,
                0.30729421168743243,
                0.0
            ],
            [
                -0.0,
                -0.0,
                0.39731249345373426,
                0.9176833781569634
            ]
        ],
        [
            [
                -0.6813813547887204,
                -0.5415884321490532,
                0.0
            ],
            [
                -0.0,
                -0.0,
                0.6861704801630688,
                0.727440768827802
            ]
        ]
    ],
    "difficulty": 0.3022360015031943,
    "dynamic_speed": null
}