{
    "target_eff_poses": [
        [
            [
                0.20502185821533203,
                -0.7282555103302002,
                0.3445374667644501
            ],
            [
                0.7669636607170105,
                -0.009974226355552673,
                -0.576702356338501,
                0.2812145948410034
            ]
        ]
    ],
    "start_goal_config": [
        null
    ],
    "start_config": [
        [
            -2.6389071944744926,
            -1.3101735039856064,
            1.790961054881966,
            -1.5467952916536638,
            -1.4295233476965854,
            -5.597829528322571e-06
        ]
    ],
    "goal_config": [
        [
            -1.8025985766389463,
            -1.6331339364469897,
            1.7296578250427717,
            -1.4897144051934077,
            -1.104096304422537,
            -1.63882453350874e-05
        ]
    ],
    "base_poses": [
        [
            [
                0.5283990901462088,
                -0.39039656995017114,
                0.0
            ],
            [
                0.0,
                0.0,
                -0.43420628712054,
                0.9008134658324082
            ]
        ]
    ],
    "difficulty": 0.0,
    "dynamic_speed": null,
    "ur5_count": 1,
    "id": "008651",
    "task_path": "/home/hqh2101/workspace-sharing-multiarm/src/data/8f14d7-hard-vlo-tasks/008651.json"
}