{
    "target_eff_poses": [
        [
            [
                0.5359130501747131,
                -0.7058157920837402,
                0.18359443545341492
            ],
            [
                0.23096227645874023,
                0.8959426283836365,
                -0.28898927569389343,
                0.24582211673259735
            ]
        ],
        [
            [
                0.6511008739471436,
                -0.011646339669823647,
                0.1594846397638321
            ],
            [
                -0.6315959095954895,
                0.7241451740264893,
                -0.08803015947341919,
                0.2625853419303894
            ]
        ]
    ],
    "start_goal_config": [
        null,
        null
    ],
    "start_config": [
        [
            -2.8386970598597836,
            -2.589779378336517,
            1.564372107543104,
            -1.298772176898483,
            -1.4104293121091154,
            -1.0873348341070765e-05
        ],
        [
            -2.3629384833152067,
            -2.2524789773081455,
            2.3524181331025282,
            -0.9318351894945017,
            -1.3442349947304797,
            -6.749977820941967e-09
        ]
    ],
    "goal_config": [
        [
            -4.536232232571403,
            -1.74115575563731,
            2.2247805756902532,
            -1.2619026524341623,
            -2.184420337915861,
            2.462267258161715e-05
        ],
        [
            -4.7861034514088665,
            -1.7646404880480953,
            2.3962443279684105,
            -1.192822297066309,
            -2.6114910390455344,
            1.7185470024394808e-05
        ]
    ],
    "base_poses": [
        [
            [
                0.38876394560380456,
                -0.48161642333369414,
                0.0
            ],
            [
                0.0,
                0.0,
                0.9904631103255425,
                -0.13777818072631157
            ]
        ],
        [
            [
                0.4380716144189749,
                -0.09689981890151667,
                0.0
            ],
            [
                0.0,
                0.0,
                -0.5240913262227412,
                0.8516620701769501
            ]
        ]
    ],
    "difficulty": 0.670989568649563,
    "dynamic_speed": null
}