{
    "target_eff_poses": [
        [
            [
                -0.8533840775489807,
                -0.22511370480060577,
                0.13116468489170074
            ],
            [
                0.8280511498451233,
                -0.42449837923049927,
                -0.24776147305965424,
                -0.26971590518951416
            ]
        ],
        [
            [
                -0.1770022213459015,
                0.23690573871135712,
                0.42110592126846313
            ],
            [
                -0.5887182950973511,
                0.1775745153427124,
                0.4963562786579132,
                0.6127874851226807
            ]
        ]
    ],
    "start_goal_config": [
        null,
        null
    ],
    "start_config": [
        [
            -3.139696505220592,
            -2.1758389124331314,
            2.01207945141933,
            -1.1943625786300902,
            -1.6800722023889325,
            8.005229832917699e-06
        ],
        [
            -1.6547661328482204,
            -1.3474194730342564,
            1.202909400434617,
            -1.7644029805011998,
            -1.0060994951434972,
            -2.3866586872018838e-05
        ]
    ],
    "goal_config": [
        [
            -4.139246394178334,
            -1.4926389704906071,
            2.1170842717821103,
            -1.374369408555227,
            -1.9248599159544473,
            2.074883058550758e-05
        ],
        [
            -3.2586366862876677,
            -2.87005605205338,
            2.0026391796522964,
            -0.9496081824650321,
            -2.1678374668669758,
            1.3926548152304934e-05
        ]
    ],
    "base_poses": [
        [
            [
                -0.7046928445832017,
                -0.5229855905967107,
                0.0
            ],
            [
                0.0,
                0.0,
                -0.1513318429304779,
                0.9884830161997045
            ]
        ],
        [
            [
                -0.1578833929789638,
                0.2854642922507069,
                0.0
            ],
            [
                0.0,
                0.0,
                -0.5080695030813984,
                0.8613160744109104
            ]
        ]
    ],
    "difficulty": 0.23675310033821872,
    "dynamic_speed": null,
    "ur5_count": 2,
    "id": "008642",
    "task_path": "/home/huy/programming/projects/workspace-sharing-multiarm/src/data/8f14d7-hard-vlo-tasks/008642.json"
}