{
    "target_eff_poses": [
        [
            [
                -0.5652758479118347,
                -0.5919175148010254,
                0.3622581958770752
            ],
            [
                -0.6369122266769409,
                0.0035895868204534054,
                0.6943038105964661,
                0.33507028222084045
            ]
        ],
        [
            [
                0.34511005878448486,
                1.0136555433273315,
                0.12272161990404129
            ],
            [
                -0.11517972499132156,
                0.7202064394950867,
                0.46690982580184937,
                0.5000315308570862
            ]
        ],
        [
            [
                0.5679861903190613,
                0.24570722877979279,
                0.6522026062011719
            ],
            [
                -0.1406475454568863,
                0.4234076738357544,
                -0.2449929416179657,
                0.8607686758041382
            ]
        ],
        [
            [
                -0.15604151785373688,
                1.3907243013381958,
                0.2286716103553772
            ],
            [
                -0.5329551696777344,
                0.499706506729126,
                0.3288443684577942,
                0.5984259247779846
            ]
        ]
    ],
    "start_goal_config": [
        null,
        null,
        null,
        null
    ],
    "start_config": [
        [
            -2.754282858181217,
            -1.6860444017217304,
            1.7532326231378053,
            -1.4616896323281396,
            -1.4839513477278117,
            2.007774870194066e-06
        ],
        [
            -3.4606234639593714,
            -1.9477341413415383,
            1.5634372550723423,
            -1.4796588664010262,
            -1.701083126269055,
            7.246887844074178e-18
        ],
        [
            -4.452752974003731,
            -1.7270760891302641,
            1.4387448757295298,
            -1.5860075088162504,
            -2.004270649269679,
            2.8117644413636797e-05
        ],
        [
            -2.262199091786171,
            -1.144004978160976,
            1.099423949253233,
            -1.8723960214213728,
            -1.2694470035545629,
            -6.468322389655835e-07
        ]
    ],
    "goal_config": [
        [
            -2.973874729933768,
            -3.045506521091008,
            2.046970271866989,
            -0.7620549212043561,
            -2.014791412765725,
            5.110495433358251e-06
        ],
        [
            -1.6014751844798034,
            -0.779593597609904,
            1.1762506342076517,
            -1.903462574263875,
            -0.9782238735892926,
            -3.386864488660575e-05
        ],
        [
            -3.80585590923802,
            -2.3414303876169136,
            1.520839413592093,
            -1.3960691033159416,
            -2.168797195923312,
            3.308006843763895e-17
        ],
        [
            -4.368083402989374,
            -1.0809105811121915,
            1.3540087471307694,
            -1.776347675108536,
            -1.8859091352312807,
            -3.655049975640425e-07
        ]
    ],
    "base_poses": [
        [
            [
                -0.6276318783490343,
                -0.5020366106670386,
                0.0
            ],
            [
                0.0,
                0.0,
                -0.306476912390023,
                0.9518780920747563
            ]
        ],
        [
            [
                0.027102923806487156,
                0.30879284471031654,
                0.0
            ],
            [
                0.0,
                0.0,
                0.9507336621848016,
                0.31000887662884025
            ]
        ],
        [
            [
                0.45801901561956515,
                0.20493402710462538,
                0.0
            ],
            [
                0.0,
                0.0,
                0.9380479003339613,
                -0.3465056084380836
            ]
        ],
        [
            [
                -0.2540330170516949,
                0.730617627232679,
                0.0
            ],
            [
                0.0,
                0.0,
                -0.293153371616181,
                0.9560654270028099
            ]
        ]
    ],
    "difficulty": 0.9694347785197028,
    "dynamic_speed": null
}