{
    "target_eff_poses": [
        [
            [
                0.5764093399047852,
                -0.019848376512527466,
                0.5275005102157593
            ],
            [
                -0.3599734902381897,
                -0.4693371057510376,
                0.6742387413978577,
                -0.4422034025192261
            ]
        ],
        [
            [
                0.44363272190093994,
                -0.8375293612480164,
                0.22171935439109802
            ],
            [
                0.5696732401847839,
                0.41865286231040955,
                -0.4801683723926544,
                0.5192693471908569
            ]
        ],
        [
            [
                -0.23834164440631866,
                1.2406823635101318,
                0.11195967346429825
            ],
            [
                -0.4625336527824402,
                0.7273353934288025,
                0.45398515462875366,
                0.22570621967315674
            ]
        ],
        [
            [
                -0.18021994829177856,
                -0.08046283572912216,
                0.7133708596229553
            ],
            [
                -0.19655799865722656,
                0.3237782120704651,
                0.44269752502441406,
                0.8127431869506836
            ]
        ]
    ],
    "start_goal_config": [
        null,
        null,
        null,
        null
    ],
    "start_config": [
        [
            -2.6670444302071896,
            -2.7436032469491693,
            1.0293012603624603,
            -1.5171390142577945,
            -1.988709667298046,
            2.3206183115522615e-17
        ],
        [
            -2.8195482281631783,
            -3.1732184660107356,
            1.1929053724980627,
            -1.2388354321441488,
            -1.8197364723018288,
            -1.6615922172432538e-05
        ],
        [
            -2.432974969410237,
            -0.8709169106859617,
            1.2883210601526893,
            -1.8529370110944932,
            -1.3202791324876582,
            -1.6318153331420577e-07
        ],
        [
            -4.438406081658223,
            -1.271203883313289,
            1.3486490145569812,
            -1.733028011688035,
            -1.9239792084845242,
            2.445763212536729e-05
        ]
    ],
    "goal_config": [
        [
            -4.240218535193463,
            -1.693702279833224,
            1.4222057271068251,
            -1.6042860604136127,
            -1.9068329475245651,
            9.61845194992397e-06
        ],
        [
            -2.617512940948176,
            -1.0122720490693045,
            1.2707203236183016,
            -1.829645805480334,
            -1.3800620902612422,
            -1.063035122534778e-05
        ],
        [
            -1.694518951868398,
            -1.117182142814126,
            1.7001900401072487,
            -1.6463910211978354,
            -1.027807738729738,
            -2.0184087287924954e-05
        ],
        [
            -3.161380007407859,
            -2.1056755490330423,
            1.3029650727705555,
            -1.561944707424012,
            -1.6176496193203453,
            8.458994836144654e-06
        ]
    ],
    "base_poses": [
        [
            [
                0.5436978872291007,
                0.43671935677512175,
                0.0
            ],
            [
                0.0,
                0.0,
                0.9629714826397187,
                0.26960327079370183
            ]
        ],
        [
            [
                0.3891985648648657,
                -0.12778027257474744,
                0.0
            ],
            [
                -0.0,
                -0.0,
                0.45028909294867453,
                0.8928828214113316
            ]
        ],
        [
            [
                -0.006139749892135504,
                0.7198163775285875,
                0.0
            ],
            [
                0.0,
                0.0,
                0.993466612335623,
                -0.11412313601711616
            ]
        ],
        [
            [
                -0.1990540509158144,
                -0.31799547994199656,
                0.0
            ],
            [
                0.0,
                0.0,
                -0.8617519052905643,
                0.5073299259141751
            ]
        ]
    ],
    "difficulty": 0.8045706761967459,
    "dynamic_speed": null,
    "ur5_count": 4,
    "id": "008704",
    "task_path": "/home/hqh2101/workspace-sharing-multiarm/src/data/8f14d7-hard-vlo-tasks/008704.json"
}