{
    "target_eff_poses": [
        [
            [
                -0.9187949299812317,
                0.23064783215522766,
                0.4713976979255676
            ],
            [
                -0.5394564867019653,
                0.3862760066986084,
                0.6419143080711365,
                0.3843483030796051
            ]
        ]
    ],
    "start_goal_config": [
        null
    ],
    "start_config": [
        [
            -2.9012697888439494,
            -2.358620524197851,
            2.0500844706714565,
            -1.10835670817241,
            -1.6240791435070878,
            2.868573382489309e-06
        ]
    ],
    "goal_config": [
        [
            -2.7329553223472884,
            -2.040810010665257,
            1.7281734570380591,
            -1.3780006279763157,
            -1.4888842914983182,
            6.2003864945422e-07
        ]
    ],
    "base_poses": [
        [
            [
                -0.6932797272920452,
                0.012206346111162225,
                0.0
            ],
            [
                0.0,
                0.0,
                -0.7066672351842223,
                0.7075460541315223
            ]
        ]
    ],
    "difficulty": 0.0,
    "dynamic_speed": null
}