{
    "target_eff_poses": [
        [
            [
                -0.7006666660308838,
                0.279218852519989,
                0.6558326482772827
            ],
            [
                -0.31808269023895264,
                -0.3114224076271057,
                0.7944083213806152,
                -0.4132250249385834
            ]
        ],
        [
            [
                0.23684723675251007,
                0.9277752637863159,
                0.648600161075592
            ],
            [
                -0.10616288334131241,
                0.45440515875816345,
                0.11461148411035538,
                0.87698894739151
            ]
        ]
    ],
    "start_goal_config": [
        null,
        null
    ],
    "start_config": [
        [
            -2.0373449852506456,
            -2.1145910312524965,
            1.5997248610046864,
            -1.4148028592242126,
            -1.0307651129233821,
            -2.375057608566416e-05
        ],
        [
            -1.870208913380345,
            -1.9396000884674334,
            1.326271272013653,
            -1.5665630686951821,
            -0.7853428019146873,
            -2.575116701526342e-05
        ]
    ],
    "goal_config": [
        [
            -3.594513655768506,
            -2.2231719071618556,
            1.4605647328731177,
            -1.4562889835682524,
            -1.8659806654539308,
            2.3417580388323186e-05
        ],
        [
            -3.3213196179031814,
            -2.044334905457613,
            1.4033655155620144,
            -1.529640715210345,
            -1.6703679731000394,
            1.3093327420687358e-05
        ]
    ],
    "base_poses": [
        [
            [
                -0.7136687020022049,
                0.4688137847453071,
                0.0
            ],
            [
                -0.0,
                -0.0,
                0.7537231037449938,
                0.6571921202213347
            ]
        ],
        [
            [
                0.016341013802960602,
                0.7421089553596982,
                0.0
            ],
            [
                0.0,
                0.0,
                0.9638765356963591,
                -0.2663494395225666
            ]
        ]
    ],
    "difficulty": 0.3649017210570864,
    "dynamic_speed": null,
    "ur5_count": 2,
    "id": "008732",
    "task_path": "/home/hqh2101/workspace-sharing-multiarm/src/data/8f14d7-hard-vlo-tasks/008732.json"
}