{
    "target_eff_poses": [
        [
            [
                0.15209929645061493,
                0.4422984719276428,
                0.28476056456565857
            ],
            [
                0.7080125212669373,
                -0.43930667638778687,
                -0.5021267533302307,
                -0.23150961101055145
            ]
        ]
    ],
    "start_goal_config": [
        null
    ],
    "start_config": [
        [
            -3.452375412805956,
            -1.0905361949961,
            1.0572976101306866,
            -1.909317212165046,
            -1.5920301086260567,
            3.865525258349809e-06
        ]
    ],
    "goal_config": [
        [
            -2.5732151792551083,
            -1.8209293281938435,
            1.9758386928743934,
            -1.326653275614284,
            -1.4474670008557768,
            3.887928047751241e-08
        ]
    ],
    "base_poses": [
        [
            [
                0.432517912413253,
                0.24464603559064058,
                0.0
            ],
            [
                0.0,
                0.0,
                -0.7017601419763293,
                0.7124132951688663
            ]
        ]
    ],
    "difficulty": 0.0,
    "dynamic_speed": null
}