{
    "target_eff_poses": [
        [
            [
                -0.5756140947341919,
                0.05758148804306984,
                0.14725817739963531
            ],
            [
                0.7994379997253418,
                0.37455692887306213,
                -0.36499786376953125,
                0.29560551047325134
            ]
        ]
    ],
    "start_goal_config": [
        null
    ],
    "start_config": [
        [
            -4.110731760089443,
            -1.581914787693291,
            1.9419970956698573,
            -1.4131925256009898,
            -1.881396283814996,
            3.064556843305588e-05
        ]
    ],
    "goal_config": [
        [
            -2.3181526524225804,
            -1.3466997754713674,
            1.8779861119026138,
            -1.5091544325797157,
            -1.3282199189208586,
            -1.3756973014726637e-05
        ]
    ],
    "base_poses": [
        [
            [
                -0.5094882901833715,
                0.5152554577510313,
                0.0
            ],
            [
                -0.0,
                -0.0,
                0.14718066488978965,
                0.98910962581637
            ]
        ]
    ],
    "difficulty": 0.0
}