{
    "target_eff_poses": [
        [
            [
                0.126029372215271,
                -0.21443116664886475,
                0.5426316857337952
            ],
            [
                -0.06828147917985916,
                0.5836238265037537,
                -0.0778278261423111,
                0.8053966164588928
            ]
        ],
        [
            [
                -0.5412928462028503,
                -0.24539464712142944,
                0.4106353223323822
            ],
            [
                -0.7032994627952576,
                0.11682698130607605,
                0.37929007411003113,
                0.5897969007492065
            ]
        ],
        [
            [
                0.37122905254364014,
                -0.03736848756670952,
                0.34324097633361816
            ],
            [
                -0.009893068112432957,
                0.7029604911804199,
                -0.1837514191865921,
                0.6870110034942627
            ]
        ]
    ],
    "start_goal_config": [
        null,
        null,
        null
    ],
    "start_config": [
        [
            -2.0381217446799607,
            -1.0170378806275675,
            1.508725086871357,
            -1.7339370331401975,
            -1.2012994837854982,
            -2.0540242773498476e-17
        ],
        [
            -2.4250160333460404,
            -0.9422066152272257,
            1.4146836601661281,
            -1.7863967020437492,
            -1.3272885118865456,
            -8.962932405144505e-06
        ],
        [
            -4.563300744452496,
            -0.89813641409622,
            1.2568521501675884,
            -1.854269620250896,
            -1.9541664030283223,
            -5.20899750357339e-07
        ]
    ],
    "goal_config": [
        [
            -3.5690849197334558,
            -2.1234049837079785,
            1.6372436094600316,
            -1.3992359495173081,
            -1.7836024550163923,
            1.8939725581411132e-05
        ],
        [
            -3.9303132949597317,
            -2.6135741238526933,
            2.089783762589841,
            -1.0304478728444217,
            -2.4054837159132045,
            4.66235784477065e-17
        ],
        [
            -4.196455557831748,
            -1.351807357591502,
            1.4456715928436426,
            -1.676159385340816,
            -1.8462163698222382,
            -4.091281644965669e-06
        ]
    ],
    "base_poses": [
        [
            [
                -0.12531173267893947,
                -0.3012069303667403,
                0.0
            ],
            [
                0.0,
                0.0,
                0.9750562584145573,
                -0.22195786295286768
            ]
        ],
        [
            [
                -0.5035150297766299,
                -0.30069341939810723,
                0.0
            ],
            [
                0.0,
                0.0,
                -0.1864946972802649,
                0.982455967403294
            ]
        ],
        [
            [
                -0.20815758305656118,
                0.032783558288166814,
                0.0
            ],
            [
                0.0,
                0.0,
                0.9195777150946765,
                -0.3929081647169654
            ]
        ]
    ],
    "difficulty": 0.8417191761497226,
    "dynamic_speed": null
}