{
    "target_eff_poses": [
        [
            [
                -0.3694795072078705,
                -0.10813622176647186,
                0.47445955872535706
            ],
            [
                -0.5862289071083069,
                -0.27118754386901855,
                0.6500213742256165,
                -0.40033137798309326
            ]
        ],
        [
            [
                0.6911890506744385,
                0.4830920696258545,
                0.1537351757287979
            ],
            [
                0.2057860642671585,
                0.8453627824783325,
                -0.07314357161521912,
                0.48750779032707214
            ]
        ],
        [
            [
                0.7001041173934937,
                0.1151590645313263,
                0.5270684361457825
            ],
            [
                -0.0443030521273613,
                0.5538737177848816,
                -0.33435389399528503,
                0.7612283825874329
            ]
        ]
    ],
    "start_goal_config": [
        null,
        null,
        null
    ],
    "start_config": [
        [
            -2.2453914276327867,
            -1.737698471983812,
            1.1263058784150881,
            -1.7287069991616641,
            -1.216770698439752,
            -1.2632774432524155e-05
        ],
        [
            -2.5381233800107994,
            -3.017574662135957,
            2.149093627145363,
            -0.5673727568924625,
            -1.3928118269202665,
            -1.2448122584718182e-05
        ],
        [
            -2.523102125495985,
            -2.2194512326815286,
            1.6260416882540396,
            -1.3773326732368383,
            -1.3542802889447894,
            -1.4013077111229407e-05
        ]
    ],
    "goal_config": [
        [
            -2.6933448090121086,
            -1.752921657154765,
            1.5502373056708147,
            -1.5344627857260245,
            -1.4520664686835876,
            -2.789121875394769e-07
        ],
        [
            -2.8083962061776293,
            -1.3227998650478965,
            1.8217961308481214,
            -1.529982061081597,
            -1.4809372819769961,
            -1.37284552216453e-06
        ],
        [
            -3.5247867956189953,
            -2.5492788143330194,
            1.7893651295900517,
            -1.203405279343728,
            -2.064476574281158,
            4.174412677020406e-06
        ]
    ],
    "base_poses": [
        [
            [
                -0.24009673812412657,
                0.3123691486961502,
                0.0
            ],
            [
                -0.0,
                -0.0,
                0.26530561752937,
                0.9641643684078766
            ]
        ],
        [
            [
                0.21651979996957138,
                0.5464362172259425,
                0.0
            ],
            [
                0.0,
                0.0,
                0.9357368298251849,
                0.35269900100328155
            ]
        ],
        [
            [
                0.6250164427445355,
                0.0908890217818803,
                0.0
            ],
            [
                0.0,
                0.0,
                0.9996979918579432,
                -0.024574887084089118
            ]
        ]
    ],
    "difficulty": 0.7871720116618076,
    "dynamic_speed": null
}