{
    "target_eff_poses": [
        [
            [
                -0.8727039098739624,
                -0.23039710521697998,
                0.3805602788925171
            ],
            [
                0.6613701581954956,
                -0.3153569996356964,
                -0.5979028940200806,
                -0.3250408470630646
            ]
        ],
        [
            [
                0.39546799659729004,
                0.4554397761821747,
                0.20777948200702667
            ],
            [
                0.09230001270771027,
                0.7575531601905823,
                -0.08547864854335785,
                0.6405368447303772
            ]
        ],
        [
            [
                -0.09228385239839554,
                -0.19774746894836426,
                0.5135143995285034
            ],
            [
                -0.43474939465522766,
                -0.19253534078598022,
                0.8371859192848206,
                0.2702644467353821
            ]
        ],
        [
            [
                0.6526492834091187,
                0.12594018876552582,
                0.6336168646812439
            ],
            [
                -0.2839099168777466,
                -0.17214345932006836,
                0.8152351379394531,
                -0.47450336813926697
            ]
        ]
    ],
    "start_goal_config": [
        null,
        null,
        null,
        null
    ],
    "start_config": [
        [
            -3.62994313108657,
            -2.3170946817080385,
            2.131310244674839,
            -1.0787422227324353,
            -1.9358208647134814,
            1.2952489334527277e-05
        ],
        [
            -3.854053005191892,
            -2.4820924930996497,
            1.7158231988706774,
            -1.2680222087857504,
            -2.48740404833639,
            3.1146842541466726e-05
        ],
        [
            -4.076465789424601,
            -1.8726015124329913,
            1.0959307554611915,
            -1.7149307007292447,
            -1.9472649718415662,
            2.2258549976833558e-05
        ],
        [
            -4.0529578588337,
            -1.264073206454125,
            1.2093285228587596,
            -1.799760510794992,
            -1.7819279876859029,
            1.6312774969091482e-05
        ]
    ],
    "goal_config": [
        [
            -2.8726296132253095,
            -2.4590244090612647,
            2.0395430178919023,
            -1.0775253611261515,
            -1.623803927478493,
            3.984831138012738e-06
        ],
        [
            -3.3120829244084473,
            -1.1362537515128341,
            1.4553921970347883,
            -1.724366344181663,
            -1.582218442007266,
            3.729930527437763e-06
        ],
        [
            -3.1084780004462247,
            -2.8813138466165613,
            1.8105195488157348,
            -1.0797716277164164,
            -2.2999768794270543,
            2.6168750960589233e-05
        ],
        [
            -2.950039000289796,
            -2.6735418940886397,
            1.5088072902206333,
            -1.299965219092398,
            -1.588747155848003,
            1.176880444909941e-06
        ]
    ],
    "base_poses": [
        [
            [
                -0.7233983813579212,
                -0.26199610374936155,
                0.0
            ],
            [
                0.0,
                0.0,
                -0.5695175422767278,
                0.8219791779838925
            ]
        ],
        [
            [
                -0.2348907839305312,
                0.507788776616271,
                0.0
            ],
            [
                0.0,
                0.0,
                0.9991304172756299,
                0.04169423550834771
            ]
        ],
        [
            [
                -0.18448193952072267,
                -0.1847723716238484,
                0.0
            ],
            [
                -0.0,
                -0.0,
                0.035767268282826725,
                0.9993601465535757
            ]
        ],
        [
            [
                0.528353865374261,
                0.12103633685820792,
                0.0
            ],
            [
                -0.0,
                -0.0,
                0.42622108233589945,
                0.9046190297425842
            ]
        ]
    ],
    "difficulty": 0.5650315489517607
}