{
    "target_eff_poses": [
        [
            [
                -0.011540206149220467,
                0.041105177253484726,
                0.3357650637626648
            ],
            [
                -0.6314370036125183,
                0.423697829246521,
                0.38684308528900146,
                0.5216512680053711
            ]
        ],
        [
            [
                0.24318349361419678,
                0.286577969789505,
                0.1865180879831314
            ],
            [
                0.8871467113494873,
                -0.20506154000759125,
                -0.3958553373813629,
                -0.11924374848604202
            ]
        ],
        [
            [
                0.5198091268539429,
                1.1772541999816895,
                0.1472608745098114
            ],
            [
                -0.3861526846885681,
                0.8242962956428528,
                0.2523573637008667,
                0.32823386788368225
            ]
        ]
    ],
    "start_goal_config": [
        null,
        null,
        null
    ],
    "start_config": [
        [
            -2.3259386928436845,
            -1.529997842250667,
            1.5020141963854978,
            -1.610118121763272,
            -1.326579920161366,
            -8.967886031690238e-06
        ],
        [
            -3.2945852214469666,
            -2.575533119225979,
            2.148929067817092,
            -0.9488934024409298,
            -1.914672162954662,
            7.835204062382759e-06
        ],
        [
            -1.697262003703105,
            -1.7020579845984183,
            1.9480200190548997,
            -1.3902605497065463,
            -1.0018031418576772,
            -1.609634746156884e-05
        ]
    ],
    "goal_config": [
        [
            -3.142962937736803,
            -2.716814824944101,
            2.160172677141317,
            -0.857040426475462,
            -1.9125041512238488,
            9.02627104985652e-06
        ],
        [
            -3.147355331760675,
            -1.708218070223463,
            2.138658518824392,
            -1.2828644324484706,
            -1.6362161336438488,
            9.36359944404531e-06
        ],
        [
            -2.3757496828403903,
            -1.4810248043501297,
            2.0378572904919525,
            -1.4105850142490606,
            -1.3534605594528801,
            -9.981663256097274e-06
        ]
    ],
    "base_poses": [
        [
            [
                0.05492180901791743,
                0.024092541384197474,
                0.0
            ],
            [
                0.0,
                0.0,
                -0.689765962008835,
                0.7240324009697537
            ]
        ],
        [
            [
                0.5397843815044816,
                0.23282584855235466,
                0.0
            ],
            [
                0.0,
                0.0,
                -0.2541648079007439,
                0.9671609227138873
            ]
        ],
        [
            [
                0.4767476523546905,
                0.7953403367594276,
                0.0
            ],
            [
                0.0,
                0.0,
                0.9866072190594075,
                -0.16311405610756644
            ]
        ]
    ],
    "difficulty": 0.8002445217718424,
    "dynamic_speed": null
}