{
    "target_eff_poses": [
        [
            [
                -0.5621391534805298,
                0.02454626001417637,
                0.3019114136695862
            ],
            [
                0.6884794235229492,
                0.5386045575141907,
                -0.4439724385738373,
                -0.19695092737674713
            ]
        ]
    ],
    "start_goal_config": [
        null
    ],
    "start_config": [
        [
            -1.3989485108018802,
            -1.5049685162442457,
            1.6896188187067487,
            -1.5241108910046002,
            -0.7871021505028006,
            -2.5619910912046544e-05
        ]
    ],
    "goal_config": [
        [
            -5.096819676320664,
            -1.8529093555804437,
            2.0937498683100237,
            -1.2551423126776695,
            -2.6521794851455947,
            2.0125500347160935e-05
        ]
    ],
    "base_poses": [
        [
            [
                -0.25945405073311434,
                0.09489371442829486,
                0.0
            ],
            [
                0.0,
                0.0,
                0.8915634440780197,
                0.45289582155694463
            ]
        ]
    ],
    "difficulty": 0.0,
    "dynamic_speed": null,
    "ur5_count": 1,
    "id": "008770",
    "task_path": "/home/hqh2101/workspace-sharing-multiarm/src/data/8f14d7-hard-vlo-tasks/008770.json"
}