{
    "target_eff_poses": [
        [
            [
                -1.3952172994613647,
                -0.4019041061401367,
                0.2385576069355011
            ],
            [
                -0.5478500723838806,
                -0.4422091245651245,
                0.706630527973175,
                0.0706024318933487
            ]
        ],
        [
            [
                -0.6489312052726746,
                0.8268525004386902,
                0.49527254700660706
            ],
            [
                -0.04996650665998459,
                0.4239231050014496,
                -0.36156338453292847,
                0.8288935422897339
            ]
        ],
        [
            [
                -0.29310110211372375,
                -0.33724966645240784,
                0.1385282725095749
            ],
            [
                -0.17172299325466156,
                0.9534804224967957,
                -0.14601798355579376,
                0.20016267895698547
            ]
        ]
    ],
    "start_goal_config": [
        null,
        null,
        null
    ],
    "start_config": [
        [
            -5.2184136253145,
            -1.6545819872446623,
            2.3338393161568334,
            -1.1525596099233035,
            -3.312586873565465,
            2.060996339272094e-05
        ],
        [
            -1.3722395478089606,
            -1.394840558149886,
            1.6981606269153249,
            -1.5519931434804228,
            -0.7722118740747861,
            -2.69308283097797e-05
        ],
        [
            -3.0858068272358743,
            -1.741648821613109,
            1.3639933647097533,
            -1.6226476953514122,
            -1.5528178426523205,
            2.3421708268522376e-07
        ]
    ],
    "goal_config": [
        [
            -5.125970431670275,
            -0.9207267914429628,
            1.1711424795336338,
            -1.8298614000099946,
            -2.349478366538004,
            -3.852442526594801e-05
        ],
        [
            -2.8960032242850864,
            -2.9883179756699105,
            1.772965284005323,
            -1.0442184971923858,
            -2.0994295724626757,
            -1.60684518024973e-05
        ],
        [
            -4.449345518612176,
            -1.7871312323403439,
            2.444222800428317,
            -1.15783207500676,
            -2.379236590458637,
            1.4591380546548424e-10
        ]
    ],
    "base_poses": [
        [
            [
                -0.7919158941012029,
                0.014245888931576745,
                0.0
            ],
            [
                0.0,
                0.0,
                0.9585682454633329,
                0.28486298248341724
            ]
        ],
        [
            [
                -0.5284384196197429,
                0.744830826197928,
                0.0
            ],
            [
                0.0,
                0.0,
                0.9638241746164712,
                0.26653885349959394
            ]
        ],
        [
            [
                -0.4670509976637554,
                -0.26960266891659046,
                0.0
            ],
            [
                0.0,
                0.0,
                0.9098610448620504,
                -0.41491309818146
            ]
        ]
    ],
    "difficulty": 0.7949778989936989
}