{
    "target_eff_poses": [
        [
            [
                0.01566828414797783,
                -0.27808907628059387,
                0.46428483724594116
            ],
            [
                -0.4800475239753723,
                0.16479825973510742,
                0.7384328246116638,
                0.44397398829460144
            ]
        ],
        [
            [
                -0.11331965029239655,
                0.4008697271347046,
                0.5069156289100647
            ],
            [
                0.28377875685691833,
                0.5230268836021423,
                -0.45043089985847473,
                0.6656008362770081
            ]
        ]
    ],
    "start_goal_config": [
        null,
        null
    ],
    "start_config": [
        [
            -1.5732360545936697,
            -1.0262363104939745,
            1.1396006434862767,
            -1.8588246686339243,
            -0.9739100085084218,
            -2.8914152514823895e-05
        ],
        [
            -3.761506949498295,
            -2.0127572741274453,
            1.1393504741801643,
            -1.6634299681190081,
            -1.8838377325234303,
            2.7782716738438876e-05
        ]
    ],
    "goal_config": [
        [
            -2.918379007991204,
            -2.906081319624074,
            1.8508675656689775,
            -1.0217034300920613,
            -1.7814435319240545,
            1.425736681240483e-05
        ],
        [
            -3.0652838695198317,
            -2.4051177148618503,
            1.7835282425280483,
            -1.2453395235077398,
            -1.6686133266935068,
            6.535614346396615e-06
        ]
    ],
    "base_poses": [
        [
            [
                0.029882175033541403,
                -0.16758673721630557,
                0.0
            ],
            [
                0.0,
                0.0,
                -0.5206469417872327,
                0.8537720784891023
            ]
        ],
        [
            [
                -0.25988030724036426,
                0.473871053030835,
                0.0
            ],
            [
                -0.0,
                -0.0,
                0.8341648588650747,
                0.5515151749812601
            ]
        ]
    ],
    "difficulty": 0.41926079187435344,
    "dynamic_speed": null,
    "ur5_count": 2,
    "id": "008836",
    "task_path": "/home/hqh2101/workspace-sharing-multiarm/src/data/8f14d7-hard-vlo-tasks/008836.json"
}