{
    "target_eff_poses": [
        [
            [
                -0.2644811272621155,
                -0.9612147808074951,
                0.277963787317276
            ],
            [
                -0.6135814785957336,
                -0.07448715716600418,
                0.7362450957298279,
                -0.275522381067276
            ]
        ],
        [
            [
                -0.3283306360244751,
                -0.5340644121170044,
                0.7296707034111023
            ],
            [
                -0.380012184381485,
                0.01141006126999855,
                0.8519369959831238,
                -0.36008861660957336
            ]
        ],
        [
            [
                -0.5201439261436462,
                0.03876422718167305,
                0.5612767338752747
            ],
            [
                -0.490278035402298,
                -0.13556593656539917,
                0.8552567958831787,
                -0.09891965240240097
            ]
        ],
        [
            [
                -0.72202068567276,
                -0.07097995281219482,
                0.7126919627189636
            ],
            [
                0.07107041776180267,
                0.27472302317619324,
                -0.5865792632102966,
                0.7585519552230835
            ]
        ]
    ],
    "start_goal_config": [
        null,
        null,
        null,
        null
    ],
    "start_config": [
        [
            -2.9456441856059805,
            -2.8142040175637897,
            1.7841028937731498,
            -1.103672554490233,
            -1.7476287176763292,
            6.687737126495556e-06
        ],
        [
            -3.177739929814992,
            -2.3820369827825756,
            2.0824907382965714,
            -1.0787604642376292,
            -1.7578047274006343,
            1.0343377622345649e-05
        ],
        [
            -2.728510039334482,
            -2.5791005276841714,
            1.475142435964683,
            -1.348807609760322,
            -0.7739793015299432,
            -2.6848747568166795e-05
        ],
        [
            -3.601857839768489,
            -2.4888293840196596,
            1.5925600043542598,
            -1.3218293679355912,
            -2.297413257678993,
            2.810511101665068e-05
        ]
    ],
    "goal_config": [
        [
            -2.507467452059509,
            -0.9273767293215456,
            1.0571413316179805,
            -1.9387418062129897,
            -1.3335077891707086,
            -1.1095894441249707e-05
        ],
        [
            -2.2080680688842023,
            -1.8916479699941104,
            1.190568923633328,
            -1.6605216892593155,
            -1.140879027964666,
            -5.549019443918137e-06
        ],
        [
            -3.1131702473257805,
            -2.4971914732304374,
            1.6888541256350313,
            -1.2659621661541838,
            -1.7254192292603967,
            7.71814505305195e-06
        ],
        [
            -3.1329278376500835,
            -2.5054641260134294,
            1.3639373951977252,
            -1.42461242525372,
            -1.975928677266983,
            2.9485974387556195e-05
        ]
    ],
    "base_poses": [
        [
            [
                0.35071997266547994,
                -0.48438680776748844,
                0.0
            ],
            [
                0.0,
                0.0,
                -0.07754091960294045,
                0.9969891703459623
            ]
        ],
        [
            [
                -0.09248738956231295,
                -0.26744385337070875,
                0.0
            ],
            [
                0.0,
                0.0,
                -0.27811019380217533,
                0.960549176306615
            ]
        ],
        [
            [
                -0.4831375469705796,
                0.14992265269817096,
                0.0
            ],
            [
                -0.0,
                -0.0,
                0.17730915452430238,
                0.9841552030659987
            ]
        ],
        [
            [
                -0.7513271778167113,
                -0.12769737516632684,
                0.0
            ],
            [
                0.0,
                0.0,
                0.896051640364521,
                0.4439498370312247
            ]
        ]
    ],
    "difficulty": 0.9441361798175492,
    "dynamic_speed": null
}