{
    "target_eff_poses": [
        [
            [
                0.50245600938797,
                0.21224598586559296,
                0.3218103051185608
            ],
            [
                0.07483123987913132,
                0.8106348514556885,
                0.13306693732738495,
                0.5653005242347717
            ]
        ]
    ],
    "start_goal_config": [
        null
    ],
    "start_config": [
        [
            -1.8362370264531507,
            -1.1393136795108068,
            1.1435010372921972,
            -1.844790817072871,
            -1.1119219064121415,
            -2.6950646541202806e-05
        ]
    ],
    "goal_config": [
        [
            -2.141193083973169,
            -2.0610661087894617,
            2.048127069894908,
            -1.2263588183864726,
            -1.2475655115059832,
            -9.071785742007447e-06
        ]
    ],
    "base_poses": [
        [
            [
                0.28417352780491556,
                0.029770540635723153,
                0.0
            ],
            [
                0.0,
                0.0,
                0.9086994744560895,
                0.4174509134296233
            ]
        ]
    ],
    "difficulty": 0.0,
    "dynamic_speed": null,
    "ur5_count": 1,
    "id": "008892",
    "task_path": "/home/hqh2101/workspace-sharing-multiarm/src/data/8f14d7-hard-vlo-tasks/008892.json"
}