{
    "target_eff_poses": [
        [
            [
                0.2270336002111435,
                -0.9830352663993835,
                0.3874107897281647
            ],
            [
                0.6907497048377991,
                0.04088152199983597,
                -0.5068647265434265,
                0.5140833258628845
            ]
        ],
        [
            [
                0.5312360525131226,
                0.3915228843688965,
                0.25055378675460815
            ],
            [
                -0.04778698459267616,
                0.6419829726219177,
                -0.07825389504432678,
                0.7612165808677673
            ]
        ],
        [
            [
                -0.5849556922912598,
                0.3238545060157776,
                0.6368816494941711
            ],
            [
                -0.3777611553668976,
                -0.10803066939115524,
                0.9194946885108948,
                -0.012471051886677742
            ]
        ]
    ],
    "start_goal_config": [
        null,
        null,
        null
    ],
    "start_config": [
        [
            -5.106962278545508,
            -1.5758814454739454,
            1.7909239286803045,
            -1.4561763774398397,
            -2.4296612108049316,
            2.7850112668310946e-05
        ],
        [
            -2.1500953214511145,
            -1.0251508331242531,
            1.5355985754443882,
            -1.7213787322184506,
            -1.244727941065963,
            -1.7786887595049392e-05
        ],
        [
            -4.832675056053381,
            -1.770463347743782,
            2.0874850659571913,
            -1.3090134312363972,
            -2.3055714362493407,
            1.0823817757023863e-06
        ]
    ],
    "goal_config": [
        [
            -1.4124878484075367,
            -1.3395426143624865,
            1.3980859702498463,
            -1.671723533006527,
            -0.8374426249711214,
            -2.3039806739171154e-05
        ],
        [
            -4.026323568070883,
            -0.9274016546906811,
            1.1035692048624544,
            -1.9189561529276025,
            -1.747539224121306,
            1.218231910878096e-05
        ],
        [
            -3.155702605713246,
            -2.5336501774160705,
            1.5329970962825157,
            -1.333363209557663,
            -1.8357759934652695,
            5.98617652252572e-08
        ]
    ],
    "base_poses": [
        [
            [
                0.4665973521395326,
                -0.41170617466596193,
                0.0
            ],
            [
                0.0,
                0.0,
                -0.4248253271184351,
                0.9052753401251548
            ]
        ],
        [
            [
                -0.22719054006800943,
                0.32653579193719784,
                0.0
            ],
            [
                0.0,
                0.0,
                0.9096728579719375,
                -0.41532552470221135
            ]
        ],
        [
            [
                -0.5893562068406815,
                0.4009577130164239,
                0.0
            ],
            [
                -0.0,
                -0.0,
                0.1525094485697656,
                0.9883020125937951
            ]
        ]
    ],
    "difficulty": 0.3636610353483954
}