{
    "target_eff_poses": [
        [
            [
                0.25183939933776855,
                0.45677217841148376,
                0.44228243827819824
            ],
            [
                -0.6142107248306274,
                0.26486828923225403,
                0.4779837727546692,
                0.5693166851997375
            ]
        ],
        [
            [
                -0.013887612149119377,
                0.3692082166671753,
                0.8274009823799133
            ],
            [
                -0.09075482934713364,
                0.011705717071890831,
                0.6766197681427002,
                0.7306245565414429
            ]
        ],
        [
            [
                0.4244594871997833,
                -0.39003875851631165,
                0.5444104671478271
            ],
            [
                -0.014022722840309143,
                -0.0787937268614769,
                -0.5362212061882019,
                0.8402748107910156
            ]
        ]
    ],
    "start_goal_config": [
        null,
        null,
        null
    ],
    "start_config": [
        [
            -5.227925138509345,
            -1.4031002728706465,
            1.397813365720094,
            -1.598004601848805,
            -2.575380275293884,
            2.9778550443923415e-05
        ],
        [
            -1.8776730317585277,
            -2.029476024509458,
            1.4441513189551312,
            -1.4870068352399914,
            -0.6609483244183745,
            -7.834540050296505e-06
        ],
        [
            -1.1387900667734703,
            -1.2373746316450214,
            1.3967428863382625,
            -1.6308686091206321,
            -0.49210797680862445,
            5.3771523209243106e-05
        ]
    ],
    "goal_config": [
        [
            -3.6518457118822134,
            -2.496864390977098,
            1.9520445871327767,
            -1.1313513893327427,
            -2.0360437189303373,
            1.2168355804585567e-07
        ],
        [
            -2.8547148643442104,
            -2.423446281775618,
            1.0615758682805834,
            -1.596478353596101,
            -2.266119542074072,
            -3.884820577136552e-05
        ],
        [
            -2.7455366511031167,
            -3.1628667912129225,
            1.133272362725247,
            -1.272244116999521,
            -1.9628170208754692,
            -2.5586900813503386e-05
        ]
    ],
    "base_poses": [
        [
            [
                0.32985029394743215,
                0.3735507450464197,
                0.0
            ],
            [
                0.0,
                0.0,
                -0.3752215362203517,
                0.9269351642679434
            ]
        ],
        [
            [
                -0.06430583000178025,
                0.48464677164243475,
                0.0
            ],
            [
                0.0,
                0.0,
                -0.5806561594418913,
                0.8141488957814736
            ]
        ],
        [
            [
                0.7484791960167985,
                -0.7691119414688532,
                0.0
            ],
            [
                -0.0,
                -0.0,
                0.8418921952178477,
                0.539645746421922
            ]
        ]
    ],
    "difficulty": 0.7402426408351359,
    "dynamic_speed": null
}