{
    "target_eff_poses": [
        [
            [
                -0.5665578246116638,
                0.7597010135650635,
                0.2546761929988861
            ],
            [
                -0.3371727764606476,
                0.7919362187385559,
                0.10175597667694092,
                0.49879592657089233
            ]
        ],
        [
            [
                0.32071590423583984,
                0.5212584137916565,
                0.596989631652832
            ],
            [
                -0.3054950535297394,
                -0.30592840909957886,
                0.8975375890731812,
                -0.08664225041866302
            ]
        ]
    ],
    "start_goal_config": [
        null,
        null
    ],
    "start_config": [
        [
            -1.9632877221995664,
            -1.456854510597359,
            2.1241908108370944,
            -1.4109960176536944,
            -1.130260421559695,
            -1.665223502259616e-05
        ],
        [
            -2.227921681270018,
            -2.7426275761750003,
            2.1078972025341622,
            -0.9548348377396292,
            -0.8199402758566028,
            -1.2192934503334666e-05
        ]
    ],
    "goal_config": [
        [
            -2.646499984171698,
            -3.14883723308698,
            2.1686066807166826,
            -0.08797522340684036,
            -1.7720652563982866,
            2.5672862262650618e-06
        ],
        [
            -3.27229549849741,
            -2.666357599973514,
            1.655781676217251,
            -1.2368238432720577,
            -2.26068342171598,
            2.508659232973032e-05
        ]
    ],
    "base_poses": [
        [
            [
                -0.3670642632733346,
                0.7962639998000716,
                0.0
            ],
            [
                0.0,
                0.0,
                0.9985243784476446,
                -0.054305300346696554
            ]
        ],
        [
            [
                0.27942457034597123,
                0.5126399316256358,
                0.0
            ],
            [
                -0.0,
                -0.0,
                0.48515000876575076,
                0.8744309400945234
            ]
        ]
    ],
    "difficulty": 0.41709771466190165,
    "dynamic_speed": null
}