{
    "target_eff_poses": [
        [
            [
                0.7362262010574341,
                -0.5760354995727539,
                0.4489709138870239
            ],
            [
                -0.4963410198688507,
                0.4487612545490265,
                0.1514056921005249,
                0.7275543212890625
            ]
        ]
    ],
    "start_goal_config": [
        null
    ],
    "start_config": [
        [
            -3.954150383364002,
            -1.694846026823233,
            1.8946684686279827,
            -1.3991816580143392,
            -1.8363703297125296,
            3.2661673913857666e-05
        ]
    ],
    "goal_config": [
        [
            -3.85657058345169,
            -2.5131006883111726,
            1.9647261563380176,
            -1.1271188391468296,
            -2.2013231888306946,
            1.9855118415237856e-05
        ]
    ],
    "base_poses": [
        [
            [
                0.7157242571174105,
                -0.6753444466910458,
                0.0
            ],
            [
                0.0,
                0.0,
                -0.6387425097256081,
                0.7694205652758649
            ]
        ]
    ],
    "difficulty": 0.0,
    "dynamic_speed": null,
    "ur5_count": 1,
    "id": "008950",
    "task_path": "/home/hqh2101/workspace-sharing-multiarm/src/data/8f14d7-hard-vlo-tasks/008950.json"
}