{
    "target_eff_poses": [
        [
            [
                0.4713003635406494,
                -0.7905387282371521,
                0.5069313645362854
            ],
            [
                -0.15966643393039703,
                -0.6134769320487976,
                0.6468794345855713,
                -0.4239101707935333
            ]
        ]
    ],
    "start_goal_config": [
        null
    ],
    "start_config": [
        [
            -5.2722612863024105,
            -1.522215435711689,
            1.7740682688873404,
            -1.4343697115542196,
            -2.666286755750595,
            2.9850059285074538e-05
        ]
    ],
    "goal_config": [
        [
            -4.969876251453556,
            -1.6085583114762056,
            1.4318163090102,
            -1.5916179893028688,
            -2.306879082165047,
            3.658509678721186e-05
        ]
    ],
    "base_poses": [
        [
            [
                0.29649748053639624,
                -0.3410205183111028,
                0.0
            ],
            [
                0.0,
                0.0,
                0.9578136787756893,
                -0.28738990370258416
            ]
        ]
    ],
    "difficulty": 0.0
}