{
    "target_eff_poses": [
        [
            [
                -0.46144410967826843,
                0.6470469832420349,
                0.6108582615852356
            ],
            [
                -0.20496533811092377,
                -0.36575281620025635,
                0.8301759958267212,
                -0.36745330691337585
            ]
        ],
        [
            [
                1.2653998136520386,
                0.1809552162885666,
                0.2967471480369568
            ],
            [
                0.2692981958389282,
                0.6682573556900024,
                -0.20729367434978485,
                0.6617702841758728
            ]
        ]
    ],
    "start_goal_config": [
        null,
        null
    ],
    "start_config": [
        [
            -4.588598927156781,
            -1.5189221677113218,
            1.5700093401858952,
            -1.5799378377889586,
            -2.024122171138548,
            3.1384675976666233e-05
        ],
        [
            -3.101632298462168,
            -2.584035631067533,
            1.6063444373356979,
            -1.280991558591271,
            -1.7940179955120035,
            1.3167047841093728e-05
        ]
    ],
    "goal_config": [
        [
            -3.276213659944065,
            -2.6335133025947943,
            1.6207342565079241,
            -1.2635183402940324,
            -2.2141227169481645,
            2.7146249072413584e-05
        ],
        [
            -2.9415381943094947,
            -1.271167835272026,
            1.4385982874283618,
            -1.7000371886172718,
            -1.4912788992810226,
            -1.4718635254600983e-06
        ]
    ],
    "base_poses": [
        [
            [
                -0.49473947139596874,
                0.6259648993518121,
                0.0
            ],
            [
                -0.0,
                -0.0,
                0.72130134152018,
                0.6926213790529344
            ]
        ],
        [
            [
                0.7242044547194071,
                0.47008794015371635,
                0.0
            ],
            [
                0.0,
                0.0,
                0.9033211055362446,
                0.42896501056936687
            ]
        ]
    ],
    "difficulty": 0.06065540403012416
}