{
    "target_eff_poses": [
        [
            [
                0.20742161571979523,
                0.66993248462677,
                0.39197665452957153
            ],
            [
                -0.4980755150318146,
                0.3912123441696167,
                0.6122530698776245,
                0.47330737113952637
            ]
        ],
        [
            [
                0.44597241282463074,
                -0.22434654831886292,
                0.2393808662891388
            ],
            [
                0.3774279057979584,
                0.8376810550689697,
                0.19619661569595337,
                0.3425574004650116
            ]
        ],
        [
            [
                0.13595019280910492,
                -0.6041884422302246,
                0.2932802140712738
            ],
            [
                0.7883743643760681,
                -0.33306899666786194,
                -0.25298893451690674,
                -0.45114022493362427
            ]
        ]
    ],
    "start_goal_config": [
        null,
        null,
        null
    ],
    "start_config": [
        [
            -2.0089721706629784,
            -1.703180833547991,
            1.3953556965249703,
            -1.610805292757314,
            -1.172579620664972,
            -1.6504532513344872e-05
        ],
        [
            -2.9243172385008105,
            -2.274623409299629,
            1.4338950129819026,
            -1.454389102602374,
            -1.5248624645773403,
            -7.813359103050261e-08
        ],
        [
            -3.1555978358805694,
            -2.5659635515326364,
            2.2641493017992556,
            -0.8285357253112021,
            -1.8841116082206673,
            2.8332758481498966e-06
        ]
    ],
    "goal_config": [
        [
            -3.2469865981616364,
            -1.2927412700686056,
            1.2854659997637843,
            -1.7625793472865314,
            -1.5630885268688837,
            2.9256916737628522e-06
        ],
        [
            -1.8135685563823818,
            -2.361064407311253,
            2.4333420236492374,
            -0.8838918814445291,
            -0.6273449489117887,
            -9.507952485980207e-06
        ],
        [
            -4.218418414981132,
            -2.257595301065641,
            2.2310550769412454,
            -1.0606837591772085,
            -2.230777686061488,
            1.1907036971466663e-05
        ]
    ],
    "base_poses": [
        [
            [
                0.4675646005555223,
                0.08849540164744119,
                0.0
            ],
            [
                0.0,
                0.0,
                -0.5722539730944984,
                0.82007645392217
            ]
        ],
        [
            [
                0.36180959226982834,
                -0.4479245871660387,
                0.0
            ],
            [
                -0.0,
                -0.0,
                0.8164217139844674,
                0.5774561324764544
            ]
        ],
        [
            [
                0.18284869807322612,
                -0.7586147418366173,
                0.0
            ],
            [
                0.0,
                0.0,
                -0.19014082784361075,
                0.9817568260964353
            ]
        ]
    ],
    "difficulty": 0.9426314304523653,
    "dynamic_speed": null
}