{
    "target_eff_poses": [
        [
            [
                -0.0659879818558693,
                0.1301949918270111,
                0.5285993218421936
            ],
            [
                0.5327169895172119,
                0.2608656883239746,
                -0.4042638838291168,
                0.6962273716926575
            ]
        ],
        [
            [
                0.37717750668525696,
                -0.5644243955612183,
                0.2630797326564789
            ],
            [
                0.3295644223690033,
                0.6913800835609436,
                -0.032873932272195816,
                0.6421061158180237
            ]
        ],
        [
            [
                0.6892305016517639,
                -0.22844943404197693,
                0.24235716462135315
            ],
            [
                0.7881549596786499,
                0.292971134185791,
                -0.36327970027923584,
                0.4012574851512909
            ]
        ]
    ],
    "start_goal_config": [
        null,
        null,
        null
    ],
    "start_config": [
        [
            -1.6787351603152487,
            -2.4084081079227424,
            2.472744481114091,
            -0.8673128937800298,
            -0.319958446318805,
            3.342739022924146e-05
        ],
        [
            -2.3655090540763144,
            -1.4778903200286932,
            2.354677462109327,
            -1.323466261383077,
            -1.2852424860600526,
            -9.054782746915385e-06
        ],
        [
            -3.0843917834101533,
            -1.9264114732241961,
            1.246312541455036,
            -1.6334613159571776,
            -1.5577695477440676,
            6.071725413814938e-06
        ]
    ],
    "goal_config": [
        [
            -2.2104694392593554,
            -2.398985645601403,
            1.781149458193127,
            -1.2537864830014185,
            -0.9814277972664779,
            -2.552700961933711e-05
        ],
        [
            -1.9405668519946413,
            -1.286561239330106,
            1.5427327107101352,
            -1.6528403364131665,
            -1.1771380621953178,
            -2.531404194672308e-05
        ],
        [
            -1.7890765975681502,
            -1.5268466222930077,
            1.8570828365905336,
            -1.4741332741536783,
            -1.0916635237691799,
            -2.133560549225387e-05
        ]
    ],
    "base_poses": [
        [
            [
                -0.23782308768257043,
                0.2717483409329424,
                0.0
            ],
            [
                -0.0,
                -0.0,
                0.28065201705047504,
                0.9598095880566624
            ]
        ],
        [
            [
                -0.20073391143575192,
                -0.4325128016294786,
                0.0
            ],
            [
                -0.0,
                -0.0,
                0.6611030740178321,
                0.7502950922964731
            ]
        ],
        [
            [
                0.6909602195014279,
                0.23184446825244676,
                0.0
            ],
            [
                0.0,
                0.0,
                -0.08071961697792908,
                0.9967368476357922
            ]
        ]
    ],
    "difficulty": 0.5639797068771139,
    "dynamic_speed": null
}