{
    "target_eff_poses": [
        [
            [
                -1.1795015335083008,
                -0.16821038722991943,
                0.4616183638572693
            ],
            [
                -0.40712592005729675,
                -0.4092087745666504,
                0.8151653409004211,
                -0.0479808934032917
            ]
        ],
        [
            [
                0.2636861205101013,
                0.13256201148033142,
                0.49110206961631775
            ],
            [
                0.1379980891942978,
                0.5298818945884705,
                -0.50239098072052,
                0.6691674590110779
            ]
        ]
    ],
    "start_goal_config": [
        null,
        null
    ],
    "start_config": [
        [
            -1.393608787453456,
            -0.9161960869810727,
            1.1844863955031315,
            -1.8519174097130964,
            -0.8409815790066929,
            3.486624180733405e-05
        ],
        [
            -2.194227715194312,
            -2.1560666773570585,
            1.4066326868135224,
            -1.490130421987622,
            -0.9267434792900047,
            -2.9507193384659713e-05
        ]
    ],
    "goal_config": [
        [
            -5.057569933535096,
            -1.1846164260788286,
            1.0861188062797367,
            -1.8124447902463496,
            -2.2999399168439334,
            -5.1280035729078066e-05
        ],
        [
            -3.1914792848890747,
            -2.721932539298188,
            1.8468120184942798,
            -1.1075817579605267,
            -1.9600247313513854,
            1.7919157315947296e-05
        ]
    ],
    "base_poses": [
        [
            [
                -0.7512168076590074,
                0.3501141639460137,
                0.0
            ],
            [
                0.0,
                0.0,
                0.982106702944881,
                0.18832531436515715
            ]
        ],
        [
            [
                0.21802105712333342,
                0.09387978388225471,
                0.0
            ],
            [
                0.0,
                0.0,
                0.9112732603193473,
                0.4118021916247496
            ]
        ]
    ],
    "difficulty": 0.12741705678811316
}