{
    "target_eff_poses": [
        [
            [
                -0.651178240776062,
                0.6659695506095886,
                0.266085147857666
            ],
            [
                -0.15080510079860687,
                0.8507823944091797,
                0.2653230130672455,
                0.42782101035118103
            ]
        ],
        [
            [
                -0.0821726992726326,
                -0.6401255130767822,
                0.5271263718605042
            ],
            [
                -0.16734126210212708,
                -0.5857793688774109,
                0.686320424079895,
                -0.3972702622413635
            ]
        ],
        [
            [
                -0.09317910671234131,
                0.11048375070095062,
                0.37049445509910583
            ],
            [
                -0.24644078314304352,
                0.7346160411834717,
                0.631167471408844,
                -0.035124894231557846
            ]
        ],
        [
            [
                0.16779206693172455,
                0.2495163381099701,
                0.6373214721679688
            ],
            [
                -0.37772077322006226,
                -0.1814887821674347,
                0.8974772095680237,
                -0.1375630795955658
            ]
        ]
    ],
    "start_goal_config": [
        null,
        null,
        null,
        null
    ],
    "start_config": [
        [
            -2.0130577131089633,
            -1.6567665893741879,
            1.540058753839451,
            -1.560788936207753,
            -1.2023322748937484,
            -1.8606811643125848e-05
        ],
        [
            -4.322926298370771,
            -2.1832636147067115,
            2.031012922225746,
            -1.199863841487903,
            -2.1597413838085577,
            3.2750868370936176e-17
        ],
        [
            -2.506629787997586,
            -2.544532633800167,
            2.022330388809374,
            -1.062633991931042,
            -1.3804365516405608,
            -1.4718107282671455e-10
        ],
        [
            -5.2766866204894365,
            -1.310730600478863,
            1.7078112260519964,
            -1.5139162135350603,
            -2.6334290658431887,
            3.703761850541511e-06
        ]
    ],
    "goal_config": [
        [
            -2.0553900067564457,
            -1.990574752071949,
            2.1427483173443096,
            -1.2072647040880413,
            -1.1911119680371656,
            -7.120839334937906e-06
        ],
        [
            -5.008404374809036,
            -1.5568276403224637,
            1.3540854434972351,
            -1.628714455737899,
            -2.338615250928502,
            4.2628351843291184e-17
        ],
        [
            -1.0451505641081649,
            -1.2525037284726084,
            1.43082841994648,
            -1.546936354257877,
            -0.26807938570337625,
            -2.342450592805479e-05
        ],
        [
            -3.2858421961175845,
            -2.456060855740504,
            1.535008221715137,
            -1.355720856349707,
            -1.8666157819154283,
            -9.887429338891633e-11
        ]
    ],
    "base_poses": [
        [
            [
                -0.722939500415331,
                0.390441589793286,
                0.0
            ],
            [
                0.0,
                0.0,
                0.9842301317173411,
                0.17689275796274237
            ]
        ],
        [
            [
                -0.22383544090800545,
                -0.15429810794908716,
                0.0
            ],
            [
                0.0,
                0.0,
                0.9634407443105435,
                -0.26792150380726426
            ]
        ],
        [
            [
                0.348593793122689,
                -0.36455314914903725,
                0.0
            ],
            [
                0.0,
                0.0,
                0.9973225373757632,
                0.07312835593919473
            ]
        ],
        [
            [
                0.1779244006984524,
                0.3427795866887855,
                0.0
            ],
            [
                -0.0,
                -0.0,
                0.3635988687940419,
                0.931555614341781
            ]
        ]
    ],
    "difficulty": 0.8364815336904426
}