{
    "target_eff_poses": [
        [
            [
                0.8643669486045837,
                0.414293110370636,
                0.2083885371685028
            ],
            [
                0.16056682169437408,
                0.8908693790435791,
                -0.31052693724632263,
                0.2900744378566742
            ]
        ],
        [
            [
                -0.6930800080299377,
                -0.40759509801864624,
                0.2714823782444
            ],
            [
                0.7343276143074036,
                0.4077385365962982,
                -0.484000563621521,
                -0.24547047913074493
            ]
        ],
        [
            [
                -0.055861301720142365,
                -0.2293691784143448,
                0.5046590566635132
            ],
            [
                -0.48224055767059326,
                0.20683905482292175,
                0.7416173815727234,
                0.4179297089576721
            ]
        ],
        [
            [
                0.2691056430339813,
                0.16938824951648712,
                0.1434541642665863
            ],
            [
                0.6481120586395264,
                0.7167640924453735,
                -0.25084343552589417,
                -0.05724974721670151
            ]
        ]
    ],
    "start_goal_config": [
        null,
        null,
        null,
        null
    ],
    "start_config": [
        [
            -2.8690557362086135,
            -1.9961928127504829,
            2.040641190260679,
            -1.2378931594584741,
            -1.5665951037131474,
            2.827933701138103e-10
        ],
        [
            -4.845977772864207,
            -0.9261119105908059,
            1.3498208691042064,
            -1.8029759355005541,
            -2.119858560546809,
            4.446096616171821e-05
        ],
        [
            -3.83826193690312,
            -1.250655958910603,
            1.7410454631682764,
            -1.5808352324898258,
            -1.7510653968066825,
            -1.693950996785128e-08
        ],
        [
            -2.6354190597598457,
            -3.171543746709211,
            0.9948602998436302,
            -1.3177136472111661,
            -2.2519692299406766,
            -4.527746997921929e-05
        ]
    ],
    "goal_config": [
        [
            -4.663139604134866,
            -1.7313385040148261,
            2.1506134903007825,
            -1.2970501944929658,
            -2.21190662044933,
            9.724779487496926e-06
        ],
        [
            -5.216848874816146,
            -1.4137605528710422,
            1.7574162877176032,
            -1.4909057643947954,
            -2.547024856343926,
            2.6806590749540937e-05
        ],
        [
            -3.7081566038455773,
            -1.3102548269391694,
            1.1106490550174881,
            -1.8371957819338738,
            -1.6787996955766729,
            1.1048137753244067e-05
        ],
        [
            -4.800179698321762,
            -1.7013923273031766,
            2.403633792304088,
            -1.2226660780227632,
            -2.6308214829298198,
            1.8294862888597653e-05
        ]
    ],
    "base_poses": [
        [
            [
                0.6771731329634665,
                0.6464816664523398,
                0.0
            ],
            [
                0.0,
                0.0,
                0.9659001669398306,
                -0.2589147881168769
            ]
        ],
        [
            [
                -0.2013420589769973,
                -0.3876774151334889,
                0.0
            ],
            [
                0.0,
                0.0,
                0.8705834381051855,
                0.4920208098210426
            ]
        ],
        [
            [
                0.4062200372146807,
                -0.6774274632164222,
                0.0
            ],
            [
                0.0,
                0.0,
                -0.174985237195458,
                0.9845710572445492
            ]
        ],
        [
            [
                0.46483190373502725,
                0.3013609197203908,
                0.0
            ],
            [
                0.0,
                0.0,
                0.9065075764652895,
                0.4221895472545801
            ]
        ]
    ],
    "difficulty": 0.47852635864034193
}