{
    "target_eff_poses": [
        [
            [
                0.37594297528266907,
                -0.2397981584072113,
                0.692080557346344
            ],
            [
                -0.3088894188404083,
                0.18037956953048706,
                0.7782567143440247,
                0.5161075592041016
            ]
        ],
        [
            [
                1.2754418849945068,
                0.32136690616607666,
                0.16915304958820343
            ],
            [
                0.025047488510608673,
                0.7788947820663452,
                0.3084709048271179,
                0.5454734563827515
            ]
        ],
        [
            [
                0.2808501720428467,
                0.226994127035141,
                0.2873768210411072
            ],
            [
                0.3951771557331085,
                0.7112170457839966,
                -0.3652926981449127,
                0.452290415763855
            ]
        ],
        [
            [
                0.4508713185787201,
                0.5856178998947144,
                0.26268818974494934
            ],
            [
                -0.059737060219049454,
                0.9101617336273193,
                -0.35969313979148865,
                0.19661599397659302
            ]
        ]
    ],
    "start_goal_config": [
        null,
        null,
        null,
        null
    ],
    "start_config": [
        [
            -2.916834359782383,
            -2.9282535400904632,
            1.477447705617665,
            -1.2231859776315621,
            -1.6502795460892794,
            -5.172576060595254e-06
        ],
        [
            -2.0018730131683315,
            -1.9577560042864843,
            2.4077830700913965,
            -1.0934562122276577,
            -1.0015284281173746,
            -4.0241773355932996e-07
        ],
        [
            -2.650309971836719,
            -2.9941295783743307,
            1.1704098574102861,
            -1.3482864679761681,
            -2.0551240930086347,
            -3.4698981359123974e-05
        ],
        [
            -3.6488960081987067,
            -2.588552128924966,
            1.8787043019438703,
            -1.1475481652366406,
            -2.1932684039014494,
            2.1284289045577138e-07
        ]
    ],
    "goal_config": [
        [
            -3.0555842418910073,
            -2.3698231927575666,
            1.4032346774698414,
            -1.4433945489415172,
            -1.6278289855325991,
            5.249586153786513e-06
        ],
        [
            -1.6624385892136113,
            -1.0238865735679952,
            1.4280254285249758,
            -1.7586301135300078,
            -1.023981279000442,
            -2.5052382525602458e-05
        ],
        [
            -3.6716670625294845,
            -1.6574269300961715,
            1.8455437067406517,
            -1.4289675735955232,
            -1.74302248441059,
            9.915163810461932e-06
        ],
        [
            -4.897289687793035,
            -2.029280057890506,
            2.297086727947456,
            -1.1125290096599625,
            -2.706879407947074,
            1.8954670702308852e-05
        ]
    ],
    "base_poses": [
        [
            [
                0.5016797491282066,
                -0.26499441588014894,
                0.0
            ],
            [
                0.0,
                0.0,
                -0.5646893415309029,
                0.8253035487391263
            ]
        ],
        [
            [
                0.7814071822128681,
                -0.13693259527769863,
                0.0
            ],
            [
                0.0,
                0.0,
                0.8783845896506818,
                0.4779545089903467
            ]
        ],
        [
            [
                0.05163721595003745,
                0.5621135810773139,
                0.0
            ],
            [
                0.0,
                0.0,
                0.9466138778109048,
                0.3223696113714836
            ]
        ],
        [
            [
                0.33786251672268675,
                0.7799081295564976,
                0.0
            ],
            [
                0.0,
                0.0,
                0.9303800341337612,
                -0.36659649764456465
            ]
        ]
    ],
    "difficulty": 0.6505190311418685
}