{
    "target_eff_poses": [
        [
            [
                0.2324165254831314,
                -0.32007691264152527,
                0.14643527567386627
            ],
            [
                0.8963572978973389,
                -0.40635332465171814,
                0.049253471195697784,
                -0.17027826607227325
            ]
        ]
    ],
    "start_goal_config": [
        null
    ],
    "start_config": [
        [
            -2.985799081212654,
            -2.8513265438584234,
            1.6729336033490816,
            -1.1710860340584606,
            -2.425483498398091,
            3.209731492747342e-05
        ]
    ],
    "goal_config": [
        [
            -4.604071271187554,
            -1.9508059879542554,
            2.616289374308548,
            -1.0218709152155887,
            -2.997529065549612,
            1.274786948718708e-05
        ]
    ],
    "base_poses": [
        [
            [
                0.10945563316908014,
                -0.4339301183706457,
                0.0
            ],
            [
                0.0,
                0.0,
                -0.39654817920418184,
                0.9180139114250111
            ]
        ]
    ],
    "difficulty": 0.0
}