{
    "target_eff_poses": [
        [
            [
                -0.45201021432876587,
                0.29825839400291443,
                0.314083993434906
            ],
            [
                0.7272884845733643,
                0.16170351207256317,
                -0.6567261219024658,
                -0.11667993664741516
            ]
        ],
        [
            [
                0.2959236800670624,
                -0.4852709174156189,
                0.7250365614891052
            ],
            [
                -0.11775665730237961,
                -0.03496238589286804,
                0.972217321395874,
                -0.19925984740257263
            ]
        ],
        [
            [
                0.07658257335424423,
                0.480292409658432,
                0.2667587399482727
            ],
            [
                0.7155859470367432,
                0.40974023938179016,
                -0.5626101493835449,
                0.05932639166712761
            ]
        ]
    ],
    "start_goal_config": [
        null,
        null,
        null
    ],
    "start_config": [
        [
            -5.259256080872557,
            -0.8889722757295258,
            1.239013992015068,
            -1.7668780691704549,
            -2.5590587302029775,
            -5.154127244705828e-05
        ],
        [
            -4.0626522581633955,
            -2.2518137103091864,
            1.4688321107180315,
            -1.4420230390855695,
            -2.31103279579769,
            3.5201383295558105e-05
        ],
        [
            -2.920716306359016,
            -2.787028919053886,
            1.226430231203603,
            -1.4030670004475725,
            -1.6746143453150817,
            7.624128943392096e-06
        ]
    ],
    "goal_config": [
        [
            -4.491948567506028,
            -1.3876409490617632,
            1.5496166753447576,
            -1.6223420699777802,
            -1.9654064232713195,
            2.9786021697892387e-05
        ],
        [
            -2.947495052074826,
            -2.6891029300894447,
            1.229014801573544,
            -1.4352098292416868,
            -1.6572299255947835,
            -6.556137069210552e-06
        ],
        [
            -4.442906635773259,
            -1.564712772563337,
            1.8286538074447736,
            -1.4665790360880362,
            -1.985762791640108,
            -7.1540069584169076e-06
        ]
    ],
    "base_poses": [
        [
            [
                0.09031453778775211,
                0.38080386834174607,
                0.0
            ],
            [
                -0.0,
                -0.0,
                0.6416625219053178,
                0.766987097663388
            ]
        ],
        [
            [
                0.08201140854880362,
                -0.48854196396618604,
                0.0
            ],
            [
                -0.0,
                -0.0,
                0.1477788166374391,
                0.9890204352556312
            ]
        ],
        [
            [
                0.3894347745936986,
                0.7760165301515267,
                0.0
            ],
            [
                -0.0,
                -0.0,
                0.8210202186210571,
                0.570899115970091
            ]
        ]
    ],
    "difficulty": 0.803630207843506,
    "dynamic_speed": null
}