{
    "target_eff_poses": [
        [
            [
                0.29522639513015747,
                0.07114940136671066,
                0.46506941318511963
            ],
            [
                -0.2650614380836487,
                0.3447897732257843,
                0.19054384529590607,
                0.8800883293151855
            ]
        ]
    ],
    "start_goal_config": [
        null
    ],
    "start_config": [
        [
            -2.4272424101441623,
            -1.8004086653525675,
            1.4622155549769005,
            -1.5615706663307785,
            -1.351579388027365,
            -5.706262296982777e-06
        ]
    ],
    "goal_config": [
        [
            -2.8610197098992014,
            -3.0561896191061533,
            1.8012960322545444,
            -0.9868355195604506,
            -2.0129986444062533,
            2.2061290225917844e-05
        ]
    ],
    "base_poses": [
        [
            [
                0.4358109835941084,
                0.15446507021526235,
                0.0
            ],
            [
                0.0,
                0.0,
                0.9570825244016795,
                -0.28981553009614314
            ]
        ]
    ],
    "difficulty": 0.0,
    "dynamic_speed": null
}