{
    "target_eff_poses": [
        [
            [
                0.545666515827179,
                0.05880500003695488,
                0.605649471282959
            ],
            [
                -0.4054703116416931,
                0.2861637473106384,
                0.5198848247528076,
                0.6952869296073914
            ]
        ]
    ],
    "start_goal_config": [
        null
    ],
    "start_config": [
        [
            -3.82296596823338,
            -2.0291780418737964,
            1.7670159257292117,
            -1.364395944367194,
            -1.846015203193373,
            2.8711088214398876e-05
        ]
    ],
    "goal_config": [
        [
            -3.5560680107098412,
            -2.3106184437698025,
            1.5822465363641376,
            -1.3745900919566023,
            -1.8849818030732353,
            2.478076629452127e-05
        ]
    ],
    "base_poses": [
        [
            [
                0.6187519783027688,
                -0.08973974844274257,
                0.0
            ],
            [
                0.0,
                0.0,
                -0.5349211112127384,
                0.8449020089802894
            ]
        ]
    ],
    "difficulty": 0.0
}