{
    "target_eff_poses": [
        [
            [
                -0.24930322170257568,
                -0.6337581872940063,
                0.4537642300128937
            ],
            [
                0.6199722290039062,
                -0.014665897004306316,
                -0.5834921598434448,
                0.5243628025054932
            ]
        ],
        [
            [
                -0.10236313194036484,
                0.05376170948147774,
                0.318550169467926
            ],
            [
                0.8137347102165222,
                -0.04163912311196327,
                -0.564863383769989,
                0.13050435483455658
            ]
        ],
        [
            [
                -0.5957520604133606,
                -0.40400680899620056,
                0.3636862337589264
            ],
            [
                0.3397771716117859,
                0.6977008581161499,
                -0.48180270195007324,
                0.4069781005382538
            ]
        ]
    ],
    "start_goal_config": [
        null,
        null,
        null
    ],
    "start_config": [
        [
            -2.938296962476256,
            -2.794010085064439,
            1.124291305789884,
            -1.4529560621056021,
            -1.6439779981940466,
            -4.797422735615557e-06
        ],
        [
            -4.521887179124083,
            -2.3359838849660792,
            2.234884891650344,
            -1.0541310928244896,
            -2.560973223902405,
            2.2145104149789346e-07
        ],
        [
            -2.0329955294941944,
            -2.2546803113291713,
            2.279311650639266,
            -1.0232248168058566,
            -1.0830519502230629,
            -7.69601702086338e-06
        ]
    ],
    "goal_config": [
        [
            -1.398884983394188,
            -1.2982566219270777,
            1.2332016567168969,
            -1.7386618730633425,
            -0.8150645005256908,
            -2.7213116839846045e-05
        ],
        [
            -2.2633122555223384,
            -2.2632474552497737,
            2.131837222107725,
            -1.1054164052174522,
            -1.2926174440249296,
            -3.0504923622469918e-12
        ],
        [
            -3.8792665878880186,
            -2.2512670260338634,
            2.0460599610752452,
            -1.1596571258612993,
            -1.9869899943992182,
            2.2568333085644988e-05
        ]
    ],
    "base_poses": [
        [
            [
                0.0923148065955196,
                -0.07993818522836782,
                0.0
            ],
            [
                0.0,
                0.0,
                -0.4944061599485471,
                0.8692310101491615
            ]
        ],
        [
            [
                0.03570559237121773,
                0.22542499197648302,
                0.0
            ],
            [
                0.0,
                0.0,
                -0.34400278831769987,
                0.938968626541722
            ]
        ],
        [
            [
                -0.6960559417239618,
                -0.2386168135807042,
                0.0
            ],
            [
                0.0,
                0.0,
                0.9575428379383139,
                0.2882910222553592
            ]
        ]
    ],
    "difficulty": 0.8110599078341014,
    "dynamic_speed": null
}