{
    "target_eff_poses": [
        [
            [
                -0.1718335598707199,
                -0.08678135275840759,
                0.42604586482048035
            ],
            [
                0.6483268141746521,
                0.20539487898349762,
                -0.61942458152771,
                0.3921715319156647
            ]
        ],
        [
            [
                -0.7814050316810608,
                -0.3694596290588379,
                0.6817294359207153
            ],
            [
                0.01060466282069683,
                -0.01952754519879818,
                -0.26858264207839966,
                0.9630002975463867
            ]
        ]
    ],
    "start_goal_config": [
        null,
        null
    ],
    "start_config": [
        [
            -1.5098445592818794,
            -1.6563269934162321,
            1.3151711138014217,
            -1.617141586678561,
            -0.7319884711959904,
            3.609701368277594e-05
        ],
        [
            -2.3309455457452946,
            -2.910039107048808,
            1.1999470668438963,
            -1.38444844534283,
            -2.726918097620735,
            3.343044991217237e-05
        ]
    ],
    "goal_config": [
        [
            -2.431823296112802,
            -2.4819589940026585,
            1.9625622870367048,
            -1.1264366830983499,
            -1.31318117302963,
            -1.2213404912074386e-05
        ],
        [
            -2.4544934666821576,
            -2.8823423042505487,
            1.1178370593883313,
            -1.4215043992676535,
            -2.3396352741919535,
            4.081344389307731e-05
        ]
    ],
    "base_poses": [
        [
            [
                -0.21083263374898675,
                0.08782991449205146,
                0.0
            ],
            [
                -0.0,
                -0.0,
                0.08063342230380284,
                0.996743824263575
            ]
        ],
        [
            [
                -0.39005314896251647,
                -0.2991925849838307,
                0.0
            ],
            [
                0.0,
                0.0,
                0.9734103242889905,
                0.22906841896604227
            ]
        ]
    ],
    "difficulty": 0.6362269823374671,
    "dynamic_speed": null
}