{
    "target_eff_poses": [
        [
            [
                0.11633960902690887,
                0.8207114338874817,
                0.33146896958351135
            ],
            [
                -0.6455131769180298,
                0.4880077838897705,
                -0.05939224362373352,
                0.5844943523406982
            ]
        ],
        [
            [
                -0.42704710364341736,
                -0.8554579019546509,
                0.153346985578537
            ],
            [
                0.717170238494873,
                0.3453924357891083,
                -0.5553364753723145,
                0.24077428877353668
            ]
        ]
    ],
    "start_goal_config": [
        null,
        null
    ],
    "start_config": [
        [
            -4.625256567961598,
            -1.51453866536619,
            1.4522467149939664,
            -1.6279790434829555,
            -2.039423077910995,
            2.9626008449198183e-05
        ],
        [
            -1.383271086597409,
            -1.1210671213640573,
            1.4020991833079939,
            -1.7260462116614108,
            -0.8264002358313653,
            -2.8423710015513094e-05
        ]
    ],
    "goal_config": [
        [
            -5.243686501223721,
            -1.478442833747453,
            1.7030721935452795,
            -1.4805453008764116,
            -2.5955231364587252,
            3.021228414351387e-05
        ],
        [
            -3.4199006964590604,
            -1.0784759545207299,
            1.4982691546035847,
            -1.7200413008906124,
            -1.610515493316261,
            5.76421067161007e-06
        ]
    ],
    "base_poses": [
        [
            [
                -0.21903911967693623,
                0.46253676486537443,
                0.0
            ],
            [
                0.0,
                0.0,
                -0.10842715643966191,
                0.9941043968046862
            ]
        ],
        [
            [
                -0.10312900457477081,
                -0.3217769718065709,
                0.0
            ],
            [
                -0.0,
                -0.0,
                0.5380482415470895,
                0.8429140464887774
            ]
        ]
    ],
    "difficulty": 0.35493275651274336,
    "dynamic_speed": null
}