{
    "target_eff_poses": [
        [
            [
                0.7632149457931519,
                0.059263769537210464,
                0.3877427875995636
            ],
            [
                -0.2520897686481476,
                0.64838707447052,
                0.24396449327468872,
                0.6756673455238342
            ]
        ]
    ],
    "start_goal_config": [
        null
    ],
    "start_config": [
        [
            -0.9454581390090596,
            -0.995554409618435,
            1.608505615312797,
            -1.4979685210529219,
            -0.022219165990294953,
            7.581794897856307e-05
        ]
    ],
    "goal_config": [
        [
            -3.255248075944507,
            -1.528264983033528,
            1.5261606302732478,
            -1.6007862779258324,
            -1.5951025405478176,
            6.89477361411498e-06
        ]
    ],
    "base_poses": [
        [
            [
                0.44925411045387564,
                -0.35526777026704565,
                0.0
            ],
            [
                0.0,
                0.0,
                0.914919393845634,
                -0.40363659740555935
            ]
        ]
    ],
    "difficulty": 0.0
}