{
    "target_eff_poses": [
        [
            [
                0.5905242562294006,
                0.7115024924278259,
                0.5330227613449097
            ],
            [
                -0.33495035767555237,
                0.4475425183773041,
                0.2195638120174408,
                0.7995659112930298
            ]
        ]
    ],
    "start_goal_config": [
        null
    ],
    "start_config": [
        [
            -4.635972289430273,
            -1.9386035907761312,
            1.6864301749706778,
            -1.423364631388597,
            -2.1742178710867814,
            3.038971221706632e-05
        ]
    ],
    "goal_config": [
        [
            -3.484631196246317,
            -2.4724502618997204,
            1.7583671468573427,
            -1.2411322813139307,
            -1.9452955329805333,
            1.9229090140345605e-05
        ]
    ],
    "base_poses": [
        [
            [
                0.5801775384459933,
                0.5977539967265624,
                0.0
            ],
            [
                0.0,
                0.0,
                -0.8099246377862999,
                0.5865339556297922
            ]
        ]
    ],
    "difficulty": 0.0,
    "dynamic_speed": null,
    "ur5_count": 1,
    "id": "009222",
    "task_path": "/home/hqh2101/workspace-sharing-multiarm/src/data/8f14d7-hard-vlo-tasks/009222.json"
}