{
    "target_eff_poses": [
        [
            [
                -0.7020921111106873,
                -0.504904568195343,
                0.5633504986763
            ],
            [
                0.06740868836641312,
                -0.09211823344230652,
                0.8951324820518494,
                0.4309387505054474
            ]
        ],
        [
            [
                1.2939306497573853,
                0.7659757733345032,
                0.4424891173839569
            ],
            [
                0.07286804914474487,
                0.6091248989105225,
                -0.0022048756945878267,
                0.7897165417671204
            ]
        ],
        [
            [
                0.5693839192390442,
                0.08785781264305115,
                0.7118400931358337
            ],
            [
                0.0877450481057167,
                0.38142573833465576,
                -0.41905876994132996,
                0.8192709684371948
            ]
        ],
        [
            [
                -0.07508137822151184,
                0.49693378806114197,
                0.092056505382061
            ],
            [
                0.6212663650512695,
                -0.3152676820755005,
                -0.5530385971069336,
                -0.45692744851112366
            ]
        ]
    ],
    "start_goal_config": [
        null,
        null,
        null,
        null
    ],
    "start_config": [
        [
            -4.868960707251454,
            -2.1231590867276777,
            2.0218352562235715,
            -1.2072891131929462,
            -2.761409995811315,
            2.0045039211225367e-05
        ],
        [
            -2.2367939469571576,
            -2.0576466568684384,
            1.3561137376719914,
            -1.542409453027279,
            -1.1157425135537589,
            -2.8994193835358243e-05
        ],
        [
            -3.0888229583699074,
            -2.6197474551372637,
            1.8253198014396677,
            -1.1530816716719017,
            -1.7720064594973968,
            1.0287783876981793e-05
        ],
        [
            -3.4566662071794836,
            -2.403733202143703,
            2.1806483003841493,
            -1.0038606931154284,
            -1.9173574405772982,
            1.1298283636640843e-05
        ]
    ],
    "goal_config": [
        [
            -3.209691372532733,
            -3.125161922477894,
            1.0804299944653757,
            -1.3256685221815991,
            -1.080302996727494,
            2.6914622517357507e-05
        ],
        [
            -2.8144399868234333,
            -1.3994618268042487,
            1.3068995321778019,
            -1.7281396292115399,
            -1.4545261799434483,
            -3.2689822743295274e-06
        ],
        [
            -3.6891613425564476,
            -2.0225064294753423,
            1.279138011351985,
            -1.5939440675811207,
            -1.8174941951591446,
            2.195645842968812e-06
        ],
        [
            -4.024341882500859,
            -0.6418683646587747,
            0.9996830858642957,
            -2.0626815377548366,
            -1.7506862208878642,
            -0.5189864233516918
        ]
    ],
    "base_poses": [
        [
            [
                -0.6280120215439444,
                0.03126606299135448,
                0.0
            ],
            [
                0.0,
                0.0,
                -0.6130186764190546,
                0.7900684162535738
            ]
        ],
        [
            [
                0.696504424530233,
                0.713979548298062,
                0.0
            ],
            [
                0.0,
                0.0,
                0.9749044782820827,
                0.22262357967102267
            ]
        ],
        [
            [
                0.32140140251301696,
                0.19516134807824592,
                0.0
            ],
            [
                0.0,
                0.0,
                0.9971381540832688,
                0.07560093697442782
            ]
        ],
        [
            [
                -0.06902093888396776,
                -0.32627869847292285,
                0.0
            ],
            [
                0.0,
                0.0,
                -0.3826813045858704,
                0.9238804138634266
            ]
        ]
    ],
    "difficulty": 0.8733189128185836,
    "dynamic_speed": null
}