{
    "target_eff_poses": [
        [
            [
                0.29149240255355835,
                -0.7079840898513794,
                0.34581977128982544
            ],
            [
                -0.042182981967926025,
                0.7577009201049805,
                -0.17548169195652008,
                0.6271493434906006
            ]
        ],
        [
            [
                -0.581656813621521,
                0.9598657488822937,
                0.3522461950778961
            ],
            [
                -0.591413676738739,
                0.33534371852874756,
                0.6893267631530762,
                0.2502060532569885
            ]
        ],
        [
            [
                0.029968788847327232,
                -0.40891939401626587,
                0.28794801235198975
            ],
            [
                0.5419958233833313,
                0.6391903758049011,
                -0.4815674126148224,
                0.2564546763896942
            ]
        ]
    ],
    "start_goal_config": [
        null,
        null,
        null
    ],
    "start_config": [
        [
            -4.212764985109763,
            -1.848853781893692,
            1.1635992422942336,
            -1.6859812305638349,
            -1.9808843552765032,
            3.2050003206748994e-05
        ],
        [
            -3.3689469113760047,
            -2.402935399542445,
            1.3151649040129927,
            -1.476942768883595,
            -2.2696355047491337,
            7.86397757736383e-06
        ],
        [
            -3.016985241458687,
            -2.8476467577947324,
            1.0481431911225632,
            -1.4733231431082296,
            -1.5330788055568485,
            2.512678778558077e-06
        ]
    ],
    "goal_config": [
        [
            -3.216265021528789,
            -2.6312009252759787,
            2.1399624642585966,
            -0.9271869360494588,
            -1.8992413083619752,
            6.2340896406339515e-06
        ],
        [
            -2.625516831034433,
            -1.3113357130590808,
            1.3802919345829099,
            -1.7153707700548022,
            -1.4031629895096256,
            -7.882822392653583e-06
        ],
        [
            -3.1936058836413572,
            -2.6390434544372874,
            2.266249232782118,
            -0.7814086315559774,
            -1.9489544259772758,
            -1.1854450477236727e-07
        ]
    ],
    "base_poses": [
        [
            [
                0.22827213704208638,
                -0.7628649737228745,
                0.0
            ],
            [
                0.0,
                0.0,
                0.9974614463888878,
                0.07120858773903552
            ]
        ],
        [
            [
                -0.0896529359445346,
                0.5852018282794094,
                0.0
            ],
            [
                0.0,
                0.0,
                -0.6365696060005859,
                0.7712192533360788
            ]
        ],
        [
            [
                -0.023308719823117996,
                -0.3661079128094622,
                0.0
            ],
            [
                -0.0,
                -0.0,
                0.6475967834463175,
                0.7619832058975994
            ]
        ]
    ],
    "difficulty": 0.7986280774290547,
    "dynamic_speed": null
}