{
    "target_eff_poses": [
        [
            [
                0.6847225427627563,
                0.3654713034629822,
                0.3065569996833801
            ],
            [
                0.8412724137306213,
                0.3038517236709595,
                0.04088105261325836,
                0.44526800513267517
            ]
        ],
        [
            [
                0.7208821773529053,
                -0.18548548221588135,
                0.5022987127304077
            ],
            [
                -0.4348437190055847,
                0.39377298951148987,
                0.3572680950164795,
                0.7267827987670898
            ]
        ]
    ],
    "start_goal_config": [
        null,
        null
    ],
    "start_config": [
        [
            -2.7616695625687733,
            -2.480157382150371,
            1.7305692973159579,
            -1.2494567106387955,
            -1.4760211460595252,
            -6.58050733373102e-06
        ],
        [
            -2.7889376259379133,
            -1.5944878867403627,
            2.3199672579169053,
            -1.2561832940607205,
            -1.514045832366947,
            5.057382386054937e-06
        ]
    ],
    "goal_config": [
        [
            -1.462608022317771,
            -2.112783601399351,
            2.2757851763311305,
            -1.090114459325094,
            -0.2550489766616692,
            -1.9805942778861582e-05
        ],
        [
            -3.4406653464018073,
            -2.523275451839691,
            1.8253185207372644,
            -1.1898214334645805,
            -1.9488399416601947,
            1.806749618366145e-05
        ]
    ],
    "base_poses": [
        [
            [
                0.37700167018422204,
                0.46849254209362834,
                0.0
            ],
            [
                -0.0,
                -0.0,
                0.16423351792700558,
                0.986421487797848
            ]
        ],
        [
            [
                0.7571574145159621,
                -0.28097203613012667,
                0.0
            ],
            [
                0.0,
                0.0,
                -0.699964145436139,
                0.7141779855917261
            ]
        ]
    ],
    "difficulty": 0.18318746183594545
}