{
    "target_eff_poses": [
        [
            [
                -0.4904910922050476,
                0.8336602449417114,
                0.3847319185733795
            ],
            [
                -0.6304519772529602,
                0.3950172960758209,
                0.38660553097724915,
                0.5450025796890259
            ]
        ],
        [
            [
                0.31376898288726807,
                0.6317197680473328,
                0.39594268798828125
            ],
            [
                -0.2903328239917755,
                0.5966302156448364,
                0.29999443888664246,
                0.6853776574134827
            ]
        ],
        [
            [
                0.6399964094161987,
                -0.24566447734832764,
                0.3829439878463745
            ],
            [
                -0.4772976040840149,
                0.4509398639202118,
                0.3224019706249237,
                0.681833803653717
            ]
        ],
        [
            [
                -0.611922025680542,
                -0.23069758713245392,
                0.16681918501853943
            ],
            [
                0.7609438300132751,
                0.07403766363859177,
                -0.5965633988380432,
                0.24412089586257935
            ]
        ]
    ],
    "start_goal_config": [
        null,
        null,
        null,
        null
    ],
    "start_config": [
        [
            -4.1304065716322205,
            -2.1644592393770226,
            1.611530509431951,
            -1.4011342605352035,
            -2.059064536933713,
            2.665250281616714e-05
        ],
        [
            -2.9529592326785203,
            -1.840088366117646,
            1.3641398789385235,
            -1.5984506776080112,
            -1.5181395397716801,
            4.76188006845753e-06
        ],
        [
            -3.2148329386560888,
            -2.742787682340521,
            2.0841699332918577,
            -0.9258540347363579,
            -1.9601069026718967,
            6.539913507952522e-06
        ],
        [
            -3.558128649274091,
            -2.6829295645177824,
            2.314857377160127,
            -0.7413246872143003,
            -2.2363550062527597,
            1.8754847197467332e-10
        ]
    ],
    "goal_config": [
        [
            -4.331449327196506,
            -1.773945673295066,
            1.7515389397251535,
            -1.441156146734048,
            -1.9648849885862716,
            2.7475950320020414e-05
        ],
        [
            -2.7945672967171022,
            -2.7409884110745693,
            2.0207981776356516,
            -0.9703706517502226,
            -1.611099641477207,
            -2.435323661991469e-12
        ],
        [
            -3.0670511081775222,
            -2.873785781862472,
            2.048351485778972,
            -0.8834775844745846,
            -1.9428946120929675,
            9.572522755265208e-06
        ],
        [
            -2.2621617924067547,
            -1.0145102400392911,
            1.3918750553340205,
            -1.7783056924134768,
            -1.279368592203568,
            -1.611748549296035e-05
        ]
    ],
    "base_poses": [
        [
            [
                -0.40915807571890195,
                0.45002265215181025,
                0.0
            ],
            [
                0.0,
                0.0,
                -0.1611210904320229,
                0.986934645363104
            ]
        ],
        [
            [
                0.38446820188407704,
                0.5544670160395995,
                0.0
            ],
            [
                0.0,
                0.0,
                0.9665894541968406,
                -0.25632952821603244
            ]
        ],
        [
            [
                0.7091857541704536,
                -0.2331126415944752,
                0.0
            ],
            [
                0.0,
                0.0,
                -0.8306784840030209,
                0.556752419136588
            ]
        ],
        [
            [
                -0.09535654231536128,
                0.2074209658198991,
                0.0
            ],
            [
                0.0,
                0.0,
                -0.19574394950047314,
                0.9806550393660128
            ]
        ]
    ],
    "difficulty": 0.9073638672058685,
    "dynamic_speed": null
}