{
    "target_eff_poses": [
        [
            [
                -0.4499378204345703,
                -0.9689225554466248,
                0.494329035282135
            ],
            [
                -0.42690205574035645,
                -0.4779173731803894,
                0.6553609371185303,
                -0.399814635515213
            ]
        ]
    ],
    "start_goal_config": [
        null
    ],
    "start_config": [
        [
            -2.539286921200245,
            -2.022003999373197,
            1.8116572611728474,
            -1.3447228221291647,
            -1.4262371832232528,
            -2.7037346735743306e-06
        ]
    ],
    "goal_config": [
        [
            -3.7481913755747462,
            -2.160431484415262,
            1.7474046069372837,
            -1.3374245789119876,
            -1.864731799550466,
            2.7136246085533043e-05
        ]
    ],
    "base_poses": [
        [
            [
                -0.47729445840399,
                -0.7216384506168908,
                0.0
            ],
            [
                -0.0,
                -0.0,
                0.840425181763379,
                0.5419275909731773
            ]
        ]
    ],
    "difficulty": 0.0,
    "dynamic_speed": null
}