{
    "target_eff_poses": [
        [
            [
                0.39102205634117126,
                -0.40939462184906006,
                0.6501338481903076
            ],
            [
                -0.19692811369895935,
                0.06995758414268494,
                0.3863251507282257,
                0.8983752727508545
            ]
        ],
        [
            [
                -0.35026437044143677,
                -0.23254787921905518,
                0.7008039355278015
            ],
            [
                -0.3304022252559662,
                -0.048431020230054855,
                0.879976749420166,
                0.3378309905529022
            ]
        ]
    ],
    "start_goal_config": [
        null,
        null
    ],
    "start_config": [
        [
            -4.9264191149823215,
            -1.1348267539699541,
            1.3627180742969542,
            -1.7409269130690634,
            -2.17957230132591,
            3.1756427796421685e-05
        ],
        [
            -3.9573600104543964,
            -2.165546921592869,
            1.8799744253742905,
            -1.2733979754970646,
            -1.95441147385225,
            2.6231961143326752e-05
        ]
    ],
    "goal_config": [
        [
            -2.6209638223319383,
            -2.8491214801370197,
            1.42253327063426,
            -1.2939094590217157,
            -2.394175304464567,
            2.816186882999637e-05
        ],
        [
            -3.3373898927919505,
            -2.4507542985755904,
            1.4089185865752492,
            -1.4187945507713942,
            -2.0829338618047246,
            3.183233624210015e-05
        ]
    ],
    "base_poses": [
        [
            [
                0.3898143706923842,
                -0.17774051558066295,
                0.0
            ],
            [
                0.0,
                0.0,
                -0.8485817523234099,
                0.5290642774027849
            ]
        ],
        [
            [
                -0.32271874150390367,
                -0.19215858033537825,
                0.0
            ],
            [
                0.0,
                0.0,
                -0.012585677565982435,
                0.9999207972235626
            ]
        ]
    ],
    "difficulty": 0.23325870140443722
}