{
    "target_eff_poses": [
        [
            [
                -0.062248483300209045,
                0.0974416434764862,
                0.5070090889930725
            ],
            [
                -0.5273829102516174,
                0.3365308344364166,
                0.6412153840065002,
                0.44436144828796387
            ]
        ],
        [
            [
                -0.5533172488212585,
                0.11468912661075592,
                0.35411056876182556
            ],
            [
                -0.565197765827179,
                -0.4874706268310547,
                0.6509799957275391,
                -0.138379767537117
            ]
        ]
    ],
    "start_goal_config": [
        null,
        null
    ],
    "start_config": [
        [
            -5.033615011519518,
            -1.6827437063304276,
            1.8210656610357219,
            -1.4236246692485184,
            -2.3812614239486662,
            2.7177311839826803e-05
        ],
        [
            -3.2754533919410367,
            -2.423482596648501,
            2.273251866311884,
            -0.9064599699261343,
            -1.8829558764731176,
            6.370073385441965e-06
        ]
    ],
    "goal_config": [
        [
            -3.0924338469065256,
            -2.066792700825914,
            1.673540563911619,
            -1.3965168238577386,
            -1.6088354011957626,
            9.147574753398855e-06
        ],
        [
            -3.4224654201643756,
            -2.6920534541819037,
            2.1442957450870734,
            -0.9086298358734942,
            -2.073034720611226,
            1.4119086287066649e-05
        ]
    ],
    "base_poses": [
        [
            [
                0.14233039233406686,
                -0.12113233986057637,
                0.0
            ],
            [
                0.0,
                0.0,
                -0.5741518808155,
                0.8187488123692296
            ]
        ],
        [
            [
                -0.5703726857664722,
                0.1692242585797844,
                0.0
            ],
            [
                -0.0,
                -0.0,
                0.5654809345675482,
                0.8247613670878458
            ]
        ]
    ],
    "difficulty": 0.3718611868710618,
    "dynamic_speed": null,
    "ur5_count": 2,
    "id": "009396",
    "task_path": "/home/hqh2101/workspace-sharing-multiarm/src/data/8f14d7-hard-vlo-tasks/009396.json"
}