{
    "target_eff_poses": [
        [
            [
                -0.41119974851608276,
                0.4982925057411194,
                0.2062189280986786
            ],
            [
                -0.44724196195602417,
                0.5578328371047974,
                0.6788590550422668,
                0.16717535257339478
            ]
        ]
    ],
    "start_goal_config": [
        null
    ],
    "start_config": [
        [
            -1.2892427863978222,
            -1.5202607173807179,
            1.4944333184609895,
            -1.55516684543519,
            -0.5983243498191493,
            -2.4324709303934838e-05
        ]
    ],
    "goal_config": [
        [
            -1.4940701471358793,
            -0.9204690069770141,
            1.2203758992924674,
            -1.8482768579222553,
            -0.9172621701283251,
            -2.9642351932824566e-05
        ]
    ],
    "base_poses": [
        [
            [
                0.06433193167520146,
                -0.07962990672361925,
                0.0
            ],
            [
                0.0,
                0.0,
                0.9840576290836417,
                -0.17784988794565482
            ]
        ]
    ],
    "difficulty": 0.0,
    "dynamic_speed": null
}