{
    "target_eff_poses": [
        [
            [
                0.3692419230937958,
                -0.691750705242157,
                0.5342981219291687
            ],
            [
                0.26587173342704773,
                0.4245452880859375,
                -0.7044596672058105,
                0.5028022527694702
            ]
        ]
    ],
    "start_goal_config": [
        null
    ],
    "start_config": [
        [
            -2.641837693198306,
            -3.1351411144248416,
            1.6556670984402522,
            -1.0563556843145716,
            -2.386869062661397,
            2.9602942293561815e-05
        ]
    ],
    "goal_config": [
        [
            -3.201878681536163,
            -2.676807955017645,
            1.7584274588579452,
            -1.1738666907892215,
            -1.9622173464529098,
            2.2957508541109374e-05
        ]
    ],
    "base_poses": [
        [
            [
                0.3097866103107123,
                -0.6951929139234019,
                0.0
            ],
            [
                -0.0,
                -0.0,
                0.7484679257815939,
                0.6631709915822603
            ]
        ]
    ],
    "difficulty": 0.0,
    "dynamic_speed": null,
    "ur5_count": 1,
    "id": "009315",
    "task_path": "/home/huy/programming/projects/workspace-sharing-multiarm/src/data/8f14d7-hard-vlo-tasks/009315.json"
}