{
    "target_eff_poses": [
        [
            [
                0.28648439049720764,
                -0.48554617166519165,
                0.2598137855529785
            ],
            [
                0.8315398693084717,
                0.2812889516353607,
                -0.47670283913612366,
                0.04660797119140625
            ]
        ],
        [
            [
                0.6963115334510803,
                -0.12889504432678223,
                0.37566637992858887
            ],
            [
                0.4837898313999176,
                0.6033209562301636,
                -0.5926589369773865,
                0.2251814901828766
            ]
        ],
        [
            [
                0.4891234338283539,
                0.7485924959182739,
                0.10114315897226334
            ],
            [
                -0.3544975519180298,
                0.8945513367652893,
                0.16381798684597015,
                0.21742364764213562
            ]
        ],
        [
            [
                -0.6060281991958618,
                -0.10690046846866608,
                0.4919833242893219
            ],
            [
                0.06375593692064285,
                0.6162919402122498,
                -0.23285244405269623,
                0.7495993375778198
            ]
        ]
    ],
    "start_goal_config": [
        null,
        null,
        null,
        null
    ],
    "start_config": [
        [
            -2.701939437014899,
            -2.3039278274129646,
            1.7137371519032463,
            -1.311121311559966,
            -1.4612528050249078,
            -2.087249074485968e-06
        ],
        [
            -4.83870671227509,
            -1.4043721127775675,
            2.2523848118636116,
            -1.3940816609132078,
            -2.400464792747439,
            2.2341467771437726e-05
        ],
        [
            -2.7946100551516957,
            -1.0011180528547408,
            1.3342629895717297,
            -1.8058738149893674,
            -1.4316912446263534,
            -7.585151507189351e-06
        ],
        [
            -1.6677820393591605,
            -2.1981101458593844,
            2.333411527069479,
            -1.0486194749031563,
            -0.5824746363800676,
            -1.1338396349753498e-05
        ]
    ],
    "goal_config": [
        [
            -3.212713739274922,
            -2.286293024948913,
            2.2669883050226782,
            -0.9796707056383028,
            -1.7995257713095516,
            1.2581397162700229e-17
        ],
        [
            -4.333793682343378,
            -2.0992731727115768,
            1.9767995982666362,
            -1.2509286588178834,
            -2.1025975044052982,
            3.327087224345332e-05
        ],
        [
            -2.348389214023632,
            -1.557517090379099,
            2.3051376753852173,
            -1.2990407423873191,
            -1.3023915359802865,
            -7.813551956235477e-07
        ],
        [
            -3.2920206977340447,
            -2.372426456702119,
            1.8098516956733046,
            -1.2425971774056022,
            -1.7689004948837717,
            1.1746943138305146e-05
        ]
    ],
    "base_poses": [
        [
            [
                0.3671823558393448,
                -0.36175395734988847,
                0.0
            ],
            [
                -0.0,
                -0.0,
                0.24487137350954072,
                0.9695555736705096
            ]
        ],
        [
            [
                0.7308246012646364,
                0.1183361698816382,
                0.0
            ],
            [
                0.0,
                0.0,
                0.9408474670505537,
                0.33883040557859806
            ]
        ],
        [
            [
                0.4887691680479509,
                0.4722356630627409,
                0.0
            ],
            [
                0.0,
                0.0,
                0.9934061965569347,
                -0.11464784621738285
            ]
        ],
        [
            [
                -0.7750614541426059,
                -0.1254752738845163,
                0.0
            ],
            [
                0.0,
                0.0,
                0.9919570896086297,
                0.12657461189028765
            ]
        ]
    ],
    "difficulty": 0.8272359635098279,
    "dynamic_speed": null
}