{
    "target_eff_poses": [
        [
            [
                -0.7407907843589783,
                -0.6328849196434021,
                0.47230103611946106
            ],
            [
                -0.4314900040626526,
                0.1762642115354538,
                0.5645561218261719,
                0.6811928749084473
            ]
        ],
        [
            [
                -0.30754414200782776,
                0.04144381359219551,
                0.5095107555389404
            ],
            [
                -0.22093936800956726,
                0.1860126107931137,
                0.7797226309776306,
                0.5555337071418762
            ]
        ],
        [
            [
                -0.4756743907928467,
                0.2141861915588379,
                0.5461164116859436
            ],
            [
                -0.5206268429756165,
                -0.165101557970047,
                0.7983118295669556,
                -0.25374674797058105
            ]
        ],
        [
            [
                0.37542298436164856,
                0.46128374338150024,
                0.7284864783287048
            ],
            [
                -0.34800606966018677,
                0.003779542399570346,
                0.5855355262756348,
                0.7321377396583557
            ]
        ]
    ],
    "start_goal_config": [
        null,
        null,
        null,
        null
    ],
    "start_config": [
        [
            -1.2909446242273812,
            -1.9084126420460088,
            2.2745351898203925,
            -1.1076488619730576,
            -0.08720368976866216,
            -1.9207783987246566e-05
        ],
        [
            -3.4755809508702984,
            -2.4411569717162283,
            1.5597434059737358,
            -1.3489209521982413,
            -2.006182276711513,
            4.43887749862133e-05
        ],
        [
            -4.5734576579436395,
            -1.979082054969581,
            2.150044266008173,
            -1.2121308456407025,
            -2.23508959146945,
            3.7164804347446525e-17
        ],
        [
            -3.757673130213415,
            -1.6095412704308285,
            1.4227675051526225,
            -1.6269074821868055,
            -1.734825128552271,
            -3.1517717040245943e-06
        ]
    ],
    "goal_config": [
        [
            -2.932651628255552,
            -2.9907593927041187,
            1.826296935227373,
            -1.0073591659328363,
            -2.06174552707596,
            1.5083707439901716e-05
        ],
        [
            -2.9383433721409764,
            -3.088526260653469,
            1.6092743938142549,
            -1.0763602093137705,
            -1.4900638471160985,
            1.4361999529845937e-08
        ],
        [
            -3.2040267401869533,
            -1.5818172697014736,
            1.2902393958109821,
            -1.6944232011451383,
            -1.570132727428241,
            5.58938473122984e-06
        ],
        [
            -3.610982752554774,
            -2.375312268027604,
            1.3915294067702546,
            -1.446850574437468,
            -2.4561634666470256,
            3.640100781585298e-05
        ]
    ],
    "base_poses": [
        [
            [
                -0.7317507525063349,
                -0.5019154225458646,
                0.0
            ],
            [
                0.0,
                0.0,
                -0.6726218562957161,
                0.7399863771944083
            ]
        ],
        [
            [
                -0.2485896922320724,
                0.2923036561244028,
                0.0
            ],
            [
                0.0,
                0.0,
                -0.6896756388706056,
                0.7241184386192787
            ]
        ],
        [
            [
                -0.12204084535440063,
                0.5976362402638655,
                0.0
            ],
            [
                -0.0,
                -0.0,
                0.33220671339301094,
                0.9432066049263088
            ]
        ],
        [
            [
                0.40379299933721624,
                0.43882678667395214,
                0.0
            ],
            [
                0.0,
                0.0,
                -0.21707595947122119,
                0.9761547151039371
            ]
        ]
    ],
    "difficulty": 0.923539922881595,
    "dynamic_speed": null,
    "ur5_count": 4,
    "id": "009307",
    "task_path": "/home/huy/programming/projects/workspace-sharing-multiarm/src/data/8f14d7-hard-vlo-tasks/009307.json"
}