{
    "target_eff_poses": [
        [
            [
                0.4162599742412567,
                0.4687025249004364,
                0.6459850668907166
            ],
            [
                0.27651768922805786,
                0.18446972966194153,
                -0.6366804242134094,
                0.695806622505188
            ]
        ],
        [
            [
                0.9511442184448242,
                0.7115468978881836,
                0.4800533056259155
            ],
            [
                -0.23704324662685394,
                0.5323790907859802,
                0.4980235695838928,
                0.6421491503715515
            ]
        ],
        [
            [
                0.43825122714042664,
                -0.6465691328048706,
                0.37014415860176086
            ],
            [
                -0.543655276298523,
                -0.3529582619667053,
                0.7217108011245728,
                -0.24288466572761536
            ]
        ]
    ],
    "start_goal_config": [
        null,
        null,
        null
    ],
    "start_config": [
        [
            -3.9974371140972,
            -1.8568105822082135,
            1.0947174820603016,
            -1.7203125996597934,
            -1.8983416107477087,
            2.6145833217801813e-05
        ],
        [
            -2.8254966690333863,
            -1.8244036509045243,
            2.279089471290207,
            -1.1760280156438268,
            -1.5545416437538757,
            4.4406665169853764e-11
        ],
        [
            -4.678891850198322,
            -1.6275036216792573,
            1.7865176904816549,
            -1.465516046666788,
            -2.1005214572339033,
            2.5868776236790367e-05
        ]
    ],
    "goal_config": [
        [
            -2.8847434527821125,
            -2.638181988137209,
            1.4932716277225666,
            -1.3189837059221747,
            -1.3293689346057738,
            -6.041311384242106e-08
        ],
        [
            -2.4013309831021235,
            -1.4149407694374325,
            1.2606916905501562,
            -1.7430813693817437,
            -1.3300338763946087,
            -1.1216414249182182e-05
        ],
        [
            -2.902599744158144,
            -2.9470082185362947,
            2.0439926566634044,
            -0.8281839437680433,
            -1.8219985769035534,
            8.262061145193551e-06
        ]
    ],
    "base_poses": [
        [
            [
                0.26966642853403266,
                0.43810484212327316,
                0.0
            ],
            [
                -0.0,
                -0.0,
                0.5485286663411462,
                0.8361317493086861
            ]
        ],
        [
            [
                0.7987856571892804,
                0.13090577741295528,
                0.0
            ],
            [
                0.0,
                0.0,
                0.9857295280551036,
                -0.16833685728402623
            ]
        ],
        [
            [
                0.34043469066440757,
                -0.6462717238943144,
                0.0
            ],
            [
                -0.0,
                -0.0,
                0.32474487669170815,
                0.9458016520721918
            ]
        ]
    ],
    "difficulty": 0.631054265023982,
    "dynamic_speed": null,
    "ur5_count": 3,
    "id": "009375",
    "task_path": "/home/hqh2101/workspace-sharing-multiarm/src/data/8f14d7-hard-vlo-tasks/009375.json"
}