{
    "target_eff_poses": [
        [
            [
                -0.5560845136642456,
                0.3290065824985504,
                0.34664979577064514
            ],
            [
                -0.322094589471817,
                0.7172680497169495,
                0.40878868103027344,
                0.4633288085460663
            ]
        ],
        [
            [
                -0.15669216215610504,
                -0.6072973608970642,
                0.22756259143352509
            ],
            [
                -0.20079877972602844,
                0.887270450592041,
                0.0206742063164711,
                0.41473308205604553
            ]
        ],
        [
            [
                0.4468035399913788,
                -0.552291214466095,
                0.4280092716217041
            ],
            [
                -0.4308564364910126,
                -0.1699073761701584,
                0.8519928455352783,
                -0.2441360056400299
            ]
        ],
        [
            [
                0.19019253551959991,
                0.8588127493858337,
                0.30416885018348694
            ],
            [
                0.8041216135025024,
                0.2677718698978424,
                -0.27358847856521606,
                -0.45479223132133484
            ]
        ]
    ],
    "start_goal_config": [
        null,
        null,
        null,
        null
    ],
    "start_config": [
        [
            -3.2257711338053654,
            -2.7501472041047195,
            2.033202978111056,
            -0.9679449366287962,
            -1.9719954122989172,
            1.0465204413237062e-05
        ],
        [
            -2.974830210456548,
            -2.344782345141018,
            2.0681535011119356,
            -1.1014657534528,
            -1.6578271655564394,
            8.864672264661223e-06
        ],
        [
            -5.139621389900899,
            -1.6186860004836676,
            2.116233983719252,
            -1.3223263981953495,
            -2.6248998729664135,
            2.761961679103973e-05
        ],
        [
            -3.1149837558603783,
            -2.4719812504111873,
            1.3195573977320676,
            -1.4558853372209044,
            -1.878770554409556,
            2.1778942706512242e-05
        ]
    ],
    "goal_config": [
        [
            -2.1519465604848227,
            -1.924026724639672,
            1.9195673958098185,
            -1.3276349949009045,
            -1.2699276219371844,
            -1.307763945185043e-05
        ],
        [
            -3.0873720232786637,
            -2.211623014140296,
            2.3227859510679867,
            -0.9675900842655144,
            -1.743536530721423,
            1.5529257515687468e-05
        ],
        [
            -2.8332675616063665,
            -3.100738839950692,
            1.8389143142555797,
            -0.9166794434786502,
            -1.6673544848188848,
            4.4760496539164384e-06
        ],
        [
            -5.407215006499404,
            -1.3022609766082383,
            1.6344017711445207,
            -1.45114926979354,
            -2.9214768338088994,
            -6.012965691645856e-05
        ]
    ],
    "base_poses": [
        [
            [
                -0.548745460114573,
                -0.012338995902250183,
                0.0
            ],
            [
                0.0,
                0.0,
                0.9969846982742293,
                -0.07759839822473183
            ]
        ],
        [
            [
                -0.2521380963837828,
                -0.7240867683183533,
                0.0
            ],
            [
                0.0,
                0.0,
                0.9940561654771038,
                -0.10886845216570698
            ]
        ],
        [
            [
                0.26598528758428586,
                -0.5692938609020438,
                0.0
            ],
            [
                -0.0,
                -0.0,
                0.17232258765248118,
                0.9850405706288208
            ]
        ],
        [
            [
                0.601379699775155,
                0.4836500217051718,
                0.0
            ],
            [
                -0.0,
                -0.0,
                0.7025087516716253,
                0.7116751041203948
            ]
        ]
    ],
    "difficulty": 0.7140035737797423,
    "dynamic_speed": null
}