{
    "target_eff_poses": [
        [
            [
                -0.5914146900177002,
                0.2894284725189209,
                0.48590993881225586
            ],
            [
                -0.4250308871269226,
                0.4828861951828003,
                0.46212247014045715,
                0.6104201078414917
            ]
        ]
    ],
    "start_goal_config": [
        null
    ],
    "start_config": [
        [
            -3.7761235614657855,
            -1.595193217771089,
            2.327777267201555,
            -1.251741531960042,
            -1.8857033437760524,
            1.482500762212921e-05
        ]
    ],
    "goal_config": [
        [
            -3.3066491381567236,
            -1.8638387673017212,
            1.6027203678480466,
            -1.4828802535831913,
            -1.6445579103443366,
            1.1947098969745467e-05
        ]
    ],
    "base_poses": [
        [
            [
                -0.5680798940027914,
                -0.09472867811511099,
                0.0
            ],
            [
                0.0,
                0.0,
                -0.7197072912159186,
                0.6942776209634333
            ]
        ]
    ],
    "difficulty": 0.0,
    "dynamic_speed": null
}