{
    "target_eff_poses": [
        [
            [
                -0.4934776723384857,
                -0.6346125602722168,
                0.3613889217376709
            ],
            [
                0.2463456094264984,
                0.7215767502784729,
                -0.3238156735897064,
                0.5601646900177002
            ]
        ],
        [
            [
                -0.3897402286529541,
                -0.4596032202243805,
                0.28335168957710266
            ],
            [
                0.438506543636322,
                0.700859010219574,
                -0.3554920554161072,
                0.4360436797142029
            ]
        ],
        [
            [
                -0.03254767879843712,
                0.11310601234436035,
                0.10754647850990295
            ],
            [
                0.731594443321228,
                0.5978818535804749,
                -0.28129202127456665,
                0.16787388920783997
            ]
        ],
        [
            [
                0.55568528175354,
                -0.6690109968185425,
                0.22265984117984772
            ],
            [
                0.8416785597801208,
                0.3572549819946289,
                -0.39625269174575806,
                0.08324579149484634
            ]
        ]
    ],
    "start_goal_config": [
        null,
        null,
        null,
        null
    ],
    "start_config": [
        [
            -4.563401225328247,
            -2.048674157187462,
            1.4129060093986616,
            -1.5072926429377052,
            -2.43312375740723,
            3.767564631339171e-05
        ],
        [
            -3.5923415666727396,
            -1.0297987170443441,
            1.5722783183381461,
            -1.702071408617143,
            -1.6598181405662418,
            2.8542676519114867e-06
        ],
        [
            -2.5719769511766986,
            -3.0340116145221336,
            1.496711462700385,
            -1.182758518476769,
            -2.3288021623987287,
            2.8337464319096023e-05
        ],
        [
            -3.6468188610985006,
            -2.776012836668058,
            2.274768538376056,
            -0.7657437445967222,
            -2.363676889687147,
            -1.9329628309987023e-05
        ]
    ],
    "goal_config": [
        [
            -3.70351627617699,
            -1.8050431436325913,
            1.80486153678141,
            -1.4071658409468104,
            -1.7659415562292111,
            1.730941330361707e-05
        ],
        [
            -3.4445727711961895,
            -1.7358176829418013,
            1.916042421219705,
            -1.375256417792066,
            -1.6956936596033156,
            7.031223202739855e-06
        ],
        [
            -3.482652939999973,
            -1.463191500315603,
            2.154958236563855,
            -1.3592402682891378,
            -1.7178803566212533,
            1.2767959330922017e-05
        ],
        [
            -3.139767551395546,
            -2.1939901273694655,
            2.330925160986355,
            -0.9706780040226747,
            -1.765129144598272,
            5.796606665205183e-06
        ]
    ],
    "base_poses": [
        [
            [
                -0.7975673046568457,
                -0.41391606685268734,
                0.0
            ],
            [
                0.0,
                0.0,
                0.9894196632164012,
                0.14508180465083578
            ]
        ],
        [
            [
                -0.5926007881608687,
                -0.151726975454908,
                0.0
            ],
            [
                0.0,
                0.0,
                0.8915514125822965,
                0.4529195057871892
            ]
        ],
        [
            [
                -0.01326807833441812,
                0.43085239347007653,
                0.0
            ],
            [
                -0.0,
                -0.0,
                0.7048064229389903,
                0.7093996801408534
            ]
        ],
        [
            [
                0.6101157269925706,
                -0.5286605477618649,
                0.0
            ],
            [
                -0.0,
                -0.0,
                0.29870128476875213,
                0.9543466573931597
            ]
        ]
    ],
    "difficulty": 0.922946814508551,
    "dynamic_speed": null
}