{
    "target_eff_poses": [
        [
            [
                -0.38339003920555115,
                0.016182903200387955,
                0.7438106536865234
            ],
            [
                0.15251781046390533,
                0.24849171936511993,
                -0.733832597732544,
                0.6135796308517456
            ]
        ],
        [
            [
                -0.1671922355890274,
                0.9017004370689392,
                0.23930776119232178
            ],
            [
                0.694067120552063,
                -0.5758231282234192,
                -0.09576615691184998,
                -0.4213400185108185
            ]
        ],
        [
            [
                -0.4885316491127014,
                0.9850552082061768,
                0.14518260955810547
            ],
            [
                -0.6647404432296753,
                0.5068710446357727,
                0.08907409012317657,
                0.5415419340133667
            ]
        ],
        [
            [
                -0.701187789440155,
                -0.36696943640708923,
                0.3975704312324524
            ],
            [
                -0.5800150632858276,
                -0.3018239140510559,
                0.7393462061882019,
                0.16078567504882812
            ]
        ]
    ],
    "start_goal_config": [
        null,
        null,
        null,
        null
    ],
    "start_config": [
        [
            -4.370303132810679,
            -1.146999728581882,
            1.3562527985589772,
            -1.7598586327618415,
            -1.8898560325773588,
            2.726326893582323e-05
        ],
        [
            -2.4832613038126214,
            -3.1975351327306916,
            2.2993161692289528,
            0.35812374719347,
            -1.2117754375640297,
            -7.90552894058603e-06
        ],
        [
            -3.1129545172623985,
            -2.3539855625488553,
            1.1017730873425382,
            -1.595821903299573,
            -2.0974705568758614,
            3.170847428486279e-05
        ],
        [
            -3.784162546057125,
            -2.1579301338284895,
            2.244695139499652,
            -1.0688217698821496,
            -1.9793675779025486,
            8.679885911288303e-06
        ]
    ],
    "goal_config": [
        [
            -3.3157501755634895,
            -2.3390164169599603,
            1.2943635741424113,
            -1.5052051345178745,
            -1.8947613797892917,
            2.9868377193824673e-05
        ],
        [
            -4.364849038906975,
            -2.0490560574756986,
            2.274007405013282,
            -1.1185611929614263,
            -2.2255478199868874,
            6.6055551399912665e-12
        ],
        [
            -5.060920690861524,
            -1.0673122302820128,
            1.5783474904011972,
            -1.6729393146777312,
            -2.32711224740227,
            -4.971110086030527e-06
        ],
        [
            -5.018208584985785,
            -1.2435467925760835,
            1.2661731518532087,
            -1.7388821082081094,
            -2.2647485680863024,
            3.463675140376462e-05
        ]
    ],
    "base_poses": [
        [
            [
                -0.45869093411866474,
                0.06247849023565022,
                0.0
            ],
            [
                -0.0,
                -0.0,
                0.8107618040001604,
                0.5853762014076124
            ]
        ],
        [
            [
                -0.2290107016347216,
                0.7133871963409486,
                0.0
            ],
            [
                0.0,
                0.0,
                -0.3970495411872554,
                0.9177971790341208
            ]
        ],
        [
            [
                -0.750804892491906,
                0.44900251066663377,
                0.0
            ],
            [
                0.0,
                0.0,
                -0.06989743050438887,
                0.9975541835954997
            ]
        ],
        [
            [
                -0.09346907795418835,
                -0.17463599210316505,
                0.0
            ],
            [
                0.0,
                0.0,
                0.8777566476869665,
                0.4791067390898802
            ]
        ]
    ],
    "difficulty": 0.9411266810871814,
    "dynamic_speed": null,
    "ur5_count": 4,
    "id": "009440",
    "task_path": "/home/hqh2101/workspace-sharing-multiarm/src/data/8f14d7-hard-vlo-tasks/009440.json"
}