{
    "target_eff_poses": [
        [
            [
                0.4602217674255371,
                -0.5460501909255981,
                0.18471084535121918
            ],
            [
                0.7524184584617615,
                0.416898250579834,
                -0.5015955567359924,
                0.09200166910886765
            ]
        ],
        [
            [
                0.9070631265640259,
                -0.15173429250717163,
                0.6176881790161133
            ],
            [
                0.23502129316329956,
                0.42128095030784607,
                -0.21015328168869019,
                0.8503663539886475
            ]
        ],
        [
            [
                -0.10332290828227997,
                0.15488296747207642,
                0.40948569774627686
            ],
            [
                -0.2406541258096695,
                -0.5656932592391968,
                0.7783075571060181,
                -0.12772716581821442
            ]
        ]
    ],
    "start_goal_config": [
        null,
        null,
        null
    ],
    "start_config": [
        [
            -1.6226312563139265,
            -0.9256425557813505,
            1.1450313248385664,
            -1.882538103519135,
            -1.0012151712957853,
            -3.0456948992659582e-05
        ],
        [
            -3.411051251601666,
            -1.3138330697636709,
            1.1217556719030963,
            -1.8323700803962604,
            -1.5979718523410018,
            4.3150269646042235e-06
        ],
        [
            -4.080282928189243,
            -2.08165964669714,
            1.3317255758128337,
            -1.5516214482293902,
            -2.0551911950141624,
            3.550054920556235e-05
        ]
    ],
    "goal_config": [
        [
            -4.242793545280682,
            -1.384534321662137,
            1.8287742384985057,
            -1.514523463501758,
            -1.895362672395303,
            7.966038645033496e-07
        ],
        [
            -2.3618031076492425,
            -1.6310872075188678,
            1.2117997435810262,
            -1.7155091813140342,
            -1.3042005984868796,
            -1.0998431889420927e-05
        ],
        [
            -3.344847600876408,
            -3.041613186838197,
            2.0773539245498696,
            -0.853170317263916,
            -2.57671394411772,
            1.5650730429813745e-05
        ]
    ],
    "base_poses": [
        [
            [
                0.770334345371186,
                -0.2038891755936011,
                0.0
            ],
            [
                -0.0,
                -0.0,
                0.779762223270874,
                0.626075774295463
            ]
        ],
        [
            [
                0.45858710620585774,
                0.07084100477045774,
                0.0
            ],
            [
                -0.0,
                -0.0,
                0.7210541447935739,
                0.692878719745388
            ]
        ],
        [
            [
                -0.124161747878343,
                0.06680287541880892,
                0.0
            ],
            [
                -0.0,
                -0.0,
                0.6941572911091987,
                0.7198233499963302
            ]
        ]
    ],
    "difficulty": 0.8927866077306499,
    "dynamic_speed": null,
    "ur5_count": 3,
    "id": "009483",
    "task_path": "/home/hqh2101/workspace-sharing-multiarm/src/data/8f14d7-hard-vlo-tasks/009483.json"
}