{
    "target_eff_poses": [
        [
            [
                -0.0407814159989357,
                0.1718815118074417,
                0.4665296673774719
            ],
            [
                -0.1586415320634842,
                0.3599168062210083,
                0.43130460381507874,
                0.8119539022445679
            ]
        ],
        [
            [
                -0.10115374624729156,
                0.616540253162384,
                0.39368167519569397
            ],
            [
                -0.3951665759086609,
                -0.5156387090682983,
                0.6477352380752563,
                -0.39799389243125916
            ]
        ]
    ],
    "start_goal_config": [
        null,
        null
    ],
    "start_config": [
        [
            -3.0788092287574775,
            -1.9094071257903669,
            1.6695283398896343,
            -1.440286055669068,
            -1.5875156588611268,
            8.042402698779493e-06
        ],
        [
            -4.239982261517157,
            -1.8885566402378526,
            1.7909580425788547,
            -1.3933420504987388,
            -1.9586142468360148,
            1.9699006267398037e-05
        ]
    ],
    "goal_config": [
        [
            -2.8738573631036877,
            -3.0851566561254415,
            1.7456439573531735,
            -0.9935797070953992,
            -1.4976521525897362,
            -9.157138000466833e-06
        ],
        [
            -3.0916794092311846,
            -2.8408981721179956,
            2.0320304980247474,
            -0.918481845683553,
            -1.936733971432747,
            1.4000699021760754e-05
        ]
    ],
    "base_poses": [
        [
            [
                0.16160100712939673,
                0.23701462002544216,
                0.0
            ],
            [
                0.0,
                0.0,
                0.9499101366887558,
                -0.3125231706865096
            ]
        ],
        [
            [
                -0.16579053752703587,
                0.6003606557689003,
                0.0
            ],
            [
                -0.0,
                -0.0,
                0.6510650055936016,
                0.7590219749726641
            ]
        ]
    ],
    "difficulty": 0.5863820182450861,
    "dynamic_speed": null
}