{
    "target_eff_poses": [
        [
            [
                0.1613275408744812,
                1.0158791542053223,
                0.28666651248931885
            ],
            [
                -0.26691949367523193,
                0.7058027982711792,
                0.6190058588981628,
                0.21778005361557007
            ]
        ],
        [
            [
                -0.07286740094423294,
                -0.8745455741882324,
                0.22641867399215698
            ],
            [
                0.5438788533210754,
                0.6870850920677185,
                -0.4817401170730591,
                -0.006031815893948078
            ]
        ]
    ],
    "start_goal_config": [
        null,
        null
    ],
    "start_config": [
        [
            -3.2323142789898087,
            -2.35201570119352,
            1.9765003903927536,
            -1.156938701575573,
            -1.7518408390651055,
            9.432780088749853e-06
        ],
        [
            -4.611134288277615,
            -1.875196129008759,
            1.9343454193042784,
            -1.3375319735838438,
            -2.143539880132996,
            2.3578282525321386e-05
        ]
    ],
    "goal_config": [
        [
            -1.2675127414518663,
            -1.174092515149568,
            1.4277241044801456,
            -1.6851489708393719,
            -0.6998544425746682,
            -2.8294939803417627e-05
        ],
        [
            -5.1415688215422435,
            -1.4637780918792433,
            1.9051202221370886,
            -1.4466837187540837,
            -2.4845196683175215,
            2.892173384100723e-05
        ]
    ],
    "base_poses": [
        [
            [
                0.38440967863098874,
                0.39487382308747665,
                0.0
            ],
            [
                0.0,
                0.0,
                0.9902128841036956,
                0.13956519679003507
            ]
        ],
        [
            [
                0.19806785361461277,
                -0.5310631024607272,
                0.0
            ],
            [
                0.0,
                0.0,
                0.9920157286166617,
                0.12611421084538363
            ]
        ]
    ],
    "difficulty": 0.1457358029717077
}