{
    "target_eff_poses": [
        [
            [
                0.024439485743641853,
                -0.6810072660446167,
                0.3134045898914337
            ],
            [
                0.6445673108100891,
                -0.47816726565361023,
                -0.4844297766685486,
                -0.3481622338294983
            ]
        ]
    ],
    "start_goal_config": [
        null
    ],
    "start_config": [
        [
            -2.821012987362593,
            -1.3021911096408818,
            1.0751700676782525,
            -1.8554876270675933,
            -1.4354033161954514,
            -4.819117369726403e-06
        ]
    ],
    "goal_config": [
        [
            -2.669933518444572,
            -2.5520186632894077,
            2.1878957374471892,
            -0.9143035413181345,
            -1.5557070299162294,
            -1.6461462243358617e-06
        ]
    ],
    "base_poses": [
        [
            [
                0.15050750670694468,
                -0.7104753173348932,
                0.0
            ],
            [
                0.0,
                0.0,
                -0.7620965827022272,
                0.6474633569813718
            ]
        ]
    ],
    "difficulty": 0.0
}