{
    "target_eff_poses": [
        [
            [
                -0.0999402403831482,
                0.6664372086524963,
                0.7762234210968018
            ],
            [
                -0.07736378163099289,
                0.17191942036151886,
                0.28172487020492554,
                0.9407920837402344
            ]
        ]
    ],
    "start_goal_config": [
        null
    ],
    "start_config": [
        [
            -5.096318218430684,
            -1.612239246178284,
            2.273726474015237,
            -1.2667453802010358,
            -2.7919574311165984,
            2.230310628005031e-05
        ]
    ],
    "goal_config": [
        [
            -3.0394772632173925,
            -2.433189314318165,
            1.1981487906060984,
            -1.5272307038485355,
            -1.702719364530614,
            1.044368517084935e-05
        ]
    ],
    "base_poses": [
        [
            [
                -0.010383456734867513,
                0.6222312097351825,
                0.0
            ],
            [
                0.0,
                0.0,
                0.9535878881150298,
                -0.30111482799808664
            ]
        ]
    ],
    "difficulty": 0.0
}