{
    "target_eff_poses": [
        [
            [
                0.012048974633216858,
                0.1587727963924408,
                0.30580243468284607
            ],
            [
                0.3303033411502838,
                0.7391611337661743,
                0.164492666721344,
                0.5634559392929077
            ]
        ],
        [
            [
                0.7062621712684631,
                -0.07572436332702637,
                0.6025965809822083
            ],
            [
                0.257319837808609,
                0.44076988101005554,
                -0.20279230177402496,
                0.8356935381889343
            ]
        ],
        [
            [
                -0.774081289768219,
                -0.4473293125629425,
                0.13700240850448608
            ],
            [
                0.934640645980835,
                -0.23910821974277496,
                -0.22725778818130493,
                -0.13277029991149902
            ]
        ],
        [
            [
                -0.9928861856460571,
                0.63223797082901,
                0.23585209250450134
            ],
            [
                0.7650556564331055,
                -0.2309449315071106,
                -0.48025262355804443,
                -0.36154070496559143
            ]
        ]
    ],
    "start_goal_config": [
        null,
        null,
        null,
        null
    ],
    "start_config": [
        [
            -3.1391108001196337,
            -2.899111071147687,
            1.3358002929818833,
            -1.3091686037971613,
            -1.2270589381732868,
            2.1766966840108216e-05
        ],
        [
            -3.2861331331004813,
            -2.2922326717871955,
            1.6007655024120446,
            -1.3699382094273465,
            -1.7328891748285702,
            4.7261589022490395e-06
        ],
        [
            -2.626109299698939,
            -3.167757727555731,
            2.1419890824327794,
            -0.09284879737469125,
            -1.70359277286882,
            4.1340561171328767e-07
        ],
        [
            -1.6816869546725366,
            -1.6829060047699012,
            1.2335989327254508,
            -1.66651048836119,
            -0.8875349969925405,
            -2.681972872728173e-05
        ]
    ],
    "goal_config": [
        [
            -2.1411138096261277,
            -2.7567611543184456,
            2.2780472229519972,
            -0.7759223738016084,
            -0.8665130444115077,
            -4.3995804598489777e-10
        ],
        [
            -2.2866651690270188,
            -1.7017922059606716,
            1.2925600956985905,
            -1.6610943418327364,
            -1.2804332423269817,
            -1.067817107878726e-05
        ],
        [
            -3.5219754707372832,
            -1.7888991641051992,
            2.3907268439792686,
            -1.1344957889966445,
            -1.8490477765969136,
            2.0382724641141938e-05
        ],
        [
            -4.38226370437609,
            -1.321605684574756,
            1.6370604886015732,
            -1.605267423535444,
            -1.9229203323558055,
            2.5412724979582433e-05
        ]
    ],
    "base_poses": [
        [
            [
                -0.027472552991078425,
                -0.030941328495712517,
                0.0
            ],
            [
                -0.0,
                -0.0,
                0.8427959210118985,
                0.5382332538274699
            ]
        ],
        [
            [
                0.2826742078972979,
                0.12895081152851962,
                0.0
            ],
            [
                -0.0,
                -0.0,
                0.6889837840329364,
                0.7247767555183156
            ]
        ],
        [
            [
                -0.6002690794033315,
                -0.5157653795182431,
                0.0
            ],
            [
                0.0,
                0.0,
                -0.19807032026867383,
                0.9801878127321646
            ]
        ],
        [
            [
                -0.6249121699362622,
                0.23885257842956387,
                0.0
            ],
            [
                -0.0,
                -0.0,
                0.15053935340281194,
                0.9886040173280014
            ]
        ]
    ],
    "difficulty": 0.9652026709301232,
    "dynamic_speed": null
}