{
    "target_eff_poses": [
        [
            [
                -0.2464355081319809,
                -0.3297312259674072,
                0.8368700742721558
            ],
            [
                0.049265600740909576,
                0.15598872303962708,
                -0.3857887089252472,
                0.9079688787460327
            ]
        ],
        [
            [
                -0.10497445613145828,
                -0.5813136696815491,
                0.42077741026878357
            ],
            [
                -0.19365492463111877,
                0.6407123804092407,
                0.08150880038738251,
                0.7384725213050842
            ]
        ],
        [
            [
                -0.7648689150810242,
                0.3679180145263672,
                0.3464560806751251
            ],
            [
                0.7231484651565552,
                -0.0014663245528936386,
                -0.6857001185417175,
                0.08288281410932541
            ]
        ]
    ],
    "start_goal_config": [
        null,
        null,
        null
    ],
    "start_config": [
        [
            -4.5629264164121,
            -2.615623388809755,
            2.6096034262569017,
            -0.6702366578132178,
            -3.172580316871627,
            3.233293573829753e-06
        ],
        [
            -1.9503538890992214,
            -2.063982415708315,
            1.571815597367974,
            -1.4382335577401244,
            -0.9724765497119842,
            -2.1972850546004256e-05
        ],
        [
            -3.582470309943283,
            -2.4913859633881756,
            1.62403022228777,
            -1.3050494381809052,
            -2.1857576002933596,
            3.058946833999007e-05
        ]
    ],
    "goal_config": [
        [
            -3.141973812060945,
            -2.209394186053796,
            1.0555395153147027,
            -1.6590917827532488,
            -1.6666855088737407,
            8.301506781977588e-06
        ],
        [
            -3.075991609414212,
            -2.576526361282666,
            1.9770091334127067,
            -1.0754379629418465,
            -1.7543855708224536,
            2.345521655125272e-08
        ],
        [
            -2.7206277295674868,
            -1.465364781261911,
            1.547308837633326,
            -1.6068311365884949,
            -1.4484793337545305,
            -2.4537888169393407e-06
        ]
    ],
    "base_poses": [
        [
            [
                -0.353785715859684,
                -0.36515665923073315,
                0.0
            ],
            [
                0.0,
                0.0,
                0.9381172243362517,
                0.34631787912790013
            ]
        ],
        [
            [
                -0.13796838218028784,
                -0.6882714526522105,
                0.0
            ],
            [
                0.0,
                0.0,
                0.9857662369034034,
                -0.16812175998752565
            ]
        ],
        [
            [
                -0.2589920969672237,
                0.5539141688350595,
                0.0
            ],
            [
                0.0,
                0.0,
                -0.15077544159547354,
                0.9885680382308999
            ]
        ]
    ],
    "difficulty": 0.8358993616222306,
    "dynamic_speed": null
}