{
    "target_eff_poses": [
        [
            [
                0.5792830586433411,
                0.33894583582878113,
                0.1423625946044922
            ],
            [
                -0.2640935778617859,
                0.8247279524803162,
                -0.03100469335913658,
                0.49911630153656006
            ]
        ],
        [
            [
                0.04083852842450142,
                -0.49697360396385193,
                0.16416625678539276
            ],
            [
                0.7094705700874329,
                0.17663773894309998,
                -0.6584686636924744,
                -0.17852097749710083
            ]
        ]
    ],
    "start_goal_config": [
        null,
        null
    ],
    "start_config": [
        [
            -2.7439934205966354,
            -3.2276029603145022,
            1.7722580745742509,
            -0.9057027054681828,
            -2.1598584693968568,
            1.322271063054053e-05
        ],
        [
            -2.9059930517002344,
            -2.4770319653519577,
            1.3796330961845185,
            -1.424081814660952,
            -1.4303172714131895,
            -8.617445163680856e-06
        ]
    ],
    "goal_config": [
        [
            -4.402256361729087,
            -1.2461039114114496,
            1.7734087316897418,
            -1.5746731476090627,
            -1.942723893178109,
            2.5420853443292593e-05
        ],
        [
            -4.802309775385404,
            -0.8891881554295489,
            1.2411527882606448,
            -1.8535892952143267,
            -2.079555502926071,
            3.444640110288425e-05
        ]
    ],
    "base_poses": [
        [
            [
                0.11364229989983166,
                0.1572361877923587,
                0.0
            ],
            [
                0.0,
                0.0,
                -0.728767181456221,
                0.6847615608606804
            ]
        ],
        [
            [
                0.7641813830894348,
                -0.46611944173193476,
                0.0
            ],
            [
                -0.0,
                -0.0,
                0.731147851665813,
                0.6822190403414921
            ]
        ]
    ],
    "difficulty": 0.1575412171789131
}