{
    "target_eff_poses": [
        [
            [
                -0.8253228664398193,
                -0.5770781636238098,
                0.5324440598487854
            ],
            [
                -0.5987845659255981,
                0.10905294120311737,
                0.6695448756217957,
                0.42576301097869873
            ]
        ],
        [
            [
                0.5799347162246704,
                -0.46954941749572754,
                0.2949867248535156
            ],
            [
                0.7356770634651184,
                0.2052059918642044,
                -0.5445942878723145,
                -0.3465355336666107
            ]
        ],
        [
            [
                0.13038228452205658,
                -0.8044584393501282,
                0.4528815746307373
            ],
            [
                -0.5872780680656433,
                0.07289692759513855,
                0.7019991874694824,
                0.3962166905403137
            ]
        ],
        [
            [
                -0.22115415334701538,
                -0.25568029284477234,
                0.1636420041322708
            ],
            [
                0.5199761986732483,
                0.734261691570282,
                -0.27233555912971497,
                0.3410540521144867
            ]
        ]
    ],
    "start_goal_config": [
        null,
        null,
        null,
        null
    ],
    "start_config": [
        [
            -3.0818060517325265,
            -2.180539352022358,
            1.7388598430738915,
            -1.333843130501571,
            -1.626722740263797,
            7.62668350062425e-06
        ],
        [
            -3.032188106920895,
            -1.8190927088581301,
            1.3298476165431037,
            -1.6197024156172353,
            -1.5391495631867984,
            5.803161260186603e-06
        ],
        [
            -2.908931580007442,
            -2.552118090658296,
            1.26489921870535,
            -1.4602952191469167,
            -2.255144287023886,
            2.9736765404469536e-05
        ],
        [
            -3.9870132228197064,
            -2.1723146342813426,
            1.3512833683265484,
            -1.5194007155519915,
            -2.1278568157962483,
            3.597896886947948e-05
        ]
    ],
    "goal_config": [
        [
            -4.129075313357504,
            -2.0167005235373145,
            1.6198108285580075,
            -1.4360153253520391,
            -1.9570524106851326,
            2.8039644635711483e-05
        ],
        [
            -3.0848491366765924,
            -3.215324567813729,
            2.1737574283611734,
            -0.3617864602411981,
            -2.4095141540375797,
            1.1474526041381378e-06
        ],
        [
            -3.187910275939329,
            -2.753154982621629,
            1.92448449498548,
            -1.0463739079635264,
            -1.9611454785519717,
            1.2970047938936137e-05
        ],
        [
            -3.243639617648897,
            -1.5002697074341362,
            2.0028467087011586,
            -1.4058629784431163,
            -1.6284368784948582,
            1.2279051867522705e-05
        ]
    ],
    "base_poses": [
        [
            [
                -0.5634418611613466,
                -0.7373719585253591,
                0.0
            ],
            [
                -0.0,
                -0.0,
                0.12018946138837923,
                0.9927509724856336
            ]
        ],
        [
            [
                0.4429211379128888,
                -0.41494527334047293,
                0.0
            ],
            [
                0.0,
                0.0,
                -0.17480688674387915,
                0.9846027383401452
            ]
        ],
        [
            [
                0.16435733566392885,
                -0.7553515736537204,
                0.0
            ],
            [
                0.0,
                0.0,
                -0.2912209257593354,
                0.9566558275575786
            ]
        ],
        [
            [
                -0.4207279479589495,
                0.06943621854787363,
                0.0
            ],
            [
                -0.0,
                -0.0,
                0.8287217822441677,
                0.5596607969422642
            ]
        ]
    ],
    "difficulty": 0.8355881247651259,
    "dynamic_speed": null
}