{
    "target_eff_poses": [
        [
            [
                0.46550074219703674,
                0.09020058065652847,
                0.3645291328430176
            ],
            [
                0.2878115475177765,
                0.6677625179290771,
                -0.030759992077946663,
                0.6857926845550537
            ]
        ],
        [
            [
                -0.3954600989818573,
                0.4732530117034912,
                0.519734263420105
            ],
            [
                -0.3964427709579468,
                0.08254817128181458,
                0.8740350604057312,
                0.26848021149635315
            ]
        ],
        [
            [
                -0.1305437982082367,
                -0.4591367244720459,
                0.32132214307785034
            ],
            [
                0.7160674333572388,
                -0.40750399231910706,
                -0.28645095229148865,
                -0.48901310563087463
            ]
        ]
    ],
    "start_goal_config": [
        null,
        null,
        null
    ],
    "start_config": [
        [
            -1.8152059201360018,
            -0.7053323859494687,
            1.0796078623029597,
            -1.9631767465931338,
            -1.0858131532213489,
            -2.7389470297223902e-05
        ],
        [
            -4.092080949585625,
            -1.5945303705520935,
            1.5166639521482337,
            -1.5877837308594225,
            -1.8392482984910732,
            2.8612696724095606e-05
        ],
        [
            -4.838328873051088,
            -1.1440036862816643,
            1.4272385446755318,
            -1.721221693169374,
            -2.122652941316071,
            -1.189758536947633e-05
        ]
    ],
    "goal_config": [
        [
            -2.003241522944917,
            -1.534114314904608,
            1.5915953357764097,
            -1.5707524947966807,
            -1.2086719078774213,
            -2.0689633062456536e-05
        ],
        [
            -2.8944248977394382,
            -2.9115056456741017,
            1.7093776687340019,
            -1.1056256539509106,
            -1.663532191563507,
            -1.0271448646930208e-08
        ],
        [
            -4.160996714547028,
            -2.172201197248829,
            2.1193408553989634,
            -1.1522069278287888,
            -2.0943169146173792,
            1.2403723088544927e-05
        ]
    ],
    "base_poses": [
        [
            [
                -0.04731637074267192,
                0.1665406232321207,
                0.0
            ],
            [
                -0.0,
                -0.0,
                0.7002338928132147,
                0.7139135069149842
            ]
        ],
        [
            [
                -0.4496776272462297,
                0.6139652438764489,
                0.0
            ],
            [
                0.0,
                0.0,
                -0.3664964446760032,
                0.9304194516667466
            ]
        ],
        [
            [
                -0.08389129466631773,
                -0.6579296808938783,
                0.0
            ],
            [
                0.0,
                0.0,
                -0.2661849558813713,
                0.963921972600704
            ]
        ]
    ],
    "difficulty": 0.7561365560048904,
    "dynamic_speed": null
}