{
    "target_eff_poses": [
        [
            [
                0.15703481435775757,
                0.9352777600288391,
                0.13037249445915222
            ],
            [
                0.7913110852241516,
                -0.46921396255493164,
                -0.37711209058761597,
                -0.10701169818639755
            ]
        ],
        [
            [
                -0.569440484046936,
                -0.3726736903190613,
                0.14797796308994293
            ],
            [
                0.8930843472480774,
                -0.346883088350296,
                -0.28490889072418213,
                -0.029989534988999367
            ]
        ],
        [
            [
                -0.1668728142976761,
                -0.547126293182373,
                0.4603276252746582
            ],
            [
                0.6616986989974976,
                -0.1952856332063675,
                -0.6457201838493347,
                0.3272060751914978
            ]
        ]
    ],
    "start_goal_config": [
        null,
        null,
        null
    ],
    "start_config": [
        [
            -2.634718445602264,
            -3.1637269873111618,
            2.0672847277328583,
            -0.4446054441351195,
            -1.5447524894740763,
            -3.7904057827437506e-06
        ],
        [
            -4.563212704353459,
            -1.3883580445156762,
            1.3841615183760445,
            -1.6880507466489434,
            -1.9904556841223062,
            3.467562819221915e-05
        ],
        [
            -3.30055445086609,
            -2.576367017978279,
            2.221607868593738,
            -0.8785761442409019,
            -1.9476389463963237,
            6.422268254768551e-13
        ]
    ],
    "goal_config": [
        [
            -2.285429727292426,
            -1.4518488114410928,
            2.0614523177370283,
            -1.4152108669013919,
            -1.3120812594270739,
            -1.2912795566763154e-05
        ],
        [
            -2.3583674924455025,
            -1.8630325311190294,
            2.3986310320033257,
            -1.1167062078985355,
            -1.3051947847481298,
            -1.467935219140231e-11
        ],
        [
            -1.490282980913469,
            -1.6737657030247184,
            1.5758360764683788,
            -1.5209064461030304,
            -0.8147974704242494,
            -2.1902535596085167e-05
        ]
    ],
    "base_poses": [
        [
            [
                0.5034672598448717,
                0.777014309279721,
                0.0
            ],
            [
                0.0,
                0.0,
                -0.7405923403046972,
                0.6719546007596134
            ]
        ],
        [
            [
                -0.3598428241121056,
                -0.3194179041792808,
                0.0
            ],
            [
                0.0,
                0.0,
                -0.588568685363047,
                0.8084472169597806
            ]
        ],
        [
            [
                0.23563039586849865,
                -0.2713787521133061,
                0.0
            ],
            [
                0.0,
                0.0,
                -0.6703233153453242,
                0.7420691698921692
            ]
        ]
    ],
    "difficulty": 0.6303018903413901,
    "dynamic_speed": null
}