{
    "target_eff_poses": [
        [
            [
                -0.4828697741031647,
                -0.20282606780529022,
                0.27724921703338623
            ],
            [
                -0.1410810798406601,
                0.8322476148605347,
                0.15129664540290833,
                0.5143630504608154
            ]
        ]
    ],
    "start_goal_config": [
        null
    ],
    "start_config": [
        [
            -2.1392374687468263,
            -1.391161314580167,
            1.6088675766569298,
            -1.600471261595,
            -1.2631855996332189,
            -1.7153781908755465e-05
        ]
    ],
    "goal_config": [
        [
            -2.5740763505053335,
            -1.872341040900041,
            2.0275837468590714,
            -1.2869879077447075,
            -1.452642874821147,
            1.688167571810749e-07
        ]
    ],
    "base_poses": [
        [
            [
                -0.6907975394826457,
                -0.44279836874113665,
                0.0
            ],
            [
                0.0,
                0.0,
                0.9983896183344911,
                0.056728916805357195
            ]
        ]
    ],
    "difficulty": 0.0,
    "dynamic_speed": null
}