{
    "target_eff_poses": [
        [
            [
                -0.6176357269287109,
                -0.49206310510635376,
                0.36643344163894653
            ],
            [
                -0.49182987213134766,
                -0.5362815856933594,
                0.6478098630905151,
                -0.22549447417259216
            ]
        ],
        [
            [
                1.191329002380371,
                0.46621859073638916,
                0.4068932831287384
            ],
            [
                -0.08334195613861084,
                0.6133208870887756,
                -0.021372418850660324,
                0.7851336002349854
            ]
        ]
    ],
    "start_goal_config": [
        null,
        null
    ],
    "start_config": [
        [
            -3.58826753454232,
            -2.23690162965583,
            1.160734735362403,
            -1.5921658268213257,
            -2.3596471371166836,
            3.787253575362514e-05
        ],
        [
            -2.1306881793799644,
            -2.075980055314251,
            1.3955888994454617,
            -1.5164158274367994,
            -1.0078403015253867,
            -2.5703307637397982e-05
        ]
    ],
    "goal_config": [
        [
            -3.4028918873202065,
            -2.702600001126196,
            2.117900631330425,
            -0.927069742025493,
            -2.064433424102743,
            7.22036613249411e-06
        ],
        [
            -3.8778818718949184,
            -1.2871813499027556,
            1.2557612383389933,
            -1.775339663682435,
            -1.7330735695955362,
            1.4029735703140974e-05
        ]
    ],
    "base_poses": [
        [
            [
                -0.6493706143142263,
                -0.44557426075743756,
                0.0
            ],
            [
                -0.0,
                -0.0,
                0.6536833731279522,
                0.7567681598059358
            ]
        ],
        [
            [
                0.5714937099701858,
                0.31044189759549856,
                0.0
            ],
            [
                0.0,
                0.0,
                0.9122413174422931,
                -0.4096532420854856
            ]
        ]
    ],
    "difficulty": 0.03551963916557038
}