{
    "target_eff_poses": [
        [
            [
                0.2740183472633362,
                -0.26642733812332153,
                0.21444550156593323
            ],
            [
                0.8423374891281128,
                -0.2958737015724182,
                -0.4346023499965668,
                -0.1185208112001419
            ]
        ]
    ],
    "start_goal_config": [
        null
    ],
    "start_config": [
        [
            -2.1471819534414376,
            -2.2126661287503397,
            2.1501329910289315,
            -1.1185888225255392,
            -1.2194269295697655,
            -1.4089713297591525e-05
        ]
    ],
    "goal_config": [
        [
            -2.7117872914235925,
            -1.7813213693565213,
            2.1185779613381053,
            -1.2718470437330183,
            -1.4992403255958162,
            3.2348303658023247e-06
        ]
    ],
    "base_poses": [
        [
            [
                0.5720998836325735,
                -0.32821360975732716,
                0.0
            ],
            [
                0.0,
                0.0,
                -0.4942000518126107,
                0.8693482091707632
            ]
        ]
    ],
    "difficulty": 0.0
}