{
    "target_eff_poses": [
        [
            [
                -0.7962768077850342,
                -0.1208651140332222,
                0.438302218914032
            ],
            [
                -0.3051671087741852,
                0.5048770308494568,
                0.08096087723970413,
                0.8033788204193115
            ]
        ],
        [
            [
                -0.7028221487998962,
                -0.2732219994068146,
                0.10963885486125946
            ],
            [
                0.856195330619812,
                0.13778750598430634,
                -0.3135782480239868,
                -0.3867981433868408
            ]
        ],
        [
            [
                0.5049628019332886,
                -0.7007321715354919,
                0.22782841324806213
            ],
            [
                0.6403934359550476,
                0.3507034480571747,
                -0.3659956753253937,
                0.5770186185836792
            ]
        ]
    ],
    "start_goal_config": [
        null,
        null,
        null
    ],
    "start_config": [
        [
            -2.4853284825370565,
            -1.80002408441757,
            1.153582329267212,
            -1.7049608353439434,
            -1.3185052006678994,
            -7.355262591869567e-06
        ],
        [
            -4.922535017484757,
            -1.104046313734405,
            1.6718296298245838,
            -1.6454417717019867,
            -2.215662968180245,
            3.089963262679787e-05
        ],
        [
            -1.7853660415630177,
            -2.2456201040610546,
            2.1799875442311203,
            -1.1149416116258553,
            -0.8006216739862182,
            -1.474895879759113e-05
        ]
    ],
    "goal_config": [
        [
            -3.1528735455002685,
            -2.83312249290505,
            1.9494988052881403,
            -0.9960028866456375,
            -2.0140367106153167,
            4.936563130270766e-11
        ],
        [
            -5.257166084906333,
            -0.9629683461311599,
            1.5730494807749424,
            -1.6524980702244707,
            -2.6199130776891746,
            2.9753835211424918e-05
        ],
        [
            -1.7325928409343838,
            -1.0484064301469678,
            1.332196222834468,
            -1.7883314657627134,
            -1.0662793336424263,
            -2.4880443175276254e-05
        ]
    ],
    "base_poses": [
        [
            [
                -0.7400254242127705,
                -0.1453997301964426,
                0.0
            ],
            [
                0.0,
                0.0,
                0.9467860955492929,
                -0.32186346371485725
            ]
        ],
        [
            [
                -0.24818592845706233,
                -0.6848457651391402,
                0.0
            ],
            [
                -0.0,
                -0.0,
                0.6386898816656242,
                0.7694642519688298
            ]
        ],
        [
            [
                0.3766961459414264,
                -0.015560662613350318,
                0.0
            ],
            [
                -0.0,
                -0.0,
                0.048756861991225635,
                0.9988106769597372
            ]
        ]
    ],
    "difficulty": 0.5609435203458322,
    "dynamic_speed": null,
    "ur5_count": 3,
    "id": "009617",
    "task_path": "/home/huy/programming/projects/workspace-sharing-multiarm/src/data/8f14d7-hard-vlo-tasks/009617.json"
}