{
    "target_eff_poses": [
        [
            [
                -1.1132947206497192,
                -0.7008402347564697,
                0.5607278943061829
            ],
            [
                -0.5319558382034302,
                -0.05314430594444275,
                0.844689667224884,
                -0.026421887800097466
            ]
        ],
        [
            [
                0.018450086936354637,
                0.6135953068733215,
                0.729256272315979
            ],
            [
                -0.15013669431209564,
                0.3350808024406433,
                0.0906052365899086,
                0.9257270097732544
            ]
        ]
    ],
    "start_goal_config": [
        null,
        null
    ],
    "start_config": [
        [
            -3.1996619377493287,
            -2.742577429121505,
            1.8526402127826995,
            -1.0974258980966198,
            -1.9970669849498406,
            1.9294862547241255e-05
        ],
        [
            -3.689322996490013,
            -2.684256977348004,
            2.092422050834487,
            -0.9836956588685408,
            -2.2728063539848393,
            -2.200055410308602e-05
        ]
    ],
    "goal_config": [
        [
            -3.4464742658833667,
            -1.6020028047269264,
            1.2819164409500707,
            -1.6934261820688097,
            -1.6391055262848018,
            1.1735345836059638e-05
        ],
        [
            -3.7761326709258443,
            -2.070351930498271,
            1.2677489213199655,
            -1.5870311385652103,
            -1.8945018743112725,
            2.8934361576086073e-05
        ]
    ],
    "base_poses": [
        [
            [
                -0.6305022626286324,
                -0.5361595051168808,
                0.0
            ],
            [
                -0.0,
                -0.0,
                0.21614925716242123,
                0.9763603323712683
            ]
        ],
        [
            [
                -0.14212585784768506,
                0.44382742557947874,
                0.0
            ],
            [
                0.0,
                0.0,
                -0.8382708880944455,
                0.5452539941837651
            ]
        ]
    ],
    "difficulty": 0.17064461567374553,
    "dynamic_speed": null,
    "ur5_count": 2,
    "id": "009637",
    "task_path": "/home/hqh2101/workspace-sharing-multiarm/src/data/8f14d7-hard-vlo-tasks/009637.json"
}