{
    "target_eff_poses": [
        [
            [
                -0.08003094792366028,
                0.5788534283638,
                0.724102258682251
            ],
            [
                -0.11864226311445236,
                0.1994895190000534,
                0.6178231239318848,
                0.7512806057929993
            ]
        ],
        [
            [
                -0.007085164077579975,
                -0.18829810619354248,
                0.7874594926834106
            ],
            [
                -0.2893790304660797,
                0.037221379578113556,
                0.22806063294410706,
                0.9289039969444275
            ]
        ],
        [
            [
                0.7072504758834839,
                0.32899755239486694,
                0.7169754505157471
            ],
            [
                -0.18854297697544098,
                0.22386185824871063,
                0.19339460134506226,
                0.9364485740661621
            ]
        ],
        [
            [
                0.0641574114561081,
                0.046840935945510864,
                0.24299365282058716
            ],
            [
                -0.298042356967926,
                0.7272157669067383,
                0.23537127673625946,
                0.5717763304710388
            ]
        ]
    ],
    "start_goal_config": [
        null,
        null,
        null,
        null
    ],
    "start_config": [
        [
            -3.982383942812226,
            -1.2924777497132245,
            1.7763317928119402,
            -1.5569536351664266,
            -1.7992588117065405,
            2.295447535413567e-05
        ],
        [
            -3.248383476404235,
            -1.8914440927628495,
            1.7545245212563025,
            -1.4059404674799176,
            -1.642378313090924,
            1.1381765514401307e-05
        ],
        [
            -2.65186490559579,
            -3.0794973183504024,
            1.6384265241344138,
            -1.1008815204564413,
            -2.481886499569458,
            -2.4727826088794293e-05
        ],
        [
            -2.2248639010915707,
            -2.058514521799995,
            2.1562665752576766,
            -1.1683429826175629,
            -1.2909150017262792,
            2.1308772409425167e-06
        ]
    ],
    "goal_config": [
        [
            -2.971211489995221,
            -2.54689218241565,
            1.3114022433427162,
            -1.4376201111320748,
            -1.4190820507867574,
            -1.1470599267217027e-05
        ],
        [
            -3.535858067763581,
            -2.3370688507716806,
            1.2898528566931438,
            -1.502207946038103,
            -2.772932768384749,
            3.1397504735615585e-05
        ],
        [
            -3.2078028485830496,
            -2.4801970297902916,
            1.3645005936791534,
            -1.431821722625119,
            -2.0671414658723757,
            2.7982487451207488e-05
        ],
        [
            -3.186501442316227,
            -1.323142978992105,
            1.6062599393486614,
            -1.6163402961944708,
            -1.5692484994130633,
            6.338616814168674e-09
        ]
    ],
    "base_poses": [
        [
            [
                0.06336935838217406,
                0.5968425757984306,
                0.0
            ],
            [
                0.0,
                0.0,
                -0.8642301938697863,
                0.503096583176423
            ]
        ],
        [
            [
                -0.019900401210343532,
                -0.182807801583162,
                0.0
            ],
            [
                0.0,
                0.0,
                -0.5071198956081336,
                0.861875519711748
            ]
        ],
        [
            [
                0.7538067662418146,
                0.31175683907160323,
                0.0
            ],
            [
                0.0,
                0.0,
                0.8847040692684168,
                -0.4661530969755584
            ]
        ],
        [
            [
                -0.2446471069357833,
                -0.4120602860056904,
                0.0
            ],
            [
                0.0,
                0.0,
                0.9162461348296743,
                -0.4006158014977471
            ]
        ]
    ],
    "difficulty": 0.5778546712802768
}