{
    "target_eff_poses": [
        [
            [
                0.08151600509881973,
                0.8147820234298706,
                0.4047788977622986
            ],
            [
                -0.4625975787639618,
                0.5421844720840454,
                0.28720688819885254,
                0.6399621963500977
            ]
        ],
        [
            [
                0.25479862093925476,
                -0.9754800200462341,
                0.27139368653297424
            ],
            [
                0.6917905807495117,
                0.31727734208106995,
                -0.14925378561019897,
                0.6312560439109802
            ]
        ],
        [
            [
                0.7567822933197021,
                0.31602489948272705,
                0.6967690587043762
            ],
            [
                -0.16094979643821716,
                -0.15025018155574799,
                0.8582577109336853,
                -0.46358802914619446
            ]
        ]
    ],
    "start_goal_config": [
        null,
        null,
        null
    ],
    "start_config": [
        [
            -2.954505625204104,
            -3.229112217543437,
            0.9123887751050016,
            -1.3147803340371542,
            -1.5342120041342888,
            1.6140505583663963e-06
        ],
        [
            -2.9550464252027635,
            -2.786166302264497,
            1.7155468288669116,
            -1.153780907931858,
            -1.7467020634706183,
            1.3548613764451936e-05
        ],
        [
            -2.902708076431916,
            -2.4370618094960843,
            1.112391045903521,
            -1.5669985619352673,
            -2.3273982188411395,
            3.573402273753292e-05
        ]
    ],
    "goal_config": [
        [
            -3.385157694071183,
            -2.43627255926471,
            1.9982644216376109,
            -1.116858845333841,
            -1.8553059442617834,
            2.2249743548620505e-05
        ],
        [
            -1.2355078679400775,
            -1.1340141465616433,
            1.4154569815298161,
            -1.6930702600968845,
            -0.6621870963166275,
            -2.4430302493496897e-05
        ],
        [
            -2.9266477281577568,
            -2.6597663957152973,
            1.3474546183885368,
            -1.3852727851735733,
            -1.8266194036409578,
            2.130280785342061e-05
        ]
    ],
    "base_poses": [
        [
            [
                0.09395304710848174,
                0.6713626434834337,
                0.0
            ],
            [
                0.0,
                0.0,
                -0.773853694753815,
                0.6333643967858228
            ]
        ],
        [
            [
                -0.07801409145157356,
                -0.39212295406515135,
                0.0
            ],
            [
                0.0,
                0.0,
                -0.06868086871149442,
                0.9976386812233348
            ]
        ],
        [
            [
                0.6455752518649305,
                0.22459102243338047,
                0.0
            ],
            [
                -0.0,
                -0.0,
                0.49313602539384976,
                0.8699522173422839
            ]
        ]
    ],
    "difficulty": 0.5444371296905859,
    "dynamic_speed": null,
    "ur5_count": 3,
    "id": "009796",
    "task_path": "/home/hqh2101/workspace-sharing-multiarm/src/data/8f14d7-hard-vlo-tasks/009796.json"
}