{
    "target_eff_poses": [
        [
            [
                0.17284269630908966,
                0.28963378071784973,
                0.3751276731491089
            ],
            [
                0.13183756172657013,
                0.7162414789199829,
                -0.31164830923080444,
                0.6103214621543884
            ]
        ],
        [
            [
                0.41684943437576294,
                0.37066254019737244,
                0.26503223180770874
            ],
            [
                -0.6132797002792358,
                0.472383052110672,
                0.23420995473861694,
                0.5881224274635315
            ]
        ]
    ],
    "start_goal_config": [
        null,
        null
    ],
    "start_config": [
        [
            -1.8211197468258435,
            -1.8187054852705486,
            1.3287610334711573,
            -1.6019323124322142,
            -0.95900188276505,
            -2.2492246134793307e-05
        ],
        [
            -2.755198610219374,
            -2.9480826533043514,
            2.179718465854485,
            -0.5880341526051477,
            -1.7443485576720614,
            1.8088663914631975e-06
        ]
    ],
    "goal_config": [
        [
            -3.229694612688473,
            -2.578288927462313,
            2.0752030116827087,
            -1.006906806522665,
            -1.8608805585087533,
            1.9642680014249243e-10
        ],
        [
            -4.78581270857756,
            -1.2886455885420225,
            1.5568659217419614,
            -1.6391563269173688,
            -2.106264456683544,
            3.230037025518392e-05
        ]
    ],
    "base_poses": [
        [
            [
                0.07253519350513282,
                0.27586002318214686,
                0.0
            ],
            [
                0.0,
                0.0,
                0.960215857305649,
                0.2792588537160061
            ]
        ],
        [
            [
                0.30275989740040044,
                -0.18651424495190005,
                0.0
            ],
            [
                0.0,
                0.0,
                -0.10177641124757915,
                0.9948072989848655
            ]
        ]
    ],
    "difficulty": 0.5638107777673281,
    "dynamic_speed": null
}