{
    "target_eff_poses": [
        [
            [
                0.14570918679237366,
                -0.6588097214698792,
                0.22548025846481323
            ],
            [
                -0.03437305614352226,
                0.8933432698249817,
                -0.1928558200597763,
                0.4044291377067566
            ]
        ],
        [
            [
                -0.11180733144283295,
                0.3589189946651459,
                0.6995785236358643
            ],
            [
                -0.3848414421081543,
                -0.06755127012729645,
                0.8843551874160767,
                -0.2554405629634857
            ]
        ],
        [
            [
                0.06790128350257874,
                0.1515633910894394,
                0.5752776861190796
            ],
            [
                -0.48527324199676514,
                0.2543749213218689,
                0.739831268787384,
                0.3904522955417633
            ]
        ],
        [
            [
                0.9710447192192078,
                0.7701224684715271,
                0.36746034026145935
            ],
            [
                -0.17816497385501862,
                0.7460241317749023,
                0.13972248136997223,
                0.6262451410293579
            ]
        ]
    ],
    "start_goal_config": [
        null,
        null,
        null,
        null
    ],
    "start_config": [
        [
            -3.9067853775049337,
            -1.5846828917870424,
            1.080714849434056,
            -1.78981434426919,
            -1.7716479094545605,
            1.6443204149844902e-05
        ],
        [
            -4.554496126678288,
            -1.3008525654624765,
            1.955513039115158,
            -1.499933086154144,
            -2.0454085368149624,
            -1.09102597268336e-07
        ],
        [
            -5.003257347359567,
            -1.6108304153366981,
            1.3093732306303796,
            -1.6316880990666436,
            -2.3746314106957573,
            3.5375094245403995e-05
        ],
        [
            -2.961601164900613,
            -3.047074744569608,
            0.9041922483357181,
            -1.4540671567310086,
            -1.5790467198214524,
            -6.126055827708171e-07
        ]
    ],
    "goal_config": [
        [
            -4.323257699491368,
            -1.8207156410370824,
            2.149392009798562,
            -1.2578512259005945,
            -2.0542054094212263,
            2.000090768622245e-05
        ],
        [
            -2.875719789986554,
            -1.686875812737216,
            1.1052271678796564,
            -1.7571051776875224,
            -1.4633656961603105,
            -5.978071285317215e-18
        ],
        [
            -3.111291112724138,
            -1.8485973118182428,
            1.4319038592517157,
            -1.5651903631056354,
            -1.573593130023531,
            1.6737412188989376e-06
        ],
        [
            -2.9490280007089127,
            -2.0448467338993708,
            1.93032120832361,
            -1.2787505493762472,
            -1.5857084663940995,
            -9.544637414590422e-12
        ]
    ],
    "base_poses": [
        [
            [
                -0.1243819875552088,
                -0.5955953726536694,
                0.0
            ],
            [
                0.0,
                0.0,
                0.9258225217659486,
                -0.3779585403069227
            ]
        ],
        [
            [
                0.22611145721198644,
                0.661247777521291,
                0.0
            ],
            [
                -0.0,
                -0.0,
                0.09439801916472798,
                0.9955345368081289
            ]
        ],
        [
            [
                0.37332967310280507,
                -0.1006110763237521,
                0.0
            ],
            [
                0.0,
                0.0,
                -0.47886286613461015,
                0.8778897171270127
            ]
        ],
        [
            [
                0.7791065124309229,
                0.5571772039981004,
                0.0
            ],
            [
                0.0,
                0.0,
                0.9914722183608887,
                -0.13031822673186716
            ]
        ]
    ],
    "difficulty": 0.8161384369415969,
    "dynamic_speed": null
}