{
    "target_eff_poses": [
        [
            [
                -0.2779485881328583,
                1.3180934190750122,
                0.35629910230636597
            ],
            [
                -0.31182533502578735,
                0.5614627003669739,
                0.6525284051895142,
                0.40215829014778137
            ]
        ],
        [
            [
                -0.2475714534521103,
                -1.0511386394500732,
                0.3761138319969177
            ],
            [
                0.4190656244754791,
                0.6583958268165588,
                -0.5876840353012085,
                0.21336916089057922
            ]
        ],
        [
            [
                1.0410655736923218,
                0.3290128707885742,
                0.2607770264148712
            ],
            [
                0.30273815989494324,
                0.8082994818687439,
                -0.03631030023097992,
                0.5036700367927551
            ]
        ],
        [
            [
                -0.19397477805614471,
                0.37489548325538635,
                0.1627262681722641
            ],
            [
                0.9161294102668762,
                0.1763073354959488,
                -0.20174838602542877,
                -0.298194944858551
            ]
        ]
    ],
    "start_goal_config": [
        null,
        null,
        null,
        null
    ],
    "start_config": [
        [
            -2.875488545021572,
            -2.942632813501089,
            2.152755267621308,
            -0.6664145845514214,
            -1.8480526554793182,
            3.5149854289027303e-06
        ],
        [
            -3.767424589450475,
            -2.45585760690414,
            1.9723802514181186,
            -1.13545202847034,
            -2.0654374991971145,
            1.9448336310175967e-05
        ],
        [
            -3.4672134322877555,
            -2.6456818496442196,
            1.7675890388440347,
            -1.188256842176784,
            -2.2655579296540247,
            1.986232136536927e-05
        ],
        [
            -2.642840058356906,
            -2.2116243485206515,
            1.1723760860874894,
            -1.595123196256085,
            -1.1116172359667118,
            -2.9542115586630598e-05
        ]
    ],
    "goal_config": [
        [
            -1.7204394919044639,
            -1.1471402858041533,
            1.2115397190145585,
            -1.8111386149906243,
            -1.059285237754324,
            -2.458754270604259e-05
        ],
        [
            -4.555955179886105,
            -2.0858420877992487,
            1.9880397081527645,
            -1.2530047660457755,
            -2.226496313086634,
            2.7547054155801218e-05
        ],
        [
            -2.192821752124932,
            -1.915079149335919,
            2.103198647479265,
            -1.2468266350621693,
            -1.2844046692390991,
            -1.1023171675747468e-05
        ],
        [
            -5.242470426827106,
            -1.3900552170222944,
            2.048491013682792,
            -1.3950175485519343,
            -2.736882077923208,
            2.3086772319233014e-05
        ]
    ],
    "base_poses": [
        [
            [
                -0.13615362817514376,
                0.6317704269003608,
                0.0
            ],
            [
                0.0,
                0.0,
                0.9986414874513657,
                -0.05210738470623693
            ]
        ],
        [
            [
                -0.22235032151545653,
                -0.7997120056148079,
                0.0
            ],
            [
                0.0,
                0.0,
                0.9824765226997392,
                0.18638637917999518
            ]
        ],
        [
            [
                0.7409288213912084,
                0.3062778847252188,
                0.0
            ],
            [
                -0.0,
                -0.0,
                0.7715277650807435,
                0.6361956520674383
            ]
        ],
        [
            [
                0.09012561385826101,
                0.07590591575689365,
                0.0
            ],
            [
                -0.0,
                -0.0,
                0.6111569026125412,
                0.7915094695510881
            ]
        ]
    ],
    "difficulty": 0.9110316937835042,
    "dynamic_speed": null
}