{
    "target_eff_poses": [
        [
            [
                0.19813738763332367,
                0.45977726578712463,
                0.2776353657245636
            ],
            [
                0.004091157577931881,
                0.8576633334159851,
                -0.22645805776119232,
                0.4616422951221466
            ]
        ]
    ],
    "start_goal_config": [
        null
    ],
    "start_config": [
        [
            -3.610254840611603,
            -2.4845726113986086,
            2.29065055033446,
            -0.8789151732509018,
            -2.094140851060362,
            -1.7592996682619876e-05
        ]
    ],
    "goal_config": [
        [
            -3.363207533978362,
            -2.5718258419526707,
            2.295539930919622,
            -0.8038504742820077,
            -2.022082148556387,
            4.423078173719493e-06
        ]
    ],
    "base_poses": [
        [
            [
                0.13193387017000957,
                0.4340827643499394,
                0.0
            ],
            [
                0.0,
                0.0,
                0.9928559164797119,
                0.11931944146379182
            ]
        ]
    ],
    "difficulty": 0.0
}