{
    "target_eff_poses": [
        [
            [
                0.36698201298713684,
                0.652195394039154,
                0.4082946479320526
            ],
            [
                -0.5025609731674194,
                -0.4392761290073395,
                0.595188319683075,
                -0.44745925068855286
            ]
        ],
        [
            [
                0.46650901436805725,
                -0.5487747192382812,
                0.4572767913341522
            ],
            [
                0.31862422823905945,
                0.5826523900032043,
                -0.37145283818244934,
                0.6488586664199829
            ]
        ],
        [
            [
                0.8556088209152222,
                -0.38412871956825256,
                0.7315650582313538
            ],
            [
                -0.08581646531820297,
                0.38455697894096375,
                -0.4557127058506012,
                0.7981712818145752
            ]
        ]
    ],
    "start_goal_config": [
        null,
        null,
        null
    ],
    "start_config": [
        [
            -3.86526557355275,
            -1.2334999983360122,
            1.815416011710473,
            -1.557045271261268,
            -1.7659199051458108,
            1.5460877447131173e-05
        ],
        [
            -3.9278319975330205,
            -2.058318194451763,
            1.5650020036946477,
            -1.4505501428844398,
            -1.8972275852870135,
            1.143338362937593e-05
        ],
        [
            -2.2599289841414945,
            -1.986678377567835,
            1.4035744000773807,
            -1.5399587869529396,
            -1.2165786859504137,
            -1.876046571635539e-05
        ]
    ],
    "goal_config": [
        [
            -2.8648250622116564,
            -2.653721499426961,
            2.0001972835032618,
            -1.0264251451807491,
            -1.644454063977809,
            3.3930054179387383e-06
        ],
        [
            -3.151625438954871,
            -1.7711874051242777,
            1.5930065269407188,
            -1.5108802792696674,
            -1.5903056389965322,
            1.1311049941051098e-06
        ],
        [
            -4.345665572152799,
            -2.0607191220283347,
            1.2952643954712304,
            -1.566120225632089,
            -2.309161924242476,
            3.455391228904425e-05
        ]
    ],
    "base_poses": [
        [
            [
                0.2786663829913065,
                0.7160113243735775,
                0.0
            ],
            [
                -0.0,
                -0.0,
                0.5167882971043491,
                0.8561132261424227
            ]
        ],
        [
            [
                0.16078487079365567,
                -0.25444696608831385,
                0.0
            ],
            [
                0.0,
                0.0,
                0.8750969658527442,
                0.4839476214998078
            ]
        ],
        [
            [
                0.6412021784232023,
                -0.3406517198333543,
                0.0
            ],
            [
                0.0,
                0.0,
                0.8993820465392817,
                -0.43716350987109315
            ]
        ]
    ],
    "difficulty": 0.6889871155835606
}