{
    "target_eff_poses": [
        [
            [
                0.4135192036628723,
                -0.1841619312763214,
                0.7003567814826965
            ],
            [
                -0.21989555656909943,
                0.22899526357650757,
                0.28655415773391724,
                0.9039324522018433
            ]
        ]
    ],
    "start_goal_config": [
        null
    ],
    "start_config": [
        [
            -4.249411424577861,
            -0.7603084167321257,
            1.0890294127839528,
            -1.9575356749830017,
            -1.8128794296376394,
            1.5467001971509256e-05
        ]
    ],
    "goal_config": [
        [
            -3.2314716604368,
            -2.4855341684231376,
            1.4020955331791325,
            -1.4119972082364134,
            -2.0289814749900454,
            3.6404450406256155e-05
        ]
    ],
    "base_poses": [
        [
            [
                0.4603160554650447,
                -0.20622158651744626,
                0.0
            ],
            [
                0.0,
                0.0,
                -0.8359007792748592,
                0.5488805764532784
            ]
        ]
    ],
    "difficulty": 0.0,
    "dynamic_speed": null,
    "ur5_count": 1,
    "id": "009841",
    "task_path": "/home/hqh2101/workspace-sharing-multiarm/src/data/8f14d7-hard-vlo-tasks/009841.json"
}