{
    "target_eff_poses": [
        [
            [
                -0.2859734296798706,
                -0.1537192165851593,
                0.3959696888923645
            ],
            [
                -0.27713626623153687,
                0.7205582857131958,
                0.6043938994407654,
                0.1967213749885559
            ]
        ]
    ],
    "start_goal_config": [
        null
    ],
    "start_config": [
        [
            -2.67954783010795,
            -2.236809147667293,
            2.192396802405734,
            -1.0609458158169778,
            -1.5319126210940022,
            -2.830652839129842e-07
        ]
    ],
    "goal_config": [
        [
            -1.426281014568612,
            -1.764301471275768,
            1.7940744375702213,
            -1.4073364862343012,
            -0.6818453182542471,
            -1.9335637323314522e-05
        ]
    ],
    "base_poses": [
        [
            [
                -0.0558490006137593,
                -0.529667643566563,
                0.0
            ],
            [
                0.0,
                0.0,
                0.9989415788328121,
                0.04599697902045979
            ]
        ]
    ],
    "difficulty": 0.0,
    "dynamic_speed": null
}