{
    "target_eff_poses": [
        [
            [
                0.8236013054847717,
                0.6040487885475159,
                0.41928261518478394
            ],
            [
                0.5842790007591248,
                0.4752689599990845,
                0.0779343694448471,
                0.6531949639320374
            ]
        ]
    ],
    "start_goal_config": [
        null
    ],
    "start_config": [
        [
            -3.013562439907633,
            -2.401629324657727,
            1.0672265862052228,
            -1.6028350861500917,
            -1.7149646620628891,
            9.373120384801897e-06
        ]
    ],
    "goal_config": [
        [
            -1.8515742234790147,
            -2.389851152815649,
            2.0749288237552683,
            -1.120921683266684,
            -0.5641257496278425,
            -2.1120905199374968e-05
        ]
    ],
    "base_poses": [
        [
            [
                0.5657020399061061,
                0.5488959266176159,
                0.0
            ],
            [
                -0.0,
                -0.0,
                0.5151619524082602,
                0.8570928554076911
            ]
        ]
    ],
    "difficulty": 0.0,
    "dynamic_speed": null,
    "ur5_count": 1,
    "id": "009830",
    "task_path": "/home/hqh2101/workspace-sharing-multiarm/src/data/8f14d7-hard-vlo-tasks/009830.json"
}