{
    "target_eff_poses": [
        [
            [
                -0.32344987988471985,
                0.03166733682155609,
                0.5945967435836792
            ],
            [
                -0.44664672017097473,
                0.02277997136116028,
                0.8829337358474731,
                -0.14288373291492462
            ]
        ],
        [
            [
                0.31994369626045227,
                -0.18621358275413513,
                0.3958738446235657
            ],
            [
                -0.6272488236427307,
                -0.41441935300827026,
                0.6583062410354614,
                0.03805870562791824
            ]
        ]
    ],
    "start_goal_config": [
        null,
        null
    ],
    "start_config": [
        [
            -1.6503329294549558,
            -1.4134603601275375,
            1.621373389424358,
            -1.5877745613694632,
            -1.022503061748465,
            -2.2153592654062808e-05
        ],
        [
            -2.77452050492554,
            -2.738383489388099,
            1.6993926623460127,
            -1.1793094839336353,
            -1.301624233990376,
            -1.858830602749039e-05
        ]
    ],
    "goal_config": [
        [
            -2.7479223743799013,
            -2.555405372251813,
            1.621999598598983,
            -1.2808559783612024,
            -1.3593878448243868,
            -1.8005341978161597e-05
        ],
        [
            -4.2338862537955295,
            -2.308359735707328,
            2.0300377968389705,
            -1.1617210020263073,
            -2.2123990146562633,
            1.970718489138455e-05
        ]
    ],
    "base_poses": [
        [
            [
                -0.3071797413469424,
                0.17070560257737988,
                0.0
            ],
            [
                0.0,
                0.0,
                -0.14162849694548002,
                0.9899198800170467
            ]
        ],
        [
            [
                0.4526045171536015,
                -0.07292468130108776,
                0.0
            ],
            [
                -0.0,
                -0.0,
                0.7237410722667674,
                0.690071634190357
            ]
        ]
    ],
    "difficulty": 0.3519232577823756,
    "dynamic_speed": null
}