{
    "target_eff_poses": [
        [
            [
                0.44749897718429565,
                0.8159828782081604,
                0.6951972842216492
            ],
            [
                0.05063321813941002,
                0.3146100342273712,
                -0.034508176147937775,
                0.9472412467002869
            ]
        ],
        [
            [
                0.13379625976085663,
                -0.2939428389072418,
                0.15294598042964935
            ],
            [
                0.48863351345062256,
                0.6199455857276917,
                0.11147130280733109,
                0.6037208437919617
            ]
        ],
        [
            [
                -0.4489624500274658,
                -0.4268839359283447,
                0.7152153253555298
            ],
            [
                -0.2118498980998993,
                0.29921895265579224,
                0.21348649263381958,
                0.905544638633728
            ]
        ]
    ],
    "start_goal_config": [
        null,
        null,
        null
    ],
    "start_config": [
        [
            -3.146331630087907,
            -1.4051615418643781,
            1.1809778855683355,
            -1.7849539172653521,
            -1.5360874927644992,
            2.295500886991621e-06
        ],
        [
            -3.651533432582191,
            -2.47413285588502,
            1.710387020610978,
            -1.2676324127383034,
            -2.1079492538187017,
            1.1725796111600541e-05
        ],
        [
            -3.7890996181748045,
            -2.3793002160301273,
            1.615698947089795,
            -1.34094826044206,
            -2.1303720327444404,
            2.819845938457729e-05
        ]
    ],
    "goal_config": [
        [
            -2.9046382011658003,
            -2.4735776240660297,
            1.3971222310505809,
            -1.4165078450879105,
            -1.4476302631516893,
            -6.876882301589718e-06
        ],
        [
            -1.2925526563876075,
            -0.9300127066872276,
            1.3795495799723427,
            -1.7715656268932276,
            -0.7207198683828876,
            -2.5634176785450674e-05
        ],
        [
            -3.6450079076686466,
            -2.228852797469043,
            1.3469162192040312,
            -1.5089022259868061,
            -1.9553521333736599,
            1.6282993887641394e-06
        ]
    ],
    "base_poses": [
        [
            [
                0.41092314860259793,
                0.6956813699740538,
                0.0
            ],
            [
                0.0,
                0.0,
                0.9766605401416442,
                0.2147887085724756
            ]
        ],
        [
            [
                -0.5624174115157665,
                -0.1608882240294094,
                0.0
            ],
            [
                -0.0,
                -0.0,
                0.39292602701123597,
                0.9195700828632722
            ]
        ],
        [
            [
                -0.49772984578271284,
                -0.5733712063476993,
                0.0
            ],
            [
                0.0,
                0.0,
                -0.780386300609059,
                0.6252977065540118
            ]
        ]
    ],
    "difficulty": 0.7140576579960559,
    "dynamic_speed": null,
    "ur5_count": 3,
    "id": "009905",
    "task_path": "/home/hqh2101/workspace-sharing-multiarm/src/data/8f14d7-hard-vlo-tasks/009905.json"
}