{
    "target_eff_poses": [
        [
            [
                -0.3838258981704712,
                0.37208887934684753,
                0.1367812603712082
            ],
            [
                -0.24414803087711334,
                0.6945217847824097,
                0.4520307183265686,
                0.5036860108375549
            ]
        ],
        [
            [
                -0.4741590917110443,
                -0.9445222616195679,
                0.09733622521162033
            ],
            [
                0.9084170460700989,
                -0.3650628924369812,
                -0.1619737297296524,
                0.12358053773641586
            ]
        ],
        [
            [
                0.43149465322494507,
                0.44178086519241333,
                0.4294416904449463
            ],
            [
                -0.23606403172016144,
                0.6431782245635986,
                0.2239210456609726,
                0.6931485533714294
            ]
        ],
        [
            [
                -0.13212142884731293,
                0.6022469401359558,
                0.5254395008087158
            ],
            [
                0.1714729517698288,
                0.5812596678733826,
                -0.3228662610054016,
                0.7269743084907532
            ]
        ]
    ],
    "start_goal_config": [
        null,
        null,
        null,
        null
    ],
    "start_config": [
        [
            -3.3388713166721895,
            -1.175210758385757,
            1.2097896063951004,
            -1.8224192901873602,
            -1.5761259706210407,
            4.295945716747578e-06
        ],
        [
            -3.469962998792585,
            -2.611013426482676,
            2.207999858885414,
            -0.8876291678262914,
            -2.0590117992720605,
            2.782420437465589e-17
        ],
        [
            -2.503403069527297,
            -3.0790963481620266,
            2.067643338226165,
            -0.7446887647177617,
            -0.9406645108393393,
            1.3454680503163078e-13
        ],
        [
            -3.021231899800827,
            -2.1113658303032072,
            2.0344954093036525,
            -1.2030072076674199,
            -1.631642519540336,
            6.088592841398579e-06
        ]
    ],
    "goal_config": [
        [
            -2.011525151136192,
            -0.8598433299872893,
            1.2434993008908093,
            -1.8704065075543832,
            -1.1774371820659746,
            -2.224702639884675e-05
        ],
        [
            -1.8163753996451864,
            -1.6722493302869286,
            2.5482395460704974,
            -1.2863156691805593,
            -0.5369544668053139,
            -1.8117170885892747e-05
        ],
        [
            -3.238284575984654,
            -1.713735538427006,
            1.602655782884485,
            -1.5209440182456806,
            -1.6100936430936437,
            1.1205062555338182e-05
        ],
        [
            -3.359646117348642,
            -2.0935022276161437,
            1.653251219341873,
            -1.399231453431192,
            -1.7018916816509821,
            1.720840566912684e-05
        ]
    ],
    "base_poses": [
        [
            [
                -0.5930193913344146,
                -0.3403594254524137,
                0.0
            ],
            [
                0.0,
                0.0,
                0.9995403046882317,
                0.030317969980802092
            ]
        ],
        [
            [
                -0.3547955959849407,
                -0.6824048860491869,
                0.0
            ],
            [
                0.0,
                0.0,
                -0.5036368962762507,
                0.8639154337718623
            ]
        ],
        [
            [
                0.15570982231950514,
                0.09372596172829828,
                0.0
            ],
            [
                0.0,
                0.0,
                0.9284916238068106,
                -0.37135334187346697
            ]
        ],
        [
            [
                -0.396083739091101,
                0.705774262505585,
                0.0
            ],
            [
                0.0,
                0.0,
                0.9705301251664099,
                0.2409798251814305
            ]
        ]
    ],
    "difficulty": 0.7931779740650253,
    "dynamic_speed": null,
    "ur5_count": 4,
    "id": "009943",
    "task_path": "/home/hqh2101/workspace-sharing-multiarm/src/data/8f14d7-hard-vlo-tasks/009943.json"
}