{
    "target_eff_poses": [
        [
            [
                -1.146410346031189,
                0.5655686855316162,
                0.46107664704322815
            ],
            [
                -0.6036302447319031,
                0.012695093639194965,
                0.7949787378311157,
                0.05897614359855652
            ]
        ],
        [
            [
                0.39449983835220337,
                0.08329367637634277,
                0.39235132932662964
            ],
            [
                -0.3050864040851593,
                0.6572134494781494,
                0.15319408476352692,
                0.6719555854797363
            ]
        ],
        [
            [
                -0.46846190094947815,
                0.1116451770067215,
                0.6221948266029358
            ],
            [
                -0.46004244685173035,
                -0.25510644912719727,
                0.7985480427742004,
                0.29257965087890625
            ]
        ],
        [
            [
                0.7252344489097595,
                0.4069043695926666,
                0.13917706906795502
            ],
            [
                0.038108088076114655,
                0.8534426093101501,
                -0.34671276807785034,
                0.3872643709182739
            ]
        ]
    ],
    "start_goal_config": [
        null,
        null,
        null,
        null
    ],
    "start_config": [
        [
            -3.885212841059382,
            -1.6368936728146382,
            1.5233050062482019,
            -1.5751549826505022,
            -1.7798287546330542,
            1.817817792305368e-05
        ],
        [
            -3.0256469625469258,
            -2.838716134669204,
            1.9486524677201233,
            -0.986234424623979,
            -1.870062608558229,
            1.6627072602120906e-17
        ],
        [
            -3.4292077777211234,
            -1.8723678721908275,
            2.3075771522601496,
            -1.1390923991601856,
            -1.793872672044526,
            9.223783716072282e-10
        ],
        [
            -2.452959641441242,
            -3.0924154591709923,
            0.9931735948140965,
            -1.359852986859156,
            -2.6227599415752842,
            6.9424130495938955e-06
        ]
    ],
    "goal_config": [
        [
            -3.434676367949013,
            -1.439027717340135,
            1.3114177438369166,
            -1.7175526364552465,
            -1.6238209472510403,
            8.50082656485323e-06
        ],
        [
            -3.8263953913324236,
            -1.7216576981455474,
            1.6841068631640366,
            -1.4832100732539246,
            -1.7812545825612964,
            1.9719216459603728e-07
        ],
        [
            -5.028851803989624,
            -1.5918383319555576,
            1.2214825025555387,
            -1.6633355333396953,
            -2.4283206205427943,
            3.346702469859388e-05
        ],
        [
            -4.973056943834159,
            -1.1325082706822625,
            1.6733049848426216,
            -1.6339947274015165,
            -2.2563689111249383,
            2.4990759089075444e-05
        ]
    ],
    "base_poses": [
        [
            [
                -0.5680999546585179,
                0.6131466205407363,
                0.0
            ],
            [
                -0.0,
                -0.0,
                0.09884541764918839,
                0.9951028004230305
            ]
        ],
        [
            [
                0.11552147760107867,
                -0.2363582345505082,
                0.0
            ],
            [
                0.0,
                0.0,
                -0.7827138528381676,
                0.6223817354126254
            ]
        ],
        [
            [
                0.003490840632314529,
                0.19642800243163383,
                0.0
            ],
            [
                -0.0,
                -0.0,
                0.8527343763788142,
                0.5223447935433406
            ]
        ],
        [
            [
                0.31027061171900727,
                0.7756008067223445,
                0.0
            ],
            [
                0.0,
                0.0,
                -0.8636505596294567,
                0.5040909747770989
            ]
        ]
    ],
    "difficulty": 0.9731966519326625,
    "dynamic_speed": null
}