{
    "target_eff_poses": [
        [
            [
                -0.6267902851104736,
                0.1331019252538681,
                0.35643574595451355
            ],
            [
                -0.3924669623374939,
                0.6283581256866455,
                0.4229787290096283,
                0.5217518210411072
            ]
        ],
        [
            [
                -0.025708172470331192,
                -0.03930022567510605,
                0.46992191672325134
            ],
            [
                -0.6042940020561218,
                -0.2718249559402466,
                0.7485336661338806,
                0.025244835764169693
            ]
        ],
        [
            [
                -0.5320246815681458,
                -0.2749750018119812,
                0.2617000341415405
            ],
            [
                0.8190481662750244,
                -0.2090277373790741,
                -0.4509669244289398,
                -0.28652453422546387
            ]
        ],
        [
            [
                -0.12994304299354553,
                0.006030311342328787,
                0.24239158630371094
            ],
            [
                0.9047647714614868,
                0.09736272692680359,
                -0.24314668774604797,
                0.33585846424102783
            ]
        ]
    ],
    "start_goal_config": [
        null,
        null,
        null,
        null
    ],
    "start_config": [
        [
            -4.967542878775318,
            -1.764113280165774,
            1.2580291646137935,
            -1.6091182453022779,
            -2.541334614585224,
            3.501609973072819e-05
        ],
        [
            -2.9379274275705356,
            -2.667338083461878,
            1.7740514877049,
            -1.1640544895375142,
            -1.652054102583189,
            -2.301748371517583e-07
        ],
        [
            -2.007563297553593,
            -1.2049395309026827,
            1.3138497396759905,
            -1.7638245545319915,
            -1.1939754623976382,
            9.208000092868949e-06
        ],
        [
            -3.0263241048578635,
            -2.513380747318262,
            1.6391702124559537,
            -1.28569119539834,
            -1.6649491739557467,
            7.832573058283292e-06
        ]
    ],
    "goal_config": [
        [
            -2.667981481241922,
            -1.6079888004194602,
            1.6584318020732034,
            -1.523353196766306,
            -1.4478773370526636,
            -1.7766347450303907e-06
        ],
        [
            -3.919572463034834,
            -2.309217978425593,
            1.8588372191606428,
            -1.2425877642191339,
            -2.0272180341488286,
            2.4442644741777e-05
        ],
        [
            -4.084077793703456,
            -1.6991352903311678,
            1.9483521771008896,
            -1.3765579300025483,
            -1.8869368103617714,
            -7.2148566422362885e-06
        ],
        [
            -1.809097153596355,
            -2.2575974759322412,
            2.3792661839093268,
            -0.9767645520554737,
            -0.7338102600698007,
            2.059460256614775e-05
        ]
    ],
    "base_poses": [
        [
            [
                -0.6573120238921177,
                -0.34024245648732754,
                0.0
            ],
            [
                0.0,
                0.0,
                0.9275631513939491,
                -0.373666429019421
            ]
        ],
        [
            [
                0.11675702790505493,
                0.07513799527610421,
                0.0
            ],
            [
                -0.0,
                -0.0,
                0.5509460946598885,
                0.8345408323018216
            ]
        ],
        [
            [
                -0.2365062943993479,
                -0.48878205461601176,
                0.0
            ],
            [
                -0.0,
                -0.0,
                0.06325351223367744,
                0.997997491575056
            ]
        ],
        [
            [
                -0.24190803924679227,
                0.22460584601386557,
                0.0
            ],
            [
                0.0,
                0.0,
                -0.14009065913648702,
                0.9901386808032018
            ]
        ]
    ],
    "difficulty": 0.8121007140172868,
    "dynamic_speed": null,
    "ur5_count": 4,
    "id": "009938",
    "task_path": "/home/hqh2101/workspace-sharing-multiarm/src/data/8f14d7-hard-vlo-tasks/009938.json"
}