{
    "target_eff_poses": [
        [
            [
                -0.917481541633606,
                0.6914770007133484,
                0.5527006983757019
            ],
            [
                -0.5990159511566162,
                0.0490967221558094,
                0.5425143241882324,
                0.5868966579437256
            ]
        ],
        [
            [
                0.6492099165916443,
                0.7582873702049255,
                0.34229767322540283
            ],
            [
                0.12176868319511414,
                0.713590681552887,
                -0.1440867781639099,
                0.6746849417686462
            ]
        ]
    ],
    "start_goal_config": [
        null,
        null
    ],
    "start_config": [
        [
            -3.7946819265386766,
            -1.23289045803719,
            1.7875488938699164,
            -1.567212041990309,
            -1.7423163143285507,
            1.6305111905892803e-05
        ],
        [
            -4.422577659988299,
            -1.2179709702102774,
            1.5009011539406796,
            -1.6843234937926974,
            -1.9229208866253202,
            3.0961146611244647e-05
        ]
    ],
    "goal_config": [
        [
            -4.371586315622643,
            -2.233132237541498,
            1.7154181647275655,
            -1.3342927499898753,
            -2.3136979568878915,
            3.0166657455472756e-05
        ],
        [
            -2.7269888862563283,
            -2.81797378642396,
            2.1193612297015525,
            -0.8240859666185074,
            -1.61218299290768,
            -2.1554087256224544e-06
        ]
    ],
    "base_poses": [
        [
            [
                -0.7793220653451455,
                0.5494633794604846,
                0.0
            ],
            [
                -0.0,
                -0.0,
                0.16107628698356138,
                0.9869419586640288
            ]
        ],
        [
            [
                0.6240426012483717,
                0.6566060032466792,
                0.0
            ],
            [
                0.0,
                0.0,
                0.9222210403215244,
                0.3866630998534581
            ]
        ]
    ],
    "difficulty": 0.042415122731120095
}