{
    "target_eff_poses": [
        [
            [
                0.23895922303199768,
                0.5273978114128113,
                0.2514382004737854
            ],
            [
                0.3717167377471924,
                0.6770098805427551,
                0.22885844111442566,
                0.5925437808036804
            ]
        ],
        [
            [
                -0.13051675260066986,
                0.2833694517612457,
                0.5426501631736755
            ],
            [
                0.3286439776420593,
                0.4094100594520569,
                -0.3899386525154114,
                0.7565212845802307
            ]
        ]
    ],
    "start_goal_config": [
        null,
        null
    ],
    "start_config": [
        [
            -3.0098391158302125,
            -2.5871888109726497,
            1.282061612953325,
            -1.4407279455378732,
            -1.2531125265991674,
            2.5254573767981165e-05
        ],
        [
            -4.483403742019326,
            -1.5172592202386705,
            2.2391883661806933,
            -1.3383391722447249,
            -2.135665577366049,
            1.5706330108213458e-05
        ]
    ],
    "goal_config": [
        [
            -1.26877740685258,
            -1.1304812097213681,
            1.446024144615947,
            -1.6920653238151522,
            -0.7001015981123209,
            -2.9653461586750297e-05
        ],
        [
            -2.5520749717358653,
            -1.4504941245890743,
            1.1849579393734249,
            -1.7706275205670228,
            -1.3703131954572731,
            -6.294788002471102e-06
        ]
    ],
    "base_poses": [
        [
            [
                -0.41392620521340523,
                0.40467289637026194,
                0.0
            ],
            [
                -0.0,
                -0.0,
                0.5376181687593826,
                0.8431884158477321
            ]
        ],
        [
            [
                -0.486041814842031,
                0.750463597405925,
                0.0
            ],
            [
                -0.0,
                -0.0,
                0.6441209540128244,
                0.7649236540999428
            ]
        ]
    ],
    "difficulty": 0.6980156117746638,
    "dynamic_speed": null
}