{
    "target_eff_poses": [
        [
            [
                -0.44700169563293457,
                -0.38730108737945557,
                0.7454831004142761
            ],
            [
                -0.11538202315568924,
                0.14458690583705902,
                0.8390482068061829,
                0.5116441249847412
            ]
        ],
        [
            [
                0.18191121518611908,
                0.43664780259132385,
                0.3042924404144287
            ],
            [
                0.13263843953609467,
                0.5805352926254272,
                -0.22576743364334106,
                0.7709830403327942
            ]
        ],
        [
            [
                0.9085772037506104,
                0.1291351318359375,
                0.3429040312767029
            ],
            [
                -0.4254586398601532,
                0.670154869556427,
                0.04655565693974495,
                0.6063910722732544
            ]
        ]
    ],
    "start_goal_config": [
        null,
        null,
        null
    ],
    "start_config": [
        [
            -3.7128996334809723,
            -1.402706472491954,
            1.7071586430586838,
            -1.554562502173624,
            -1.7211480799788985,
            1.6702057547346903e-05
        ],
        [
            -2.922333772786216,
            -2.791541924794206,
            1.642942979711167,
            -1.1900839907533416,
            -1.636731675441548,
            3.9684348202079615e-06
        ],
        [
            -3.3355158338428255,
            -1.4663518245675422,
            1.9121746015054992,
            -1.4524190045226937,
            -1.6417460163638051,
            1.3399791538416448e-05
        ]
    ],
    "goal_config": [
        [
            -3.011753112747182,
            -2.5584994985494403,
            1.2527940272531832,
            -1.4637699399206743,
            -1.2210550477322981,
            -2.5246373175188533e-05
        ],
        [
            -3.631620764196622,
            -0.9464564996884405,
            1.0308247088861313,
            -1.9501961909514118,
            -1.6310441602558714,
            5.974236103345282e-06
        ],
        [
            -4.46975961594068,
            -1.8557471206310563,
            1.9033784701273775,
            -1.3551415364141777,
            -2.0598292605393085,
            2.1191055946903886e-05
        ]
    ],
    "base_poses": [
        [
            [
                -0.3075566060175705,
                -0.2650058646791046,
                0.0
            ],
            [
                0.0,
                0.0,
                -0.7085070645060337,
                0.7057037193787794
            ]
        ],
        [
            [
                -0.5376068125092164,
                0.7225634675061368,
                0.0
            ],
            [
                0.0,
                0.0,
                0.9999526992923322,
                0.009726210874671666
            ]
        ],
        [
            [
                0.6700564372665194,
                -0.10935628115119622,
                0.0
            ],
            [
                0.0,
                0.0,
                -0.5526658790348734,
                0.8334029194516963
            ]
        ]
    ],
    "difficulty": 0.4217546496336652,
    "dynamic_speed": null
}