{
    "target_eff_poses": [
        [
            [
                0.12818653881549835,
                -0.017877662554383278,
                0.3051530420780182
            ],
            [
                0.7289813756942749,
                -0.4206545948982239,
                -0.23044726252555847,
                -0.4883952736854553
            ]
        ],
        [
            [
                -0.5817456841468811,
                -0.17879293859004974,
                0.5592057108879089
            ],
            [
                0.009819933213293552,
                0.5559001564979553,
                -0.16764596104621887,
                0.8141089677810669
            ]
        ],
        [
            [
                -0.4253253638744354,
                0.43688976764678955,
                0.37207740545272827
            ],
            [
                -0.6614728569984436,
                0.253655344247818,
                0.19756612181663513,
                0.6775546073913574
            ]
        ],
        [
            [
                0.011726492084562778,
                0.7171159982681274,
                0.7830635905265808
            ],
            [
                -0.24960727989673615,
                0.1415894627571106,
                0.8518506288528442,
                0.43817704916000366
            ]
        ]
    ],
    "start_goal_config": [
        null,
        null,
        null,
        null
    ],
    "start_config": [
        [
            -4.434432635094314,
            -1.3994234363128288,
            1.282198730611225,
            -1.7316586692650606,
            -1.9338712635939945,
            -1.2012551800339914e-05
        ],
        [
            -4.792744344886755,
            -0.7666433242799909,
            1.1816948196138983,
            -1.9047826055027128,
            -2.0688180375278,
            3.0139156069415425e-05
        ],
        [
            -2.5486017551204165,
            -2.5410820508171073,
            1.8643559023649934,
            -1.16039790384328,
            -1.3362726721048956,
            -1.3004222032686196e-17
        ],
        [
            -2.7761716495737683,
            -2.563624552387512,
            1.0555616711220825,
            -1.5616679996913247,
            -1.9402485959078573,
            -2.30877842108307e-06
        ]
    ],
    "goal_config": [
        [
            -4.138373119525261,
            -2.2709669319332657,
            2.2007485549073293,
            -1.0707268626252084,
            -2.1773467522379737,
            1.3296004035232085e-05
        ],
        [
            -3.36906822883484,
            -2.2608530275911516,
            1.6522934056792222,
            -1.3539289471611677,
            -1.7562269847666423,
            1.7375794385612096e-05
        ],
        [
            -3.573653549749166,
            -2.905261110585752,
            2.172347030443345,
            -0.8341062230156907,
            -2.491695863616552,
            1.6046158351575983e-06
        ],
        [
            -3.0224594060409666,
            -2.044751628060513,
            1.1412763965872128,
            -1.6559931887317876,
            -1.5298968517757514,
            1.7763109420854806e-06
        ]
    ],
    "base_poses": [
        [
            [
                0.150015265933108,
                -0.1791878554702,
                0.0
            ],
            [
                0.0,
                0.0,
                -0.32238773017863276,
                0.9466077072527295
            ]
        ],
        [
            [
                -0.7833876491766735,
                -0.2208469885409482,
                0.0
            ],
            [
                0.0,
                0.0,
                0.9999943147922855,
                -0.003371999867645258
            ]
        ],
        [
            [
                -0.41744486569288136,
                0.4636346036402448,
                0.0
            ],
            [
                0.0,
                0.0,
                -0.5733550429996188,
                0.8193070210042784
            ]
        ],
        [
            [
                0.22215351572285824,
                0.6046994567467843,
                0.0
            ],
            [
                0.0,
                0.0,
                -0.5270312252940957,
                0.8498459198966622
            ]
        ]
    ],
    "difficulty": 0.750117558544155,
    "dynamic_speed": null,
    "ur5_count": 4,
    "id": "009990",
    "task_path": "/home/hqh2101/workspace-sharing-multiarm/src/data/8f14d7-hard-vlo-tasks/009990.json"
}