{
    "target_eff_poses": [
        [
            [
                -0.1916763335466385,
                1.0308231115341187,
                0.40738436579704285
            ],
            [
                -0.4487619996070862,
                0.5752905607223511,
                0.6547772288322449,
                0.19728198647499084
            ]
        ]
    ],
    "start_goal_config": [
        null
    ],
    "start_config": [
        [
            -3.0402216604073633,
            -2.808460215916617,
            1.711814160732403,
            -1.1537498721854713,
            -2.0761360554842225,
            2.250580274013104e-05
        ]
    ],
    "goal_config": [
        [
            -1.6215029168301716,
            -1.707440359795006,
            1.683937447952159,
            -1.482540051533472,
            -0.955111833282342,
            -2.4651578124130435e-05
        ]
    ],
    "base_poses": [
        [
            [
                0.1325593915448623,
                0.7040911142025073,
                0.0
            ],
            [
                0.0,
                0.0,
                0.9779781830694256,
                -0.20870714755423458
            ]
        ]
    ],
    "difficulty": 0.0
}