{
    "target_eff_poses": [
        [
            [
                -0.9266863465309143,
                0.1268635243177414,
                0.23466157913208008
            ],
            [
                0.7285330295562744,
                0.21919603645801544,
                -0.553702175617218,
                0.33853623270988464
            ]
        ],
        [
            [
                0.5654372572898865,
                0.2122456580400467,
                0.5786089897155762
            ],
            [
                -0.3848988711833954,
                0.46136176586151123,
                -0.17447958886623383,
                0.7800993919372559
            ]
        ],
        [
            [
                -0.0010684601729735732,
                0.3683873116970062,
                0.5038097500801086
            ],
            [
                -0.2677175998687744,
                -0.22234785556793213,
                0.8445992469787598,
                -0.406867116689682
            ]
        ]
    ],
    "start_goal_config": [
        null,
        null,
        null
    ],
    "start_config": [
        [
            -3.5736011708511737,
            -2.071940434471916,
            1.3952451907457022,
            -1.52647956530966,
            -1.7773228312694296,
            2.096343688564942e-05
        ],
        [
            -4.2714360846475,
            -2.242658737878665,
            1.9132203158882892,
            -1.2398975939688432,
            -2.167783207830261,
            2.268558824887988e-05
        ],
        [
            -2.8589588906355914,
            -3.227199887798387,
            1.7952715077119275,
            -0.8623657032782868,
            -1.091041128837851,
            9.252531978171721e-07
        ]
    ],
    "goal_config": [
        [
            -2.3271926873104563,
            -1.1958986340520912,
            1.4824973368762169,
            -1.6991162837805118,
            -1.3142929318591534,
            -1.280295648040793e-05
        ],
        [
            -4.627357985843132,
            -2.127731582936876,
            1.655337386251512,
            -1.3800857516225156,
            -2.486132182804422,
            2.96979163969166e-05
        ],
        [
            -2.8450519262937553,
            -3.0447135677664092,
            1.6777611734503617,
            -1.0637441658923454,
            -1.814955165784001,
            -3.338021053952979e-08
        ]
    ],
    "base_poses": [
        [
            [
                -0.6289098520809446,
                0.6729296988648392,
                0.0
            ],
            [
                -0.0,
                -0.0,
                0.01330392317339068,
                0.9999114988978757
            ]
        ],
        [
            [
                0.35696791183259324,
                0.09811625809845403,
                0.0
            ],
            [
                0.0,
                0.0,
                -0.5565942866588263,
                0.8307844486139303
            ]
        ],
        [
            [
                -0.14919416053917112,
                0.2313119427181347,
                0.0
            ],
            [
                -0.0,
                -0.0,
                0.41025394001260373,
                0.9119713288827314
            ]
        ]
    ],
    "difficulty": 0.8661713533339603,
    "dynamic_speed": null
}