{
    "target_eff_poses": [
        [
            [
                -0.32129523158073425,
                0.04645921289920807,
                0.18667982518672943
            ],
            [
                0.5132021903991699,
                0.8094250559806824,
                -0.285378098487854,
                0.003715804312378168
            ]
        ],
        [
            [
                0.38024404644966125,
                0.14150309562683105,
                0.6089355945587158
            ],
            [
                -0.15959754586219788,
                0.2982079088687897,
                0.22342900931835175,
                0.9141554236412048
            ]
        ]
    ],
    "start_goal_config": [
        null,
        null
    ],
    "start_config": [
        [
            -3.0122456126751365,
            -2.782430529666259,
            2.053493752010841,
            -0.9237026273765615,
            -1.82533519851194,
            6.644006606071377e-06
        ],
        [
            -5.268524800663853,
            -1.3602930934286173,
            1.580364433308025,
            -1.5414222634086363,
            -2.611421386588655,
            2.8531935209190737e-05
        ]
    ],
    "goal_config": [
        [
            -4.446619542056938,
            -2.067928594328362,
            2.4823473901845015,
            -0.9932603818158031,
            -2.563493545768676,
            1.264004296666893e-05
        ],
        [
            -2.95210340937144,
            -2.7518168682624236,
            1.5528883411231449,
            -1.2525949647060692,
            -1.8224824236665658,
            -3.3233270996099753e-06
        ]
    ],
    "base_poses": [
        [
            [
                -0.24356041918335902,
                0.17319407347421,
                0.0
            ],
            [
                0.0,
                0.0,
                0.9175575976672637,
                0.3976028860094953
            ]
        ],
        [
            [
                0.5009214359292804,
                0.14660817375648905,
                0.0
            ],
            [
                0.0,
                0.0,
                0.9635548698701154,
                -0.2675107712776907
            ]
        ]
    ],
    "difficulty": 0.3888836640647042,
    "dynamic_speed": null,
    "ur5_count": 2,
    "id": "009999",
    "task_path": "/home/hqh2101/workspace-sharing-multiarm/src/data/8f14d7-hard-vlo-tasks/009999.json"
}