{
    "target_eff_poses": [
        [
            [
                1.0979886054992676,
                0.5176020264625549,
                0.562351405620575
            ],
            [
                0.12405020743608475,
                0.5487024784088135,
                -0.17777815461158752,
                0.8074231147766113
            ]
        ]
    ],
    "start_goal_config": [
        null
    ],
    "start_config": [
        [
            -2.5335334459259067,
            -2.897204902681937,
            1.0924554867724858,
            -1.4270975402962285,
            -2.2102768126199215,
            4.109895562087567e-05
        ]
    ],
    "goal_config": [
        [
            -3.073941616412829,
            -1.8584320173833957,
            1.4609699268553604,
            -1.5491948560948827,
            -1.5651797361447792,
            7.299602945839707e-06
        ]
    ],
    "base_poses": [
        [
            [
                0.7101570515541551,
                0.5783442123833409,
                0.0
            ],
            [
                0.0,
                0.0,
                0.968077399929378,
                0.2506514467262756
            ]
        ]
    ],
    "difficulty": 0.0,
    "dynamic_speed": null
}